bibkey,paper,task,subject,choice,r,city,age,gender,country,latitude,longitude
Dannenberg2022,Dannenberg et al. 2021,IG,1,531,0.6684048537613277,Kakukuru,23,0,Uganda,0.133333,30.783333
Dannenberg2022,Dannenberg et al. 2021,IG,2,291,-0.9486017445192553,Kakukuru,46,0,Uganda,0.133333,30.783333
Dannenberg2022,Dannenberg et al. 2021,IG,3,701,0.7921412972157489,Kakukuru,45,0,Uganda,0.133333,30.783333
Dannenberg2022,Dannenberg et al. 2021,IG,4,921,0.8859330679654125,Kakukuru,27,0,Uganda,0.133333,30.783333
Dannenberg2022,Dannenberg et al. 2021,IG,5,523,0.6594668252251775,Kakukuru,35,0,Uganda,0.133333,30.783333
Dannenberg2022,Dannenberg et al. 2021,IG,6,573,0.70886692429865,Kakukuru,22,0,Uganda,0.133333,30.783333
Dannenberg2022,Dannenberg et al. 2021,IG,7,267,-3.570410725661412,Kakukuru,47,0,Uganda,0.133333,30.783333
Dannenberg2022,Dannenberg et al. 2021,IG,8,499,0.6295810724205416,Kakukuru,39,0,Uganda,0.133333,30.783333
Dannenberg2022,Dannenberg et al. 2021,IG,9,448,0.5443482584707611,Kakukuru,23,0,Uganda,0.133333,30.783333
Dannenberg2022,Dannenberg et al. 2021,IG,10,505,0.6375286857174662,Kakukuru,32,0,Uganda,0.133333,30.783333
Dannenberg2022,Dannenberg et al. 2021,IG,11,0,-1,Kakukuru,22,0,Uganda,0.133333,30.783333
Dannenberg2022,Dannenberg et al. 2021,IG,12,520,0.6559933913090233,Kakukuru,24,0,Uganda,0.133333,30.783333
Dannenberg2022,Dannenberg et al. 2021,IG,13,0,-1,Kakukuru,19,0,Uganda,0.133333,30.783333
Dannenberg2022,Dannenberg et al. 2021,IG,14,419,0.47460404548901663,Kakukuru,31,0,Uganda,0.133333,30.783333
Dannenberg2022,Dannenberg et al. 2021,IG,15,175,1.8970762239924184,Kakukuru,30,0,Uganda,0.133333,30.783333
Dannenberg2022,Dannenberg et al. 2021,IG,16,641,0.7584100389519104,Kakukuru,20,0,Uganda,0.133333,30.783333
Dannenberg2022,Dannenberg et al. 2021,IG,17,300,-0.6133777550366369,Kakukuru,26,0,Uganda,0.133333,30.783333
Dannenberg2022,Dannenberg et al. 2021,IG,18,424,0.48820295728743957,Kakukuru,31,0,Uganda,0.133333,30.783333
Dannenberg2022,Dannenberg et al. 2021,IG,1,190,2.153863251019549,Kakukuru,47,0,Uganda,0.133333,30.783333
Dannenberg2022,Dannenberg et al. 2021,IG,2,306,-0.44951107213732716,Kakukuru,44,0,Uganda,0.133333,30.783333
Dannenberg2022,Dannenberg et al. 2021,IG,3,811,0.8413135221912843,Kakukuru,46,0,Uganda,0.133333,30.783333
Dannenberg2022,Dannenberg et al. 2021,IG,4,736,0.809093466561298,Kakukuru,48,0,Uganda,0.133333,30.783333
Dannenberg2022,Dannenberg et al. 2021,IG,5,442,0.5315592157916448,Kakukuru,40,0,Uganda,0.133333,30.783333
Dannenberg2022,Dannenberg et al. 2021,IG,6,413,0.45723416631795205,Kakukuru,39,0,Uganda,0.133333,30.783333
Dannenberg2022,Dannenberg et al. 2021,IG,7,534,0.6716409765438955,Kakukuru,43,0,Uganda,0.133333,30.783333
Dannenberg2022,Dannenberg et al. 2021,IG,8,460,0.5678586501890672,Kakukuru,45,0,Uganda,0.133333,30.783333
Dannenberg2022,Dannenberg et al. 2021,IG,9,500,0.6309297535714572,Kakukuru,30,0,Uganda,0.133333,30.783333
Dannenberg2022,Dannenberg et al. 2021,IG,10,678,0.7800220586744693,Kakukuru,40,0,Uganda,0.133333,30.783333
Dannenberg2022,Dannenberg et al. 2021,IG,11,160,1.724541939040067,Kakukuru,53,0,Uganda,0.133333,30.783333
Dannenberg2022,Dannenberg et al. 2021,IG,12,14,1.1284749087954176,Kakukuru,42,0,Uganda,0.133333,30.783333
Dannenberg2022,Dannenberg et al. 2021,IG,13,166,1.7863438769118625,Kakukuru,58,0,Uganda,0.133333,30.783333
Dannenberg2022,Dannenberg et al. 2021,IG,14,757,0.8185768713293182,Kakukuru,51,0,Uganda,0.133333,30.783333
Dannenberg2022,Dannenberg et al. 2021,IG,15,487,0.6125884878572734,Kakukuru,53,0,Uganda,0.133333,30.783333
Dannenberg2022,Dannenberg et al. 2021,IG,16,502,0.6335978764858422,Kakukuru,44,0,Uganda,0.133333,30.783333
Dannenberg2022,Dannenberg et al. 2021,IG,17,386,0.3609235002200375,Kakukuru,32,0,Uganda,0.133333,30.783333
Dannenberg2022,Dannenberg et al. 2021,IG,18,517,0.65245009075381,Kakukuru,24,0,Uganda,0.133333,30.783333
Dannenberg2022,Dannenberg et al. 2021,IG,1,808,0.8400960405161884,Namasabo,23,0,Tanzania,-2.10875,33.04086
Dannenberg2022,Dannenberg et al. 2021,IG,2,600,0.7304227103091845,Namasabo,25,0,Tanzania,-2.10875,33.04086
Dannenberg2022,Dannenberg et al. 2021,IG,3,600,0.7304227103091845,Namasabo,23,0,Tanzania,-2.10875,33.04086
Dannenberg2022,Dannenberg et al. 2021,IG,4,460,0.5678586501890672,Namasabo,24,0,Tanzania,-2.10875,33.04086
Dannenberg2022,Dannenberg et al. 2021,IG,5,817,0.8437372663572877,Namasabo,46,0,Tanzania,-2.10875,33.04086
Dannenberg2022,Dannenberg et al. 2021,IG,6,151,1.6454733675043571,Namasabo,28,0,Tanzania,-2.10875,33.04086
Dannenberg2022,Dannenberg et al. 2021,IG,7,691,0.7869797205428049,Namasabo,35,0,Tanzania,-2.10875,33.04086
Dannenberg2022,Dannenberg et al. 2021,IG,8,523,0.6594668252251775,Namasabo,40,0,Tanzania,-2.10875,33.04086
Dannenberg2022,Dannenberg et al. 2021,IG,9,708,0.7956636693537685,Namasabo,57,0,Tanzania,-2.10875,33.04086
Dannenberg2022,Dannenberg et al. 2021,IG,10,680,0.7811117521099317,Namasabo,28,0,Tanzania,-2.10875,33.04086
Dannenberg2022,Dannenberg et al. 2021,IG,11,564,0.7009897912154858,Namasabo,27,0,Tanzania,-2.10875,33.04086
Dannenberg2022,Dannenberg et al. 2021,IG,12,543,0.6809969185353287,Namasabo,22,0,Tanzania,-2.10875,33.04086
Dannenberg2022,Dannenberg et al. 2021,IG,13,534,0.6716409765438955,Namasabo,30,0,Tanzania,-2.10875,33.04086
Dannenberg2022,Dannenberg et al. 2021,IG,14,558,0.6955193583326248,Namasabo,21,0,Tanzania,-2.10875,33.04086
Dannenberg2022,Dannenberg et al. 2021,IG,15,674,0.7778206444241031,Namasabo,18,0,Tanzania,-2.10875,33.04086
Dannenberg2022,Dannenberg et al. 2021,IG,16,731,0.8067662719495438,Namasabo,35,0,Tanzania,-2.10875,33.04086
Dannenberg2022,Dannenberg et al. 2021,IG,17,783,0.8297686624405235,Namasabo,40,0,Tanzania,-2.10875,33.04086
Dannenberg2022,Dannenberg et al. 2021,IG,18,876,0.8672215570814564,Namasabo,28,0,Tanzania,-2.10875,33.04086
Dannenberg2022,Dannenberg et al. 2021,IG,1,502,0.6335978764858422,Bugula,40,0,Tanzania,-2.01209,32.87846
Dannenberg2022,Dannenberg et al. 2021,IG,2,124,1.4734130200038116,Bugula,40,0,Tanzania,-2.01209,32.87846
Dannenberg2022,Dannenberg et al. 2021,IG,3,436,0.5179921862865265,Bugula,50,0,Tanzania,-2.01209,32.87846
Dannenberg2022,Dannenberg et al. 2021,IG,4,365,0.25586981932644887,Bugula,44,0,Tanzania,-2.01209,32.87846
Dannenberg2022,Dannenberg et al. 2021,IG,5,757,0.8185768713293182,Bugula,28,0,Tanzania,-2.01209,32.87846
Dannenberg2022,Dannenberg et al. 2021,IG,6,1000,1,Bugula,47,0,Tanzania,-2.01209,32.87846
Dannenberg2022,Dannenberg et al. 2021,IG,7,811,0.8413135221912843,Bugula,23,0,Tanzania,-2.01209,32.87846
Dannenberg2022,Dannenberg et al. 2021,IG,8,300,-0.6133777550366369,Bugula,22,0,Tanzania,-2.01209,32.87846
Dannenberg2022,Dannenberg et al. 2021,IG,9,3,1.0861312484555754,Bugula,24,0,Tanzania,-2.01209,32.87846
Dannenberg2022,Dannenberg et al. 2021,IG,10,439,0.5248775708575135,Bugula,51,0,Tanzania,-2.01209,32.87846
Dannenberg2022,Dannenberg et al. 2021,IG,11,573,0.70886692429865,Bugula,24,0,Tanzania,-2.01209,32.87846
Dannenberg2022,Dannenberg et al. 2021,IG,12,579,0.7139135843098277,Bugula,31,0,Tanzania,-2.01209,32.87846
Dannenberg2022,Dannenberg et al. 2021,IG,13,846,0.8553036399629401,Bugula,49,0,Tanzania,-2.01209,32.87846
Dannenberg2022,Dannenberg et al. 2021,IG,14,375,0.31018321387797254,Bugula,60,0,Tanzania,-2.01209,32.87846
Dannenberg2022,Dannenberg et al. 2021,IG,15,647,0.7621194709696532,Bugula,30,0,Tanzania,-2.01209,32.87846
Dannenberg2022,Dannenberg et al. 2021,IG,16,264,-4.52922499565961,Bugula,43,0,Tanzania,-2.01209,32.87846
Dannenberg2022,Dannenberg et al. 2021,IG,17,496,0.6254751214308442,Bugula,27,0,Tanzania,-2.01209,32.87846
Dannenberg2022,Dannenberg et al. 2021,IG,18,523,0.6594668252251775,Bugula,25,0,Tanzania,-2.01209,32.87846
Dannenberg2022,Dannenberg et al. 2021,IG,1,994,0.9346928841485959,Bugula,29,0,Tanzania,-2.01209,32.87846
Dannenberg2022,Dannenberg et al. 2021,IG,2,178,1.9400028408332086,Bugula,44,0,Tanzania,-2.01209,32.87846
Dannenberg2022,Dannenberg et al. 2021,IG,3,754,0.8172488302502837,Bugula,45,0,Tanzania,-2.01209,32.87846
Dannenberg2022,Dannenberg et al. 2021,IG,4,529,0.6662131555611215,Bugula,50,0,Tanzania,-2.01209,32.87846
Dannenberg2022,Dannenberg et al. 2021,IG,5,520,0.6559933913090233,Bugula,27,0,Tanzania,-2.01209,32.87846
Dannenberg2022,Dannenberg et al. 2021,IG,6,689,0.7859281282028625,Bugula,52,0,Tanzania,-2.01209,32.87846
Dannenberg2022,Dannenberg et al. 2021,IG,7,835,0.8509373457606249,Bugula,25,0,Tanzania,-2.01209,32.87846
Dannenberg2022,Dannenberg et al. 2021,IG,8,496,0.6254751214308442,Bugula,25,0,Tanzania,-2.01209,32.87846
Dannenberg2022,Dannenberg et al. 2021,IG,9,713,0.7981366185267532,Bugula,24,0,Tanzania,-2.01209,32.87846
Dannenberg2022,Dannenberg et al. 2021,IG,10,0,-1,Bugula,24,0,Tanzania,-2.01209,32.87846
Dannenberg2022,Dannenberg et al. 2021,IG,11,460,0.5678586501890672,Bugula,19,0,Tanzania,-2.01209,32.87846
Dannenberg2022,Dannenberg et al. 2021,IG,12,618,0.7433245512949737,Bugula,28,0,Tanzania,-2.01209,32.87846
Dannenberg2022,Dannenberg et al. 2021,IG,13,478,0.5987700478801405,Bugula,50,0,Tanzania,-2.01209,32.87846
Dannenberg2022,Dannenberg et al. 2021,IG,14,460,0.5678586501890672,Bugula,29,0,Tanzania,-2.01209,32.87846
Dannenberg2022,Dannenberg et al. 2021,IG,15,644,0.7602756092388979,Bugula,23,0,Tanzania,-2.01209,32.87846
Dannenberg2022,Dannenberg et al. 2021,IG,16,858,0.8600584657946109,Bugula,55,0,Tanzania,-2.01209,32.87846
Dannenberg2022,Dannenberg et al. 2021,IG,17,404,0.4287506054887194,Bugula,22,0,Tanzania,-2.01209,32.87846
Dannenberg2022,Dannenberg et al. 2021,IG,18,496,0.6254751214308442,Bugula,21,0,Tanzania,-2.01209,32.87846
Dannenberg2022,Dannenberg et al. 2021,IG,1,709,0.7961610640564137,Nafuba Island,31,0,Tanzania,-2.19918,33.28838
Dannenberg2022,Dannenberg et al. 2021,IG,2,618,0.7433245512949737,Nafuba Island,40,0,Tanzania,-2.19918,33.28838
Dannenberg2022,Dannenberg et al. 2021,IG,3,499,0.6295810724205416,Nafuba Island,48,0,Tanzania,-2.19918,33.28838
Dannenberg2022,Dannenberg et al. 2021,IG,4,142,1.5790995708428357,Nafuba Island,32,0,Tanzania,-2.19918,33.28838
Dannenberg2022,Dannenberg et al. 2021,IG,5,701,0.7921412972157489,Nafuba Island,25,0,Tanzania,-2.19918,33.28838
Dannenberg2022,Dannenberg et al. 2021,IG,6,107,1.396292731437441,Nafuba Island,36,0,Tanzania,-2.19918,33.28838
Dannenberg2022,Dannenberg et al. 2021,IG,7,184,2.0373498536371573,Nafuba Island,20,0,Tanzania,-2.19918,33.28838
Dannenberg2022,Dannenberg et al. 2021,IG,8,542,0.6799824830065408,Nafuba Island,41,0,Tanzania,-2.19918,33.28838
Dannenberg2022,Dannenberg et al. 2021,IG,9,766,0.8225126551196036,Nafuba Island,38,0,Tanzania,-2.19918,33.28838
Dannenberg2022,Dannenberg et al. 2021,IG,10,442,0.5315592157916448,Nafuba Island,25,0,Tanzania,-2.19918,33.28838
Dannenberg2022,Dannenberg et al. 2021,IG,11,683,0.7827328579809364,Nafuba Island,37,0,Tanzania,-2.19918,33.28838
Dannenberg2022,Dannenberg et al. 2021,IG,12,552,0.6898613194997442,Nafuba Island,32,0,Tanzania,-2.19918,33.28838
Dannenberg2022,Dannenberg et al. 2021,IG,13,386,0.3609235002200375,Nafuba Island,34,0,Tanzania,-2.19918,33.28838
Dannenberg2022,Dannenberg et al. 2021,IG,14,674,0.7778206444241031,Nafuba Island,32,0,Tanzania,-2.19918,33.28838
Dannenberg2022,Dannenberg et al. 2021,IG,15,567,0.7036580378107113,Nafuba Island,77,0,Tanzania,-2.19918,33.28838
Dannenberg2022,Dannenberg et al. 2021,IG,16,838,0.8521298057809172,Nafuba Island,42,0,Tanzania,-2.19918,33.28838
Dannenberg2022,Dannenberg et al. 2021,IG,17,695,0.7890633121259109,Nafuba Island,21,0,Tanzania,-2.19918,33.28838
Dannenberg2022,Dannenberg et al. 2021,IG,18,635,0.7546115664396404,Nafuba Island,30,0,Tanzania,-2.19918,33.28838
Dannenberg2022,Dannenberg et al. 2021,IG,1,400,0.4150374992788431,Guta,32,0,Tanzania,-2.075145935036385,33.74057028922266
Dannenberg2022,Dannenberg et al. 2021,IG,2,900,0.8769765845238189,Guta,36,0,Tanzania,-2.075145935036385,33.74057028922266
Dannenberg2022,Dannenberg et al. 2021,IG,3,255,-14.305412722742568,Guta,40,0,Tanzania,-2.075145935036385,33.74057028922266
Dannenberg2022,Dannenberg et al. 2021,IG,4,733,0.8077005864167299,Guta,46,0,Tanzania,-2.075145935036385,33.74057028922266
Dannenberg2022,Dannenberg et al. 2021,IG,5,511,0.6451442082370373,Guta,55,0,Tanzania,-2.075145935036385,33.74057028922266
Dannenberg2022,Dannenberg et al. 2021,IG,6,297,-0.7109132215697074,Guta,45,0,Tanzania,-2.075145935036385,33.74057028922266
Dannenberg2022,Dannenberg et al. 2021,IG,7,490,0.616982387509118,Guta,38,0,Tanzania,-2.075145935036385,33.74057028922266
Dannenberg2022,Dannenberg et al. 2021,IG,8,401,0.418531389712607,Guta,30,0,Tanzania,-2.075145935036385,33.74057028922266
Dannenberg2022,Dannenberg et al. 2021,IG,9,861,0.8612481867331404,Guta,44,0,Tanzania,-2.075145935036385,33.74057028922266
Dannenberg2022,Dannenberg et al. 2021,IG,10,600,0.7304227103091845,Guta,36,0,Tanzania,-2.075145935036385,33.74057028922266
Dannenberg2022,Dannenberg et al. 2021,IG,11,698,0.7906092789601804,Guta,30,0,Tanzania,-2.075145935036385,33.74057028922266
Dannenberg2022,Dannenberg et al. 2021,IG,12,564,0.7009897912154858,Guta,35,0,Tanzania,-2.075145935036385,33.74057028922266
Dannenberg2022,Dannenberg et al. 2021,IG,13,413,0.45723416631795205,Guta,45,0,Tanzania,-2.075145935036385,33.74057028922266
Dannenberg2022,Dannenberg et al. 2021,IG,14,695,0.7890633121259109,Guta,28,0,Tanzania,-2.075145935036385,33.74057028922266
Dannenberg2022,Dannenberg et al. 2021,IG,15,270,-2.8990886152830533,Guta,37,0,Tanzania,-2.075145935036385,33.74057028922266
Dannenberg2022,Dannenberg et al. 2021,IG,16,160,1.724541939040067,Guta,53,0,Tanzania,-2.075145935036385,33.74057028922266
Dannenberg2022,Dannenberg et al. 2021,IG,17,490,0.616982387509118,Guta,35,0,Tanzania,-2.075145935036385,33.74057028922266
Dannenberg2022,Dannenberg et al. 2021,IG,18,579,0.7139135843098277,Guta,28,0,Tanzania,-2.075145935036385,33.74057028922266
Dannenberg2022,Dannenberg et al. 2021,IG,1,523,0.6594668252251775,Guta,34,0,Tanzania,-2.075145935036385,33.74057028922266
Dannenberg2022,Dannenberg et al. 2021,IG,2,761,0.8203348435461867,Guta,34,0,Tanzania,-2.075145935036385,33.74057028922266
Dannenberg2022,Dannenberg et al. 2021,IG,3,546,0.684004096894798,Guta,19,0,Tanzania,-2.075145935036385,33.74057028922266
Dannenberg2022,Dannenberg et al. 2021,IG,4,775,0.8263811496124114,Guta,35,0,Tanzania,-2.075145935036385,33.74057028922266
Dannenberg2022,Dannenberg et al. 2021,IG,5,388,0.369304167888884,Guta,53,0,Tanzania,-2.075145935036385,33.74057028922266
Dannenberg2022,Dannenberg et al. 2021,IG,6,513,0.6476128567474805,Guta,58,0,Tanzania,-2.075145935036385,33.74057028922266
Dannenberg2022,Dannenberg et al. 2021,IG,7,407,0.4385936550227538,Guta,50,0,Tanzania,-2.075145935036385,33.74057028922266
Dannenberg2022,Dannenberg et al. 2021,IG,8,514,0.6488345304487809,Guta,47,0,Tanzania,-2.075145935036385,33.74057028922266
Dannenberg2022,Dannenberg et al. 2021,IG,9,876,0.8672215570814564,Guta,37,0,Tanzania,-2.075145935036385,33.74057028922266
Dannenberg2022,Dannenberg et al. 2021,IG,10,600,0.7304227103091845,Guta,36,0,Tanzania,-2.075145935036385,33.74057028922266
Dannenberg2022,Dannenberg et al. 2021,IG,11,731,0.8067662719495438,Guta,30,0,Tanzania,-2.075145935036385,33.74057028922266
Dannenberg2022,Dannenberg et al. 2021,IG,12,710,0.7966570445270359,Guta,22,0,Tanzania,-2.075145935036385,33.74057028922266
Dannenberg2022,Dannenberg et al. 2021,IG,13,709,0.7961610640564137,Guta,32,0,Tanzania,-2.075145935036385,33.74057028922266
Dannenberg2022,Dannenberg et al. 2021,IG,14,571,0.7071491130426315,Guta,44,0,Tanzania,-2.075145935036385,33.74057028922266
Dannenberg2022,Dannenberg et al. 2021,IG,15,493,0.6212767167980159,Guta,23,0,Tanzania,-2.075145935036385,33.74057028922266
Dannenberg2022,Dannenberg et al. 2021,IG,16,505,0.6375286857174662,Guta,21,0,Tanzania,-2.075145935036385,33.74057028922266
Dannenberg2022,Dannenberg et al. 2021,IG,17,701,0.7921412972157489,Guta,23,0,Tanzania,-2.075145935036385,33.74057028922266
Dannenberg2022,Dannenberg et al. 2021,IG,18,202,2.473193888071562,Guta,24,0,Tanzania,-2.075145935036385,33.74057028922266
Dannenberg2022,Dannenberg et al. 2021,IG,1,487,0.6125884878572734,Shinembo,36,0,Tanzania,-2.5537,33.33597
Dannenberg2022,Dannenberg et al. 2021,IG,2,843,0.854114262765336,Shinembo,31,0,Tanzania,-2.5537,33.33597
Dannenberg2022,Dannenberg et al. 2021,IG,3,323,-0.13071009423430588,Shinembo,36,0,Tanzania,-2.5537,33.33597
Dannenberg2022,Dannenberg et al. 2021,IG,4,670,0.7755890504970996,Shinembo,32,0,Tanzania,-2.5537,33.33597
Dannenberg2022,Dannenberg et al. 2021,IG,5,172,1.8573897871164846,Shinembo,26,0,Tanzania,-2.5537,33.33597
Dannenberg2022,Dannenberg et al. 2021,IG,6,579,0.7139135843098277,Shinembo,38,0,Tanzania,-2.5537,33.33597
Dannenberg2022,Dannenberg et al. 2021,IG,7,300,-0.6133777550366369,Shinembo,22,0,Tanzania,-2.5537,33.33597
Dannenberg2022,Dannenberg et al. 2021,IG,8,248,38.910626228260554,Shinembo,42,0,Tanzania,-2.5537,33.33597
Dannenberg2022,Dannenberg et al. 2021,IG,9,338,0.04908039849001951,Shinembo,36,0,Tanzania,-2.5537,33.33597
Dannenberg2022,Dannenberg et al. 2021,IG,10,267,-3.570410725661412,Shinembo,23,0,Tanzania,-2.5537,33.33597
Dannenberg2022,Dannenberg et al. 2021,IG,11,805,0.8388744853788245,Shinembo,34,0,Tanzania,-2.5537,33.33597
Dannenberg2022,Dannenberg et al. 2021,IG,12,389,0.3734068213599232,Shinembo,24,0,Tanzania,-2.5537,33.33597
Dannenberg2022,Dannenberg et al. 2021,IG,13,606,0.7348413186169807,Shinembo,45,0,Tanzania,-2.5537,33.33597
Dannenberg2022,Dannenberg et al. 2021,IG,14,692,0.7875030474950827,Shinembo,28,0,Tanzania,-2.5537,33.33597
Dannenberg2022,Dannenberg et al. 2021,IG,15,508,0.6413765065704814,Shinembo,31,0,Tanzania,-2.5537,33.33597
Dannenberg2022,Dannenberg et al. 2021,IG,16,329,-0.05069748612029006,Shinembo,35,0,Tanzania,-2.5537,33.33597
Dannenberg2022,Dannenberg et al. 2021,IG,17,371,0.28950916548518224,Shinembo,48,0,Tanzania,-2.5537,33.33597
Dannenberg2022,Dannenberg et al. 2021,IG,18,585,0.7188069343933116,Shinembo,22,0,Tanzania,-2.5537,33.33597
Dannenberg2022,Dannenberg et al. 2021,IG,1,546,0.684004096894798,Chabula,33,0,Tanzania,-2.47532,33.15021
Dannenberg2022,Dannenberg et al. 2021,IG,2,695,0.7890633121259109,Chabula,22,0,Tanzania,-2.47532,33.15021
Dannenberg2022,Dannenberg et al. 2021,IG,3,739,0.810476282688891,Chabula,54,0,Tanzania,-2.47532,33.15021
Dannenberg2022,Dannenberg et al. 2021,IG,4,0,-1,Chabula,24,0,Tanzania,-2.47532,33.15021
Dannenberg2022,Dannenberg et al. 2021,IG,5,1000,1,Chabula,25,0,Tanzania,-2.47532,33.15021
Dannenberg2022,Dannenberg et al. 2021,IG,6,410,0.448081654221254,Chabula,27,0,Tanzania,-2.47532,33.15021
Dannenberg2022,Dannenberg et al. 2021,IG,7,481,0.6034864531008015,Chabula,30,0,Tanzania,-2.47532,33.15021
Dannenberg2022,Dannenberg et al. 2021,IG,8,814,0.8425271800475647,Chabula,30,0,Tanzania,-2.47532,33.15021
Dannenberg2022,Dannenberg et al. 2021,IG,9,508,0.6413765065704814,Chabula,25,0,Tanzania,-2.47532,33.15021
Dannenberg2022,Dannenberg et al. 2021,IG,10,600,0.7304227103091845,Chabula,40,0,Tanzania,-2.47532,33.15021
Dannenberg2022,Dannenberg et al. 2021,IG,11,300,-0.6133777550366369,Chabula,25,0,Tanzania,-2.47532,33.15021
Dannenberg2022,Dannenberg et al. 2021,IG,12,1000,1,Chabula,30,0,Tanzania,-2.47532,33.15021
Dannenberg2022,Dannenberg et al. 2021,IG,13,478,0.5987700478801405,Chabula,37,0,Tanzania,-2.47532,33.15021
Dannenberg2022,Dannenberg et al. 2021,IG,14,445,0.5380465058768245,Chabula,39,0,Tanzania,-2.47532,33.15021
Dannenberg2022,Dannenberg et al. 2021,IG,15,300,-0.6133777550366369,Chabula,24,0,Tanzania,-2.47532,33.15021
Dannenberg2022,Dannenberg et al. 2021,IG,16,540,0.6779351701714538,Chabula,27,0,Tanzania,-2.47532,33.15021
Dannenberg2022,Dannenberg et al. 2021,IG,17,505,0.6375286857174662,Chabula,26,0,Tanzania,-2.47532,33.15021
Dannenberg2022,Dannenberg et al. 2021,IG,18,410,0.448081654221254,Chabula,24,0,Tanzania,-2.47532,33.15021
Dannenberg2022,Dannenberg et al. 2021,IG,1,879,0.8684241191767997,Chabula,50,0,Tanzania,-2.47532,33.15021
Dannenberg2022,Dannenberg et al. 2021,IG,2,502,0.6335978764858422,Chabula,39,0,Tanzania,-2.47532,33.15021
Dannenberg2022,Dannenberg et al. 2021,IG,3,461,0.5697045924536773,Chabula,50,0,Tanzania,-2.47532,33.15021
Dannenberg2022,Dannenberg et al. 2021,IG,4,484,0.6080911862425495,Chabula,36,0,Tanzania,-2.47532,33.15021
Dannenberg2022,Dannenberg et al. 2021,IG,5,404,0.4287506054887194,Chabula,52,0,Tanzania,-2.47532,33.15021
Dannenberg2022,Dannenberg et al. 2021,IG,6,505,0.6375286857174662,Chabula,27,0,Tanzania,-2.47532,33.15021
Dannenberg2022,Dannenberg et al. 2021,IG,7,374,0.3051365919194157,Chabula,47,0,Tanzania,-2.47532,33.15021
Dannenberg2022,Dannenberg et al. 2021,IG,8,326,-0.08914147492780614,Chabula,32,0,Tanzania,-2.47532,33.15021
Dannenberg2022,Dannenberg et al. 2021,IG,9,228,4.3502139162281885,Chabula,49,0,Tanzania,-2.47532,33.15021
Dannenberg2022,Dannenberg et al. 2021,IG,10,500,0.6309297535714572,Chabula,39,0,Tanzania,-2.47532,33.15021
Dannenberg2022,Dannenberg et al. 2021,IG,11,615,0.7412460884482107,Chabula,30,0,Tanzania,-2.47532,33.15021
Dannenberg2022,Dannenberg et al. 2021,IG,12,466,0.5786946901724638,Chabula,22,0,Tanzania,-2.47532,33.15021
Dannenberg2022,Dannenberg et al. 2021,IG,13,502,0.6335978764858422,Chabula,30,0,Tanzania,-2.47532,33.15021
Dannenberg2022,Dannenberg et al. 2021,IG,14,484,0.6080911862425495,Chabula,28,0,Tanzania,-2.47532,33.15021
Dannenberg2022,Dannenberg et al. 2021,IG,15,742,0.8118493077517529,Chabula,27,0,Tanzania,-2.47532,33.15021
Dannenberg2022,Dannenberg et al. 2021,IG,16,454,0.5564278337379125,Chabula,23,0,Tanzania,-2.47532,33.15021
Dannenberg2022,Dannenberg et al. 2021,IG,17,722,0.8025027344552407,Chabula,29,0,Tanzania,-2.47532,33.15021
Dannenberg2022,Dannenberg et al. 2021,IG,18,407,0.4385936550227538,Chabula,39,0,Tanzania,-2.47532,33.15021
Dannenberg2022,Dannenberg et al. 2021,IG,1,407,0.4385936550227538,Bugabu,52,0,Tanzania,-2.53212,33.39738
Dannenberg2022,Dannenberg et al. 2021,IG,2,288,-1.0954826064786127,Bugabu,60,0,Tanzania,-2.53212,33.39738
Dannenberg2022,Dannenberg et al. 2021,IG,3,733,0.8077005864167299,Bugabu,48,0,Tanzania,-2.53212,33.39738
Dannenberg2022,Dannenberg et al. 2021,IG,4,870,0.8648256362765823,Bugabu,44,0,Tanzania,-2.53212,33.39738
Dannenberg2022,Dannenberg et al. 2021,IG,5,653,0.7657441840297691,Bugabu,46,0,Tanzania,-2.53212,33.39738
Dannenberg2022,Dannenberg et al. 2021,IG,6,888,0.8720561021271379,Bugabu,50,1,Tanzania,-2.53212,33.39738
Dannenberg2022,Dannenberg et al. 2021,IG,7,823,0.8461477489805453,Bugabu,43,0,Tanzania,-2.53212,33.39738
Dannenberg2022,Dannenberg et al. 2021,IG,8,829,0.8485470565448803,Bugabu,47,1,Tanzania,-2.53212,33.39738
Dannenberg2022,Dannenberg et al. 2021,IG,9,639,0.757153995330841,Bugabu,57,1,Tanzania,-2.53212,33.39738
Dannenberg2022,Dannenberg et al. 2021,IG,10,288,-1.0954826064786127,Bugabu,30,0,Tanzania,-2.53212,33.39738
Dannenberg2022,Dannenberg et al. 2021,IG,11,745,0.8132128109598158,Bugabu,45,0,Tanzania,-2.53212,33.39738
Dannenberg2022,Dannenberg et al. 2021,IG,12,309,-0.38000729859214594,Bugabu,60,0,Tanzania,-2.53212,33.39738
Dannenberg2022,Dannenberg et al. 2021,IG,13,737,0.8095555099359343,Bugabu,45,0,Tanzania,-2.53212,33.39738
Dannenberg2022,Dannenberg et al. 2021,IG,14,755,0.817692440002176,Bugabu,43,0,Tanzania,-2.53212,33.39738
Dannenberg2022,Dannenberg et al. 2021,IG,15,805,0.8388744853788245,Bugabu,46,0,Tanzania,-2.53212,33.39738
Dannenberg2022,Dannenberg et al. 2021,IG,16,366,0.26171236643469586,Bugabu,38,0,Tanzania,-2.53212,33.39738
Dannenberg2022,Dannenberg et al. 2021,IG,17,561,0.6982773362256508,Bugabu,41,0,Tanzania,-2.53212,33.39738
Dannenberg2022,Dannenberg et al. 2021,IG,18,300,-0.6133777550366369,Bugabu,40,0,Tanzania,-2.53212,33.39738
Dannenberg2022,Dannenberg et al. 2021,IG,1,65,1.2586621745188602,Bezi,32,0,Tanzania,-2.279100244759778,33.123603668684126
Dannenberg2022,Dannenberg et al. 2021,IG,2,172,1.8573897871164846,Bezi,32,0,Tanzania,-2.279100244759778,33.123603668684126
Dannenberg2022,Dannenberg et al. 2021,IG,3,594,0.7258775143470809,Bezi,30,0,Tanzania,-2.279100244759778,33.123603668684126
Dannenberg2022,Dannenberg et al. 2021,IG,4,615,0.7412460884482107,Bezi,43,0,Tanzania,-2.279100244759778,33.123603668684126
Dannenberg2022,Dannenberg et al. 2021,IG,5,335,0.018139161854347902,Bezi,52,0,Tanzania,-2.279100244759778,33.123603668684126
Dannenberg2022,Dannenberg et al. 2021,IG,6,445,0.5380465058768245,Bezi,25,0,Tanzania,-2.279100244759778,33.123603668684126
Dannenberg2022,Dannenberg et al. 2021,IG,7,600,0.7304227103091845,Bezi,35,0,Tanzania,-2.279100244759778,33.123603668684126
Dannenberg2022,Dannenberg et al. 2021,IG,8,787,0.8314458719962385,Bezi,45,0,Tanzania,-2.279100244759778,33.123603668684126
Dannenberg2022,Dannenberg et al. 2021,IG,9,800,0.8368288369533889,Bezi,44,0,Tanzania,-2.279100244759778,33.123603668684126
Dannenberg2022,Dannenberg et al. 2021,IG,10,534,0.6716409765438955,Bezi,34,0,Tanzania,-2.279100244759778,33.123603668684126
Dannenberg2022,Dannenberg et al. 2021,IG,11,546,0.684004096894798,Bezi,63,0,Tanzania,-2.279100244759778,33.123603668684126
Dannenberg2022,Dannenberg et al. 2021,IG,12,107,1.396292731437441,Bezi,32,0,Tanzania,-2.279100244759778,33.123603668684126
Dannenberg2022,Dannenberg et al. 2021,IG,13,222,3.608551952887948,Bezi,28,0,Tanzania,-2.279100244759778,33.123603668684126
Dannenberg2022,Dannenberg et al. 2021,IG,14,377,0.3200441764066303,Bezi,30,0,Tanzania,-2.279100244759778,33.123603668684126
Dannenberg2022,Dannenberg et al. 2021,IG,15,176,1.9110055492247906,Bezi,20,0,Tanzania,-2.279100244759778,33.123603668684126
Dannenberg2022,Dannenberg et al. 2021,IG,16,9,1.1125392381963928,Bezi,26,0,Tanzania,-2.279100244759778,33.123603668684126
Dannenberg2022,Dannenberg et al. 2021,IG,17,668,0.7744616249327746,Bezi,21,0,Tanzania,-2.279100244759778,33.123603668684126
Dannenberg2022,Dannenberg et al. 2021,IG,18,502,0.6335978764858422,Bezi,22,0,Tanzania,-2.279100244759778,33.123603668684126
Dannenberg2022,Dannenberg et al. 2021,IG,1,505,0.6375286857174662,Bezi,32,0,Tanzania,-2.279100244759778,33.123603668684126
Dannenberg2022,Dannenberg et al. 2021,IG,2,0,-1,Bezi,32,0,Tanzania,-2.279100244759778,33.123603668684126
Dannenberg2022,Dannenberg et al. 2021,IG,3,380,0.33428167493842087,Bezi,24,0,Tanzania,-2.279100244759778,33.123603668684126
Dannenberg2022,Dannenberg et al. 2021,IG,4,355,0.19146266836680292,Bezi,30,0,Tanzania,-2.279100244759778,33.123603668684126
Dannenberg2022,Dannenberg et al. 2021,IG,5,621,0.7453759836756485,Bezi,37,0,Tanzania,-2.279100244759778,33.123603668684126
Dannenberg2022,Dannenberg et al. 2021,IG,6,731,0.8067662719495438,Bezi,41,0,Tanzania,-2.279100244759778,33.123603668684126
Dannenberg2022,Dannenberg et al. 2021,IG,7,187,2.092867807163384,Bezi,22,0,Tanzania,-2.279100244759778,33.123603668684126
Dannenberg2022,Dannenberg et al. 2021,IG,8,243,11.758032809576854,Bezi,19,0,Tanzania,-2.279100244759778,33.123603668684126
Dannenberg2022,Dannenberg et al. 2021,IG,9,526,0.6628726824986618,Bezi,30,0,Tanzania,-2.279100244759778,33.123603668684126
Dannenberg2022,Dannenberg et al. 2021,IG,10,505,0.6375286857174662,Bezi,27,0,Tanzania,-2.279100244759778,33.123603668684126
Dannenberg2022,Dannenberg et al. 2021,IG,11,267,-3.570410725661412,Bezi,35,0,Tanzania,-2.279100244759778,33.123603668684126
Dannenberg2022,Dannenberg et al. 2021,IG,12,202,2.473193888071562,Bezi,26,0,Tanzania,-2.279100244759778,33.123603668684126
Dannenberg2022,Dannenberg et al. 2021,IG,13,757,0.8185768713293182,Bezi,52,0,Tanzania,-2.279100244759778,33.123603668684126
Dannenberg2022,Dannenberg et al. 2021,IG,14,340,0.06857735784646221,Bezi,39,0,Tanzania,-2.279100244759778,33.123603668684126
Dannenberg2022,Dannenberg et al. 2021,IG,15,463,0.5733478801885797,Bezi,24,0,Tanzania,-2.279100244759778,33.123603668684126
Dannenberg2022,Dannenberg et al. 2021,IG,16,716,0.7996038860285366,Bezi,24,0,Tanzania,-2.279100244759778,33.123603668684126
Dannenberg2022,Dannenberg et al. 2021,IG,17,335,0.018139161854347902,Bezi,36,0,Tanzania,-2.279100244759778,33.123603668684126
Dannenberg2022,Dannenberg et al. 2021,IG,18,184,2.0373498536371573,Bezi,30,0,Tanzania,-2.279100244759778,33.123603668684126
Dannenberg2022,Dannenberg et al. 2021,IG,1,208,2.7006978211379074,Kabangaja,39,0,Tanzania,-2.3877688361024285,32.97763532789297
Dannenberg2022,Dannenberg et al. 2021,IG,2,799,0.8364181670481509,Kabangaja,39,0,Tanzania,-2.3877688361024285,32.97763532789297
Dannenberg2022,Dannenberg et al. 2021,IG,3,284,-1.3315139734645705,Kabangaja,51,0,Tanzania,-2.3877688361024285,32.97763532789297
Dannenberg2022,Dannenberg et al. 2021,IG,4,864,0.8624390304818002,Kabangaja,25,0,Tanzania,-2.3877688361024285,32.97763532789297
Dannenberg2022,Dannenberg et al. 2021,IG,5,600,0.7304227103091845,Kabangaja,31,0,Tanzania,-2.3877688361024285,32.97763532789297
Dannenberg2022,Dannenberg et al. 2021,IG,6,424,0.48820295728743957,Kabangaja,38,0,Tanzania,-2.3877688361024285,32.97763532789297
Dannenberg2022,Dannenberg et al. 2021,IG,7,543,0.6809969185353287,Kabangaja,46,0,Tanzania,-2.3877688361024285,32.97763532789297
Dannenberg2022,Dannenberg et al. 2021,IG,8,754,0.8172488302502837,Kabangaja,52,0,Tanzania,-2.3877688361024285,32.97763532789297
Dannenberg2022,Dannenberg et al. 2021,IG,9,505,0.6375286857174662,Kabangaja,42,0,Tanzania,-2.3877688361024285,32.97763532789297
Dannenberg2022,Dannenberg et al. 2021,IG,10,833,0.8501414482120441,Kabangaja,44,0,Tanzania,-2.3877688361024285,32.97763532789297
Dannenberg2022,Dannenberg et al. 2021,IG,11,632,0.7526775209614256,Kabangaja,32,0,Tanzania,-2.3877688361024285,32.97763532789297
Dannenberg2022,Dannenberg et al. 2021,IG,12,534,0.6716409765438955,Kabangaja,35,0,Tanzania,-2.3877688361024285,32.97763532789297
Dannenberg2022,Dannenberg et al. 2021,IG,13,665,0.7727555911550282,Kabangaja,39,0,Tanzania,-2.3877688361024285,32.97763532789297
Dannenberg2022,Dannenberg et al. 2021,IG,14,802,0.8376486093881154,Kabangaja,38,0,Tanzania,-2.3877688361024285,32.97763532789297
Dannenberg2022,Dannenberg et al. 2021,IG,15,668,0.7744616249327746,Kabangaja,45,0,Tanzania,-2.3877688361024285,32.97763532789297
Dannenberg2022,Dannenberg et al. 2021,IG,16,840,0.8529239802144969,Kabangaja,38,0,Tanzania,-2.3877688361024285,32.97763532789297
Dannenberg2022,Dannenberg et al. 2021,IG,17,799,0.8364181670481509,Kabangaja,36,0,Tanzania,-2.3877688361024285,32.97763532789297
Dannenberg2022,Dannenberg et al. 2021,IG,18,523,0.6594668252251775,Kabangaja,47,0,Tanzania,-2.3877688361024285,32.97763532789297
Dannenberg2022,Dannenberg et al. 2021,IG,1,130,1.5053491502644618,Kijiweni,27,0,Tanzania,-2.384387687881357,32.65860819894339
Dannenberg2022,Dannenberg et al. 2021,IG,2,445,0.5380465058768245,Kijiweni,30,0,Tanzania,-2.384387687881357,32.65860819894339
Dannenberg2022,Dannenberg et al. 2021,IG,3,448,0.5443482584707611,Kijiweni,48,0,Tanzania,-2.384387687881357,32.65860819894339
Dannenberg2022,Dannenberg et al. 2021,IG,4,405,0.4320723418917593,Kijiweni,29,0,Tanzania,-2.384387687881357,32.65860819894339
Dannenberg2022,Dannenberg et al. 2021,IG,5,193,2.221202499927927,Kijiweni,39,0,Tanzania,-2.384387687881357,32.65860819894339
Dannenberg2022,Dannenberg et al. 2021,IG,6,719,0.8010591566671127,Kijiweni,34,0,Tanzania,-2.384387687881357,32.65860819894339
Dannenberg2022,Dannenberg et al. 2021,IG,7,472,0.58898411852738,Kijiweni,42,0,Tanzania,-2.384387687881357,32.65860819894339
Dannenberg2022,Dannenberg et al. 2021,IG,8,50,1.2196658603948887,Kijiweni,24,0,Tanzania,-2.384387687881357,32.65860819894339
Dannenberg2022,Dannenberg et al. 2021,IG,9,505,0.6375286857174662,Kijiweni,21,0,Tanzania,-2.384387687881357,32.65860819894339
Dannenberg2022,Dannenberg et al. 2021,IG,10,205,2.5794069414061758,Kijiweni,38,0,Tanzania,-2.384387687881357,32.65860819894339
Dannenberg2022,Dannenberg et al. 2021,IG,11,0,-1,Kijiweni,28,0,Tanzania,-2.384387687881357,32.65860819894339
Dannenberg2022,Dannenberg et al. 2021,IG,12,597,0.7281663620233194,Kijiweni,33,0,Tanzania,-2.384387687881357,32.65860819894339
Dannenberg2022,Dannenberg et al. 2021,IG,13,529,0.6662131555611215,Kijiweni,22,0,Tanzania,-2.384387687881357,32.65860819894339
Dannenberg2022,Dannenberg et al. 2021,IG,14,502,0.6335978764858422,Kijiweni,25,0,Tanzania,-2.384387687881357,32.65860819894339
Dannenberg2022,Dannenberg et al. 2021,IG,15,320,-0.1758048263658553,Kijiweni,29,0,Tanzania,-2.384387687881357,32.65860819894339
Dannenberg2022,Dannenberg et al. 2021,IG,16,0,-1,Kijiweni,45,0,Tanzania,-2.384387687881357,32.65860819894339
Dannenberg2022,Dannenberg et al. 2021,IG,17,243,11.758032809576854,Kijiweni,49,0,Tanzania,-2.384387687881357,32.65860819894339
Dannenberg2022,Dannenberg et al. 2021,IG,18,624,0.7474010724318677,Kijiweni,44,0,Tanzania,-2.384387687881357,32.65860819894339
Dannenberg2022,Dannenberg et al. 2021,IG,1,300,-0.6133777550366369,Kijiweni,25,0,Tanzania,-2.384387687881357,32.65860819894339
Dannenberg2022,Dannenberg et al. 2021,IG,2,427,0.49601022587360805,Kijiweni,20,0,Tanzania,-2.384387687881357,32.65860819894339
Dannenberg2022,Dannenberg et al. 2021,IG,3,671,0.7761498324498648,Kijiweni,35,0,Tanzania,-2.384387687881357,32.65860819894339
Dannenberg2022,Dannenberg et al. 2021,IG,4,35,1.1827928063115167,Kijiweni,52,0,Tanzania,-2.384387687881357,32.65860819894339
Dannenberg2022,Dannenberg et al. 2021,IG,5,416,0.4660693421490136,Kijiweni,42,0,Tanzania,-2.384387687881357,32.65860819894339
Dannenberg2022,Dannenberg et al. 2021,IG,6,243,11.758032809576854,Kijiweni,36,0,Tanzania,-2.384387687881357,32.65860819894339
Dannenberg2022,Dannenberg et al. 2021,IG,7,618,0.7433245512949737,Kijiweni,26,0,Tanzania,-2.384387687881357,32.65860819894339
Dannenberg2022,Dannenberg et al. 2021,IG,8,411,0.4511688437954942,Kijiweni,22,0,Tanzania,-2.384387687881357,32.65860819894339
Dannenberg2022,Dannenberg et al. 2021,IG,9,508,0.6413765065704814,Kijiweni,37,0,Tanzania,-2.384387687881357,32.65860819894339
Dannenberg2022,Dannenberg et al. 2021,IG,10,436,0.5179921862865265,Kijiweni,46,0,Tanzania,-2.384387687881357,32.65860819894339
Dannenberg2022,Dannenberg et al. 2021,IG,11,380,0.33428167493842087,Kijiweni,38,0,Tanzania,-2.384387687881357,32.65860819894339
Dannenberg2022,Dannenberg et al. 2021,IG,12,962,0.9063599750039923,Kijiweni,39,0,Tanzania,-2.384387687881357,32.65860819894339
Dannenberg2022,Dannenberg et al. 2021,IG,13,701,0.7921412972157489,Kijiweni,31,0,Tanzania,-2.384387687881357,32.65860819894339
Dannenberg2022,Dannenberg et al. 2021,IG,14,564,0.7009897912154858,Kijiweni,36,0,Tanzania,-2.384387687881357,32.65860819894339
Dannenberg2022,Dannenberg et al. 2021,IG,15,6,1.1010790747657913,Kijiweni,89,0,Tanzania,-2.384387687881357,32.65860819894339
Dannenberg2022,Dannenberg et al. 2021,IG,16,484,0.6080911862425495,Kijiweni,22,0,Tanzania,-2.384387687881357,32.65860819894339
Dannenberg2022,Dannenberg et al. 2021,IG,17,707,0.7951648485059803,Kijiweni,48,0,Tanzania,-2.384387687881357,32.65860819894339
Dannenberg2022,Dannenberg et al. 2021,IG,18,671,0.7761498324498648,Kijiweni,32,0,Tanzania,-2.384387687881357,32.65860819894339
Dannenberg2022,Dannenberg et al. 2021,IG,1,267,-3.570410725661412,Kanyala,50,0,Tanzania,-2.277308430027509,32.23619409039246
Dannenberg2022,Dannenberg et al. 2021,IG,2,630,0.7513748635539852,Kanyala,48,0,Tanzania,-2.277308430027509,32.23619409039246
Dannenberg2022,Dannenberg et al. 2021,IG,3,499,0.6295810724205416,Kanyala,38,0,Tanzania,-2.277308430027509,32.23619409039246
Dannenberg2022,Dannenberg et al. 2021,IG,4,445,0.5380465058768245,Kanyala,45,0,Tanzania,-2.277308430027509,32.23619409039246
Dannenberg2022,Dannenberg et al. 2021,IG,5,638,0.7565222124879153,Kanyala,45,0,Tanzania,-2.277308430027509,32.23619409039246
Dannenberg2022,Dannenberg et al. 2021,IG,6,413,0.45723416631795205,Kanyala,43,0,Tanzania,-2.277308430027509,32.23619409039246
Dannenberg2022,Dannenberg et al. 2021,IG,7,701,0.7921412972157489,Kanyala,32,0,Tanzania,-2.277308430027509,32.23619409039246
Dannenberg2022,Dannenberg et al. 2021,IG,8,882,0.8696303857779185,Kanyala,34,0,Tanzania,-2.277308430027509,32.23619409039246
Dannenberg2022,Dannenberg et al. 2021,IG,9,505,0.6375286857174662,Kanyala,52,0,Tanzania,-2.277308430027509,32.23619409039246
Dannenberg2022,Dannenberg et al. 2021,IG,10,674,0.7778206444241031,Kanyala,26,0,Tanzania,-2.277308430027509,32.23619409039246
Dannenberg2022,Dannenberg et al. 2021,IG,11,552,0.6898613194997442,Kanyala,34,0,Tanzania,-2.277308430027509,32.23619409039246
Dannenberg2022,Dannenberg et al. 2021,IG,12,665,0.7727555911550282,Kanyala,21,0,Tanzania,-2.277308430027509,32.23619409039246
Dannenberg2022,Dannenberg et al. 2021,IG,13,118,1.4441529909252309,Kanyala,21,0,Tanzania,-2.277308430027509,32.23619409039246
Dannenberg2022,Dannenberg et al. 2021,IG,14,320,-0.1758048263658553,Kanyala,26,0,Tanzania,-2.277308430027509,32.23619409039246
Dannenberg2022,Dannenberg et al. 2021,IG,15,490,0.616982387509118,Kanyala,24,0,Tanzania,-2.277308430027509,32.23619409039246
Dannenberg2022,Dannenberg et al. 2021,IG,16,832,0.8497431904618054,Kanyala,47,0,Tanzania,-2.277308430027509,32.23619409039246
Dannenberg2022,Dannenberg et al. 2021,IG,17,189,2.132872855634282,Kanyala,45,0,Tanzania,-2.277308430027509,32.23619409039246
Dannenberg2022,Dannenberg et al. 2021,IG,18,478,0.5987700478801405,Kanyala,34,0,Tanzania,-2.277308430027509,32.23619409039246
Dannenberg2022,Dannenberg et al. 2021,IG,1,861,0.8612481867331404,Kahunda,32,0,Tanzania,-2.3987135559254797,32.06632349624662
Dannenberg2022,Dannenberg et al. 2021,IG,2,234,5.6472303050527515,Kahunda,54,0,Tanzania,-2.3987135559254797,32.06632349624662
Dannenberg2022,Dannenberg et al. 2021,IG,3,401,0.418531389712607,Kahunda,45,0,Tanzania,-2.3987135559254797,32.06632349624662
Dannenberg2022,Dannenberg et al. 2021,IG,4,805,0.8388744853788245,Kahunda,27,0,Tanzania,-2.3987135559254797,32.06632349624662
Dannenberg2022,Dannenberg et al. 2021,IG,5,466,0.5786946901724638,Kahunda,25,0,Tanzania,-2.3987135559254797,32.06632349624662
Dannenberg2022,Dannenberg et al. 2021,IG,6,698,0.7906092789601804,Kahunda,24,0,Tanzania,-2.3987135559254797,32.06632349624662
Dannenberg2022,Dannenberg et al. 2021,IG,7,570,0.7062833421575291,Kahunda,30,0,Tanzania,-2.3987135559254797,32.06632349624662
Dannenberg2022,Dannenberg et al. 2021,IG,8,540,0.6779351701714538,Kahunda,35,0,Tanzania,-2.3987135559254797,32.06632349624662
Dannenberg2022,Dannenberg et al. 2021,IG,9,0,-1,Kahunda,25,0,Tanzania,-2.3987135559254797,32.06632349624662
Dannenberg2022,Dannenberg et al. 2021,IG,10,701,0.7921412972157489,Kahunda,45,0,Tanzania,-2.3987135559254797,32.06632349624662
Dannenberg2022,Dannenberg et al. 2021,IG,11,671,0.7761498324498648,Kahunda,43,0,Tanzania,-2.3987135559254797,32.06632349624662
Dannenberg2022,Dannenberg et al. 2021,IG,12,490,0.616982387509118,Kahunda,50,0,Tanzania,-2.3987135559254797,32.06632349624662
Dannenberg2022,Dannenberg et al. 2021,IG,13,600,0.7304227103091845,Kahunda,50,0,Tanzania,-2.3987135559254797,32.06632349624662
Dannenberg2022,Dannenberg et al. 2021,IG,14,457,0.562220816693032,Kahunda,34,0,Tanzania,-2.3987135559254797,32.06632349624662
Dannenberg2022,Dannenberg et al. 2021,IG,15,368,0.273107084318768,Kahunda,25,0,Tanzania,-2.3987135559254797,32.06632349624662
Dannenberg2022,Dannenberg et al. 2021,IG,16,448,0.5443482584707611,Kahunda,36,0,Tanzania,-2.3987135559254797,32.06632349624662
Dannenberg2022,Dannenberg et al. 2021,IG,17,692,0.7875030474950827,Kahunda,30,0,Tanzania,-2.3987135559254797,32.06632349624662
Dannenberg2022,Dannenberg et al. 2021,IG,18,549,0.6869583654876836,Kahunda,34,0,Tanzania,-2.3987135559254797,32.06632349624662
Dannenberg2022,Dannenberg et al. 2021,IG,1,1000,1,Kahunda,23,0,Tanzania,-2.3987135559254797,32.06632349624662
Dannenberg2022,Dannenberg et al. 2021,IG,2,300,-0.6133777550366369,Kahunda,20,0,Tanzania,-2.3987135559254797,32.06632349624662
Dannenberg2022,Dannenberg et al. 2021,IG,3,499,0.6295810724205416,Kahunda,20,0,Tanzania,-2.3987135559254797,32.06632349624662
Dannenberg2022,Dannenberg et al. 2021,IG,4,288,-1.0954826064786127,Kahunda,28,0,Tanzania,-2.3987135559254797,32.06632349624662
Dannenberg2022,Dannenberg et al. 2021,IG,5,719,0.8010591566671127,Kahunda,30,0,Tanzania,-2.3987135559254797,32.06632349624662
Dannenberg2022,Dannenberg et al. 2021,IG,6,496,0.6254751214308442,Kahunda,30,0,Tanzania,-2.3987135559254797,32.06632349624662
Dannenberg2022,Dannenberg et al. 2021,IG,7,356,0.19843890029834504,Kahunda,30,0,Tanzania,-2.3987135559254797,32.06632349624662
Dannenberg2022,Dannenberg et al. 2021,IG,8,555,0.6927144922739237,Kahunda,38,0,Tanzania,-2.3987135559254797,32.06632349624662
Dannenberg2022,Dannenberg et al. 2021,IG,9,258,-8.603028140415391,Kahunda,28,0,Tanzania,-2.3987135559254797,32.06632349624662
Dannenberg2022,Dannenberg et al. 2021,IG,10,460,0.5678586501890672,Kahunda,26,0,Tanzania,-2.3987135559254797,32.06632349624662
Dannenberg2022,Dannenberg et al. 2021,IG,11,460,0.5678586501890672,Kahunda,34,0,Tanzania,-2.3987135559254797,32.06632349624662
Dannenberg2022,Dannenberg et al. 2021,IG,12,503,0.6349175498306376,Kahunda,26,0,Tanzania,-2.3987135559254797,32.06632349624662
Dannenberg2022,Dannenberg et al. 2021,IG,13,373,0.30001002904726987,Kahunda,29,0,Tanzania,-2.3987135559254797,32.06632349624662
Dannenberg2022,Dannenberg et al. 2021,IG,14,212,2.892048548574698,Kahunda,27,0,Tanzania,-2.3987135559254797,32.06632349624662
Dannenberg2022,Dannenberg et al. 2021,IG,15,579,0.7139135843098277,Kahunda,37,0,Tanzania,-2.3987135559254797,32.06632349624662
Dannenberg2022,Dannenberg et al. 2021,IG,16,612,0.7391398866629881,Kahunda,29,0,Tanzania,-2.3987135559254797,32.06632349624662
Dannenberg2022,Dannenberg et al. 2021,IG,17,370,0.28413074245541886,Kahunda,25,0,Tanzania,-2.3987135559254797,32.06632349624662
Dannenberg2022,Dannenberg et al. 2021,IG,18,505,0.6375286857174662,Kahunda,38,0,Tanzania,-2.3987135559254797,32.06632349624662
Dannenberg2022,Dannenberg et al. 2021,IG,1,984,0.9222896994238301,Makatani,57,0,Tanzania,-2.495871536967837,32.00283378362571
Dannenberg2022,Dannenberg et al. 2021,IG,2,529,0.6662131555611215,Makatani,42,0,Tanzania,-2.495871536967837,32.00283378362571
Dannenberg2022,Dannenberg et al. 2021,IG,3,408,0.44179477484106267,Makatani,52,0,Tanzania,-2.495871536967837,32.00283378362571
Dannenberg2022,Dannenberg et al. 2021,IG,4,748,0.8145670580112802,Makatani,55,0,Tanzania,-2.495871536967837,32.00283378362571
Dannenberg2022,Dannenberg et al. 2021,IG,5,472,0.58898411852738,Makatani,48,0,Tanzania,-2.495871536967837,32.00283378362571
Dannenberg2022,Dannenberg et al. 2021,IG,6,662,0.771031289383966,Makatani,39,0,Tanzania,-2.495871536967837,32.00283378362571
Dannenberg2022,Dannenberg et al. 2021,IG,7,710,0.7966570445270359,Makatani,48,0,Tanzania,-2.495871536967837,32.00283378362571
Dannenberg2022,Dannenberg et al. 2021,IG,8,710,0.7966570445270359,Makatani,35,0,Tanzania,-2.495871536967837,32.00283378362571
Dannenberg2022,Dannenberg et al. 2021,IG,9,671,0.7761498324498648,Makatani,45,0,Tanzania,-2.495871536967837,32.00283378362571
Dannenberg2022,Dannenberg et al. 2021,IG,10,833,0.8501414482120441,Makatani,40,0,Tanzania,-2.495871536967837,32.00283378362571
Dannenberg2022,Dannenberg et al. 2021,IG,11,694,0.7885448300222322,Makatani,42,0,Tanzania,-2.495871536967837,32.00283378362571
Dannenberg2022,Dannenberg et al. 2021,IG,12,659,0.7692882664242215,Makatani,37,0,Tanzania,-2.495871536967837,32.00283378362571
Dannenberg2022,Dannenberg et al. 2021,IG,13,202,2.473193888071562,Makatani,28,0,Tanzania,-2.495871536967837,32.00283378362571
Dannenberg2022,Dannenberg et al. 2021,IG,14,514,0.6488345304487809,Makatani,48,0,Tanzania,-2.495871536967837,32.00283378362571
Dannenberg2022,Dannenberg et al. 2021,IG,15,289,-1.044019590433058,Makatani,32,0,Tanzania,-2.495871536967837,32.00283378362571
Dannenberg2022,Dannenberg et al. 2021,IG,16,600,0.7304227103091845,Makatani,34,0,Tanzania,-2.495871536967837,32.00283378362571
Dannenberg2022,Dannenberg et al. 2021,IG,17,739,0.810476282688891,Makatani,32,0,Tanzania,-2.495871536967837,32.00283378362571
Dannenberg2022,Dannenberg et al. 2021,IG,18,728,0.8053560009795099,Makatani,53,0,Tanzania,-2.495871536967837,32.00283378362571
Dannenberg2022,Dannenberg et al. 2021,IG,1,300,-0.6133777550366369,Senga,43,0,Tanzania,-2.6071959338363175,31.971477626961544
Dannenberg2022,Dannenberg et al. 2021,IG,2,707,0.7951648485059803,Senga,46,0,Tanzania,-2.6071959338363175,31.971477626961544
Dannenberg2022,Dannenberg et al. 2021,IG,3,900,0.8769765845238189,Senga,44,0,Tanzania,-2.6071959338363175,31.971477626961544
Dannenberg2022,Dannenberg et al. 2021,IG,4,606,0.7348413186169807,Senga,36,0,Tanzania,-2.6071959338363175,31.971477626961544
Dannenberg2022,Dannenberg et al. 2021,IG,5,468,0.5821830079504833,Senga,40,0,Tanzania,-2.6071959338363175,31.971477626961544
Dannenberg2022,Dannenberg et al. 2021,IG,6,110,1.4086819218735924,Senga,34,0,Tanzania,-2.6071959338363175,31.971477626961544
Dannenberg2022,Dannenberg et al. 2021,IG,7,0,-1,Senga,22,0,Tanzania,-2.6071959338363175,31.971477626961544
Dannenberg2022,Dannenberg et al. 2021,IG,8,811,0.8413135221912843,Senga,28,0,Tanzania,-2.6071959338363175,31.971477626961544
Dannenberg2022,Dannenberg et al. 2021,IG,9,386,0.3609235002200375,Senga,30,0,Tanzania,-2.6071959338363175,31.971477626961544
Dannenberg2022,Dannenberg et al. 2021,IG,10,237,6.744303364986917,Senga,25,0,Tanzania,-2.6071959338363175,31.971477626961544
Dannenberg2022,Dannenberg et al. 2021,IG,11,439,0.5248775708575135,Senga,34,0,Tanzania,-2.6071959338363175,31.971477626961544
Dannenberg2022,Dannenberg et al. 2021,IG,12,272,-2.5531799015740995,Senga,33,0,Tanzania,-2.6071959338363175,31.971477626961544
Dannenberg2022,Dannenberg et al. 2021,IG,13,858,0.8600584657946109,Senga,40,0,Tanzania,-2.6071959338363175,31.971477626961544
Dannenberg2022,Dannenberg et al. 2021,IG,14,306,-0.44951107213732716,Senga,30,0,Tanzania,-2.6071959338363175,31.971477626961544
Dannenberg2022,Dannenberg et al. 2021,IG,15,754,0.8172488302502837,Senga,34,0,Tanzania,-2.6071959338363175,31.971477626961544
Dannenberg2022,Dannenberg et al. 2021,IG,16,594,0.7258775143470809,Senga,40,0,Tanzania,-2.6071959338363175,31.971477626961544
Dannenberg2022,Dannenberg et al. 2021,IG,17,386,0.3609235002200375,Senga,30,0,Tanzania,-2.6071959338363175,31.971477626961544
Dannenberg2022,Dannenberg et al. 2021,IG,18,701,0.7921412972157489,Senga,23,0,Tanzania,-2.6071959338363175,31.971477626961544
Dannenberg2022,Dannenberg et al. 2021,IG,1,900,0.8769765845238189,Senga,33,0,Tanzania,-2.6071959338363175,31.971477626961544
Dannenberg2022,Dannenberg et al. 2021,IG,2,267,-3.570410725661412,Senga,38,0,Tanzania,-2.6071959338363175,31.971477626961544
Dannenberg2022,Dannenberg et al. 2021,IG,3,243,11.758032809576854,Senga,42,0,Tanzania,-2.6071959338363175,31.971477626961544
Dannenberg2022,Dannenberg et al. 2021,IG,4,612,0.7391398866629881,Senga,30,0,Tanzania,-2.6071959338363175,31.971477626961544
Dannenberg2022,Dannenberg et al. 2021,IG,5,490,0.616982387509118,Senga,34,0,Tanzania,-2.6071959338363175,31.971477626961544
Dannenberg2022,Dannenberg et al. 2021,IG,6,805,0.8388744853788245,Senga,44,0,Tanzania,-2.6071959338363175,31.971477626961544
Dannenberg2022,Dannenberg et al. 2021,IG,7,335,0.018139161854347902,Senga,31,0,Tanzania,-2.6071959338363175,31.971477626961544
Dannenberg2022,Dannenberg et al. 2021,IG,8,558,0.6955193583326248,Senga,27,0,Tanzania,-2.6071959338363175,31.971477626961544
Dannenberg2022,Dannenberg et al. 2021,IG,9,445,0.5380465058768245,Senga,27,0,Tanzania,-2.6071959338363175,31.971477626961544
Dannenberg2022,Dannenberg et al. 2021,IG,10,484,0.6080911862425495,Senga,26,0,Tanzania,-2.6071959338363175,31.971477626961544
Dannenberg2022,Dannenberg et al. 2021,IG,11,490,0.616982387509118,Senga,39,0,Tanzania,-2.6071959338363175,31.971477626961544
Dannenberg2022,Dannenberg et al. 2021,IG,12,505,0.6375286857174662,Senga,21,0,Tanzania,-2.6071959338363175,31.971477626961544
Dannenberg2022,Dannenberg et al. 2021,IG,13,1000,1,Senga,67,0,Tanzania,-2.6071959338363175,31.971477626961544
Dannenberg2022,Dannenberg et al. 2021,IG,14,582,0.7163788903876955,Senga,31,0,Tanzania,-2.6071959338363175,31.971477626961544
Dannenberg2022,Dannenberg et al. 2021,IG,15,377,0.3200441764066303,Senga,24,0,Tanzania,-2.6071959338363175,31.971477626961544
Dannenberg2022,Dannenberg et al. 2021,IG,16,496,0.6254751214308442,Senga,30,0,Tanzania,-2.6071959338363175,31.971477626961544
Dannenberg2022,Dannenberg et al. 2021,IG,17,166,1.7863438769118625,Senga,32,0,Tanzania,-2.6071959338363175,31.971477626961544
Dannenberg2022,Dannenberg et al. 2021,IG,18,680,0.7811117521099317,Senga,32,0,Tanzania,-2.6071959338363175,31.971477626961544
Dannenberg2022,Dannenberg et al. 2021,IG,1,575,0.7105667159146033,Mwembeni,45,0,Tanzania,-2.909259042746012,32.23259358177653
Dannenberg2022,Dannenberg et al. 2021,IG,2,594,0.7258775143470809,Mwembeni,32,0,Tanzania,-2.909259042746012,32.23259358177653
Dannenberg2022,Dannenberg et al. 2021,IG,3,0,-1,Mwembeni,42,0,Tanzania,-2.909259042746012,32.23259358177653
Dannenberg2022,Dannenberg et al. 2021,IG,4,722,0.8025027344552407,Mwembeni,42,0,Tanzania,-2.909259042746012,32.23259358177653
Dannenberg2022,Dannenberg et al. 2021,IG,5,226,4.061856724867286,Mwembeni,30,0,Tanzania,-2.909259042746012,32.23259358177653
Dannenberg2022,Dannenberg et al. 2021,IG,6,558,0.6955193583326248,Mwembeni,50,0,Tanzania,-2.909259042746012,32.23259358177653
Dannenberg2022,Dannenberg et al. 2021,IG,7,546,0.684004096894798,Mwembeni,45,0,Tanzania,-2.909259042746012,32.23259358177653
Dannenberg2022,Dannenberg et al. 2021,IG,8,240,8.499277724691993,Mwembeni,54,0,Tanzania,-2.909259042746012,32.23259358177653
Dannenberg2022,Dannenberg et al. 2021,IG,9,1000,1,Mwembeni,38,0,Tanzania,-2.909259042746012,32.23259358177653
Dannenberg2022,Dannenberg et al. 2021,IG,10,641,0.7584100389519104,Mwembeni,40,0,Tanzania,-2.909259042746012,32.23259358177653
Dannenberg2022,Dannenberg et al. 2021,IG,11,261,-6.010749290707646,Mwembeni,46,0,Tanzania,-2.909259042746012,32.23259358177653
Dannenberg2022,Dannenberg et al. 2021,IG,12,793,0.833942608788748,Mwembeni,29,0,Tanzania,-2.909259042746012,32.23259358177653
Dannenberg2022,Dannenberg et al. 2021,IG,13,300,-0.6133777550366369,Mwembeni,27,0,Tanzania,-2.909259042746012,32.23259358177653
Dannenberg2022,Dannenberg et al. 2021,IG,14,600,0.7304227103091845,Mwembeni,27,0,Tanzania,-2.909259042746012,32.23259358177653
Dannenberg2022,Dannenberg et al. 2021,IG,15,508,0.6413765065704814,Mwembeni,24,0,Tanzania,-2.909259042746012,32.23259358177653
Dannenberg2022,Dannenberg et al. 2021,IG,16,749,0.8150164622173378,Mwembeni,39,0,Tanzania,-2.909259042746012,32.23259358177653
Dannenberg2022,Dannenberg et al. 2021,IG,17,315,-0.2601238032153957,Mwembeni,43,0,Tanzania,-2.909259042746012,32.23259358177653
Dannenberg2022,Dannenberg et al. 2021,IG,18,494,0.6226866684046373,Mwembeni,40,0,Tanzania,-2.909259042746012,32.23259358177653
Dannenberg2022,Dannenberg et al. 2021,IG,1,612,0.7391398866629881,Mwembeni,26,0,Tanzania,-2.909259042746012,32.23259358177653
Dannenberg2022,Dannenberg et al. 2021,IG,2,294,-0.821686152295689,Mwembeni,30,0,Tanzania,-2.909259042746012,32.23259358177653
Dannenberg2022,Dannenberg et al. 2021,IG,3,306,-0.44951107213732716,Mwembeni,32,0,Tanzania,-2.909259042746012,32.23259358177653
Dannenberg2022,Dannenberg et al. 2021,IG,4,249,76.92316104561806,Mwembeni,43,0,Tanzania,-2.909259042746012,32.23259358177653
Dannenberg2022,Dannenberg et al. 2021,IG,5,377,0.3200441764066303,Mwembeni,19,0,Tanzania,-2.909259042746012,32.23259358177653
Dannenberg2022,Dannenberg et al. 2021,IG,6,400,0.4150374992788431,Mwembeni,38,0,Tanzania,-2.909259042746012,32.23259358177653
Dannenberg2022,Dannenberg et al. 2021,IG,7,505,0.6375286857174662,Mwembeni,42,0,Tanzania,-2.909259042746012,32.23259358177653
Dannenberg2022,Dannenberg et al. 2021,IG,8,492,0.6198561083332337,Mwembeni,42,0,Tanzania,-2.909259042746012,32.23259358177653
Dannenberg2022,Dannenberg et al. 2021,IG,9,701,0.7921412972157489,Mwembeni,27,0,Tanzania,-2.909259042746012,32.23259358177653
Dannenberg2022,Dannenberg et al. 2021,IG,10,460,0.5678586501890672,Mwembeni,29,0,Tanzania,-2.909259042746012,32.23259358177653
Dannenberg2022,Dannenberg et al. 2021,IG,11,118,1.4441529909252309,Mwembeni,31,0,Tanzania,-2.909259042746012,32.23259358177653
Dannenberg2022,Dannenberg et al. 2021,IG,12,998,0.9445420603257875,Mwembeni,26,0,Tanzania,-2.909259042746012,32.23259358177653
Dannenberg2022,Dannenberg et al. 2021,IG,13,630,0.7513748635539852,Mwembeni,35,0,Tanzania,-2.909259042746012,32.23259358177653
Dannenberg2022,Dannenberg et al. 2021,IG,14,466,0.5786946901724638,Mwembeni,39,0,Tanzania,-2.909259042746012,32.23259358177653
Dannenberg2022,Dannenberg et al. 2021,IG,15,570,0.7062833421575291,Mwembeni,35,0,Tanzania,-2.909259042746012,32.23259358177653
Dannenberg2022,Dannenberg et al. 2021,IG,16,255,-14.305412722742568,Mwembeni,37,0,Tanzania,-2.909259042746012,32.23259358177653
Dannenberg2022,Dannenberg et al. 2021,IG,17,606,0.7348413186169807,Mwembeni,35,0,Tanzania,-2.909259042746012,32.23259358177653
Dannenberg2022,Dannenberg et al. 2021,IG,18,731,0.8067662719495438,Mwembeni,34,0,Tanzania,-2.909259042746012,32.23259358177653
Dannenberg2022,Dannenberg et al. 2021,IG,1,799,0.8364181670481509,Kakete,42,0,Tanzania,0.133333,30.783333
Dannenberg2022,Dannenberg et al. 2021,IG,2,362,0.23773035960052966,Kakete,29,0,Tanzania,0.133333,30.783333
Dannenberg2022,Dannenberg et al. 2021,IG,3,635,0.7546115664396404,Kakete,35,0,Tanzania,0.133333,30.783333
Dannenberg2022,Dannenberg et al. 2021,IG,4,353,0.17711165444610322,Kakete,42,0,Tanzania,0.133333,30.783333
Dannenberg2022,Dannenberg et al. 2021,IG,5,389,0.3734068213599232,Kakete,44,0,Tanzania,0.133333,30.783333
Dannenberg2022,Dannenberg et al. 2021,IG,6,365,0.25586981932644887,Kakete,39,0,Tanzania,0.133333,30.783333
Dannenberg2022,Dannenberg et al. 2021,IG,7,540,0.6779351701714538,Kakete,33,0,Tanzania,0.133333,30.783333
Dannenberg2022,Dannenberg et al. 2021,IG,8,139,1.559255828965046,Kakete,39,0,Tanzania,0.133333,30.783333
Dannenberg2022,Dannenberg et al. 2021,IG,9,505,0.6375286857174662,Kakete,65,0,Tanzania,0.133333,30.783333
Dannenberg2022,Dannenberg et al. 2021,IG,10,288,-1.0954826064786127,Kakete,36,0,Tanzania,0.133333,30.783333
Dannenberg2022,Dannenberg et al. 2021,IG,11,222,3.608551952887948,Kakete,37,0,Tanzania,0.133333,30.783333
Dannenberg2022,Dannenberg et al. 2021,IG,12,359,0.21861432050350632,Kakete,45,0,Tanzania,0.133333,30.783333
Dannenberg2022,Dannenberg et al. 2021,IG,13,187,2.092867807163384,Kakete,72,0,Tanzania,0.133333,30.783333
Dannenberg2022,Dannenberg et al. 2021,IG,14,282,-1.471597840686127,Kakete,40,0,Tanzania,0.133333,30.783333
Dannenberg2022,Dannenberg et al. 2021,IG,15,404,0.4287506054887194,Kakete,52,0,Tanzania,0.133333,30.783333
Dannenberg2022,Dannenberg et al. 2021,IG,16,365,0.25586981932644887,Kakete,40,0,Tanzania,0.133333,30.783333
Dannenberg2022,Dannenberg et al. 2021,IG,17,433,0.5108930633627999,Kakete,32,1,Tanzania,0.133333,30.783333
Dannenberg2022,Dannenberg et al. 2021,IG,18,142,1.5790995708428357,Kakete,58,0,Tanzania,0.133333,30.783333
Dannenberg2022,Dannenberg et al. 2021,IG,1,736,0.809093466561298,Igabilo,38,0,Tanzania,-2.726244047330907,30.645804654790666
Dannenberg2022,Dannenberg et al. 2021,IG,2,353,0.17711165444610322,Igabilo,35,0,Tanzania,-2.726244047330907,30.645804654790666
Dannenberg2022,Dannenberg et al. 2021,IG,3,805,0.8388744853788245,Igabilo,41,0,Tanzania,-2.726244047330907,30.645804654790666
Dannenberg2022,Dannenberg et al. 2021,IG,4,707,0.7951648485059803,Igabilo,33,0,Tanzania,-2.726244047330907,30.645804654790666
Dannenberg2022,Dannenberg et al. 2021,IG,5,1000,1,Igabilo,41,0,Tanzania,-2.726244047330907,30.645804654790666
Dannenberg2022,Dannenberg et al. 2021,IG,6,726,0.8044098314082659,Igabilo,38,0,Tanzania,-2.726244047330907,30.645804654790666
Dannenberg2022,Dannenberg et al. 2021,IG,7,0,-1,Igabilo,48,0,Tanzania,-2.726244047330907,30.645804654790666
Dannenberg2022,Dannenberg et al. 2021,IG,8,710,0.7966570445270359,Igabilo,24,0,Tanzania,-2.726244047330907,30.645804654790666
Dannenberg2022,Dannenberg et al. 2021,IG,9,811,0.8413135221912843,Igabilo,42,0,Tanzania,-2.726244047330907,30.645804654790666
Dannenberg2022,Dannenberg et al. 2021,IG,10,537,0.6748171231033774,Igabilo,32,0,Tanzania,-2.726244047330907,30.645804654790666
Dannenberg2022,Dannenberg et al. 2021,IG,11,300,-0.6133777550366369,Igabilo,34,0,Tanzania,-2.726244047330907,30.645804654790666
Dannenberg2022,Dannenberg et al. 2021,IG,12,152,1.6535671574038762,Igabilo,56,0,Tanzania,-2.726244047330907,30.645804654790666
Dannenberg2022,Dannenberg et al. 2021,IG,13,216,3.1282210529636143,Igabilo,48,0,Tanzania,-2.726244047330907,30.645804654790666
Dannenberg2022,Dannenberg et al. 2021,IG,14,511,0.6451442082370373,Igabilo,40,0,Tanzania,-2.726244047330907,30.645804654790666
Dannenberg2022,Dannenberg et al. 2021,IG,15,505,0.6375286857174662,Igabilo,33,0,Tanzania,-2.726244047330907,30.645804654790666
Dannenberg2022,Dannenberg et al. 2021,IG,16,720,0.8015416336126984,Igabilo,41,0,Tanzania,-2.726244047330907,30.645804654790666
Dannenberg2022,Dannenberg et al. 2021,IG,17,768,0.8233779014361852,Igabilo,44,0,Tanzania,-2.726244047330907,30.645804654790666
Dannenberg2022,Dannenberg et al. 2021,IG,18,255,-14.305412722742568,Igabilo,46,0,Tanzania,-2.726244047330907,30.645804654790666
Dannenberg2022,Dannenberg et al. 2021,IG,1,1000,1,Igabilo,31,0,Tanzania,-2.726244047330907,30.645804654790666
Dannenberg2022,Dannenberg et al. 2021,IG,2,350,0.1545290492811912,Igabilo,26,0,Tanzania,-2.726244047330907,30.645804654790666
Dannenberg2022,Dannenberg et al. 2021,IG,3,751,0.8159123113214443,Igabilo,45,0,Tanzania,-2.726244047330907,30.645804654790666
Dannenberg2022,Dannenberg et al. 2021,IG,4,7,1.1051460617039655,Igabilo,25,0,Tanzania,-2.726244047330907,30.645804654790666
Dannenberg2022,Dannenberg et al. 2021,IG,5,499,0.6295810724205416,Igabilo,32,0,Tanzania,-2.726244047330907,30.645804654790666
Dannenberg2022,Dannenberg et al. 2021,IG,6,585,0.7188069343933116,Igabilo,25,0,Tanzania,-2.726244047330907,30.645804654790666
Dannenberg2022,Dannenberg et al. 2021,IG,7,1000,1,Igabilo,34,0,Tanzania,-2.726244047330907,30.645804654790666
Dannenberg2022,Dannenberg et al. 2021,IG,8,534,0.6716409765438955,Igabilo,35,0,Tanzania,-2.726244047330907,30.645804654790666
Dannenberg2022,Dannenberg et al. 2021,IG,9,426,0.4934359784802079,Igabilo,28,0,Tanzania,-2.726244047330907,30.645804654790666
Dannenberg2022,Dannenberg et al. 2021,IG,10,142,1.5790995708428357,Igabilo,33,0,Tanzania,-2.726244047330907,30.645804654790666
Dannenberg2022,Dannenberg et al. 2021,IG,11,750,0.8154648767857281,Igabilo,19,0,Tanzania,-2.726244047330907,30.645804654790666
Dannenberg2022,Dannenberg et al. 2021,IG,12,547,0.6849946518738984,Igabilo,35,0,Tanzania,-2.726244047330907,30.645804654790666
Dannenberg2022,Dannenberg et al. 2021,IG,13,751,0.8159123113214443,Igabilo,37,0,Tanzania,-2.726244047330907,30.645804654790666
Dannenberg2022,Dannenberg et al. 2021,IG,14,199,2.379396543339043,Igabilo,47,0,Tanzania,-2.726244047330907,30.645804654790666
Dannenberg2022,Dannenberg et al. 2021,IG,15,193,2.221202499927927,Igabilo,30,0,Tanzania,-2.726244047330907,30.645804654790666
Dannenberg2022,Dannenberg et al. 2021,IG,16,401,0.418531389712607,Igabilo,46,0,Tanzania,-2.726244047330907,30.645804654790666
Dannenberg2022,Dannenberg et al. 2021,IG,17,725,0.8039349180443356,Igabilo,30,0,Tanzania,-2.726244047330907,30.645804654790666
Dannenberg2022,Dannenberg et al. 2021,IG,18,537,0.6748171231033774,Igabilo,26,0,Tanzania,-2.726244047330907,30.645804654790666
Dannenberg2022,Dannenberg et al. 2021,IG,1,118,1.4441529909252309,Mubembe,30,0,Tanzania,-1.2929267725616311, 31.553147127802593
Dannenberg2022,Dannenberg et al. 2021,IG,2,142,1.5790995708428357,Mubembe,27,0,Tanzania,-1.2929267725616311, 31.553147127802593
Dannenberg2022,Dannenberg et al. 2021,IG,3,600,0.7304227103091845,Mubembe,28,0,Tanzania,-1.2929267725616311, 31.553147127802593
Dannenberg2022,Dannenberg et al. 2021,IG,4,505,0.6375286857174662,Mubembe,26,0,Tanzania,-1.2929267725616311, 31.553147127802593
Dannenberg2022,Dannenberg et al. 2021,IG,5,534,0.6716409765438955,Mubembe,34,0,Tanzania,-1.2929267725616311, 31.553147127802593
Dannenberg2022,Dannenberg et al. 2021,IG,6,233,5.367538991776239,Mubembe,48,0,Tanzania,-1.2929267725616311, 31.553147127802593
Dannenberg2022,Dannenberg et al. 2021,IG,7,621,0.7453759836756485,Mubembe,44,0,Tanzania,-1.2929267725616311, 31.553147127802593
Dannenberg2022,Dannenberg et al. 2021,IG,8,707,0.7951648485059803,Mubembe,37,0,Tanzania,-1.2929267725616311, 31.553147127802593
Dannenberg2022,Dannenberg et al. 2021,IG,9,300,-0.6133777550366369,Mubembe,49,0,Tanzania,-1.2929267725616311, 31.553147127802593
Dannenberg2022,Dannenberg et al. 2021,IG,10,335,0.018139161854347902,Mubembe,47,0,Tanzania,-1.2929267725616311, 31.553147127802593
Dannenberg2022,Dannenberg et al. 2021,IG,11,499,0.6295810724205416,Mubembe,42,0,Tanzania,-1.2929267725616311, 31.553147127802593
Dannenberg2022,Dannenberg et al. 2021,IG,12,496,0.6254751214308442,Mubembe,37,0,Tanzania,-1.2929267725616311, 31.553147127802593
Dannenberg2022,Dannenberg et al. 2021,IG,13,618,0.7433245512949737,Mubembe,36,0,Tanzania,-1.2929267725616311, 31.553147127802593
Dannenberg2022,Dannenberg et al. 2021,IG,14,609,0.7370052149076831,Mubembe,28,0,Tanzania,-1.2929267725616311, 31.553147127802593
Dannenberg2022,Dannenberg et al. 2021,IG,15,524,0.6606095092744706,Mubembe,29,0,Tanzania,-1.2929267725616311, 31.553147127802593
Dannenberg2022,Dannenberg et al. 2021,IG,16,1000,1,Mubembe,48,0,Tanzania,-1.2929267725616311, 31.553147127802593
Dannenberg2022,Dannenberg et al. 2021,IG,17,775,0.8263811496124114,Mubembe,50,0,Tanzania,-1.2929267725616311, 31.553147127802593
Dannenberg2022,Dannenberg et al. 2021,IG,18,523,0.6594668252251775,Mubembe,28,0,Tanzania,-1.2929267725616311, 31.553147127802593
Dannenberg2022,Dannenberg et al. 2021,IG,1,520,0.6559933913090233,Mubembe,44,0,Tanzania,-1.2929267725616311, 31.553147127802593
Dannenberg2022,Dannenberg et al. 2021,IG,2,217,3.196178103447595,Mubembe,50,0,Tanzania,-1.2929267725616311, 31.553147127802593
Dannenberg2022,Dannenberg et al. 2021,IG,3,570,0.7062833421575291,Mubembe,38,0,Tanzania,-1.2929267725616311, 31.553147127802593
Dannenberg2022,Dannenberg et al. 2021,IG,4,885,0.8708408669620443,Mubembe,27,0,Tanzania,-1.2929267725616311, 31.553147127802593
Dannenberg2022,Dannenberg et al. 2021,IG,5,766,0.8225126551196036,Mubembe,22,0,Tanzania,-1.2929267725616311, 31.553147127802593
Dannenberg2022,Dannenberg et al. 2021,IG,6,647,0.7621194709696532,Mubembe,50,0,Tanzania,-1.2929267725616311, 31.553147127802593
Dannenberg2022,Dannenberg et al. 2021,IG,7,615,0.7412460884482107,Mubembe,35,0,Tanzania,-1.2929267725616311, 31.553147127802593
Dannenberg2022,Dannenberg et al. 2021,IG,8,484,0.6080911862425495,Mubembe,32,0,Tanzania,-1.2929267725616311, 31.553147127802593
Dannenberg2022,Dannenberg et al. 2021,IG,9,410,0.448081654221254,Mubembe,22,0,Tanzania,-1.2929267725616311, 31.553147127802593
Dannenberg2022,Dannenberg et al. 2021,IG,10,586,0.7196081791358728,Mubembe,36,0,Tanzania,-1.2929267725616311, 31.553147127802593
Dannenberg2022,Dannenberg et al. 2021,IG,11,410,0.448081654221254,Mubembe,45,0,Tanzania,-1.2929267725616311, 31.553147127802593
Dannenberg2022,Dannenberg et al. 2021,IG,12,598,0.7289220461307888,Mubembe,45,0,Tanzania,-1.2929267725616311, 31.553147127802593
Dannenberg2022,Dannenberg et al. 2021,IG,13,511,0.6451442082370373,Mubembe,34,0,Tanzania,-1.2929267725616311, 31.553147127802593
Dannenberg2022,Dannenberg et al. 2021,IG,14,838,0.8521298057809172,Mubembe,48,0,Tanzania,-1.2929267725616311, 31.553147127802593
Dannenberg2022,Dannenberg et al. 2021,IG,15,762,0.8207721220653768,Mubembe,48,0,Tanzania,-1.2929267725616311, 31.553147127802593
Dannenberg2022,Dannenberg et al. 2021,IG,16,11,1.1192478929884004,Mubembe,52,0,Tanzania,-1.2929267725616311, 31.553147127802593
Dannenberg2022,Dannenberg et al. 2021,IG,17,644,0.7602756092388979,Mubembe,28,0,Tanzania,-1.2929267725616311, 31.553147127802593
Dannenberg2022,Dannenberg et al. 2021,IG,18,805,0.8388744853788245,Mubembe,26,0,Tanzania,-1.2929267725616311, 31.553147127802593
Dannenberg2022,Dannenberg et al. 2021,IG,1,448,0.5443482584707611,Makoko,45,0,Tanzania,-7.963328400941517,33.65912831264465
Dannenberg2022,Dannenberg et al. 2021,IG,2,0,-1,Makoko,47,0,Tanzania,-7.963328400941517,33.65912831264465
Dannenberg2022,Dannenberg et al. 2021,IG,3,353,0.17711165444610322,Makoko,36,0,Tanzania,-7.963328400941517,33.65912831264465
Dannenberg2022,Dannenberg et al. 2021,IG,4,517,0.65245009075381,Makoko,23,0,Tanzania,-7.963328400941517,33.65912831264465
Dannenberg2022,Dannenberg et al. 2021,IG,5,701,0.7921412972157489,Makoko,29,0,Tanzania,-7.963328400941517,33.65912831264465
Dannenberg2022,Dannenberg et al. 2021,IG,6,392,0.38537885216027373,Makoko,50,0,Tanzania,-7.963328400941517,33.65912831264465
Dannenberg2022,Dannenberg et al. 2021,IG,7,606,0.7348413186169807,Makoko,29,0,Tanzania,-7.963328400941517,33.65912831264465
Dannenberg2022,Dannenberg et al. 2021,IG,8,0,-1,Makoko,23,0,Tanzania,-7.963328400941517,33.65912831264465
Dannenberg2022,Dannenberg et al. 2021,IG,9,0,-1,Makoko,50,0,Tanzania,-7.963328400941517,33.65912831264465
Dannenberg2022,Dannenberg et al. 2021,IG,10,445,0.5380465058768245,Makoko,49,0,Tanzania,-7.963328400941517,33.65912831264465
Dannenberg2022,Dannenberg et al. 2021,IG,11,199,2.379396543339043,Makoko,47,0,Tanzania,-7.963328400941517,33.65912831264465
Dannenberg2022,Dannenberg et al. 2021,IG,12,568,0.7045378494439422,Makoko,42,0,Tanzania,-7.963328400941517,33.65912831264465
Dannenberg2022,Dannenberg et al. 2021,IG,13,499,0.6295810724205416,Makoko,24,0,Tanzania,-7.963328400941517,33.65912831264465
Dannenberg2022,Dannenberg et al. 2021,IG,14,341,0.07800902125386955,Makoko,25,0,Tanzania,-7.963328400941517,33.65912831264465
Dannenberg2022,Dannenberg et al. 2021,IG,15,184,2.0373498536371573,Makoko,42,0,Tanzania,-7.963328400941517,33.65912831264465
Dannenberg2022,Dannenberg et al. 2021,IG,16,499,0.6295810724205416,Makoko,28,0,Tanzania,-7.963328400941517,33.65912831264465
Dannenberg2022,Dannenberg et al. 2021,IG,17,419,0.47460404548901663,Makoko,30,0,Tanzania,-7.963328400941517,33.65912831264465
Dannenberg2022,Dannenberg et al. 2021,IG,18,178,1.9400028408332086,Makoko,32,0,Tanzania,-7.963328400941517,33.65912831264465
Dannenberg2022,Dannenberg et al. 2021,IG,1,335,0.018139161854347902,Makoko,31,0,Tanzania,-7.963328400941517,33.65912831264465
Dannenberg2022,Dannenberg et al. 2021,IG,2,166,1.7863438769118625,Makoko,23,0,Tanzania,-7.963328400941517,33.65912831264465
Dannenberg2022,Dannenberg et al. 2021,IG,3,511,0.6451442082370373,Makoko,20,0,Tanzania,-7.963328400941517,33.65912831264465
Dannenberg2022,Dannenberg et al. 2021,IG,4,300,-0.6133777550366369,Makoko,29,0,Tanzania,-7.963328400941517,33.65912831264465
Dannenberg2022,Dannenberg et al. 2021,IG,5,600,0.7304227103091845,Makoko,39,0,Tanzania,-7.963328400941517,33.65912831264465
Dannenberg2022,Dannenberg et al. 2021,IG,6,181,1.9865936882390878,Makoko,25,0,Tanzania,-7.963328400941517,33.65912831264465
Dannenberg2022,Dannenberg et al. 2021,IG,7,744,0.8127593514034641,Makoko,36,0,Tanzania,-7.963328400941517,33.65912831264465
Dannenberg2022,Dannenberg et al. 2021,IG,8,9,1.1125392381963928,Makoko,22,0,Tanzania,-7.963328400941517,33.65912831264465
Dannenberg2022,Dannenberg et al. 2021,IG,9,300,-0.6133777550366369,Makoko,24,0,Tanzania,-7.963328400941517,33.65912831264465
Dannenberg2022,Dannenberg et al. 2021,IG,10,347,0.13057474730085844,Makoko,35,0,Tanzania,-7.963328400941517,33.65912831264465
Dannenberg2022,Dannenberg et al. 2021,IG,11,653,0.7657441840297691,Makoko,43,0,Tanzania,-7.963328400941517,33.65912831264465
Dannenberg2022,Dannenberg et al. 2021,IG,12,398,0.40791318178082375,Makoko,52,0,Tanzania,-7.963328400941517,33.65912831264465
Dannenberg2022,Dannenberg et al. 2021,IG,13,671,0.7761498324498648,Makoko,31,0,Tanzania,-7.963328400941517,33.65912831264465
Dannenberg2022,Dannenberg et al. 2021,IG,14,600,0.7304227103091845,Makoko,50,0,Tanzania,-7.963328400941517,33.65912831264465
Dannenberg2022,Dannenberg et al. 2021,IG,15,680,0.7811117521099317,Makoko,35,0,Tanzania,-7.963328400941517,33.65912831264465
Dannenberg2022,Dannenberg et al. 2021,IG,16,154,1.6702407027377062,Makoko,30,0,Tanzania,-7.963328400941517,33.65912831264465
Dannenberg2022,Dannenberg et al. 2021,IG,17,291,-0.9486017445192553,Makoko,42,0,Tanzania,-7.963328400941517,33.65912831264465
Dannenberg2022,Dannenberg et al. 2021,IG,18,1000,1,Makoko,28,0,Tanzania,-7.963328400941517,33.65912831264465
Dannenberg2022,Dannenberg et al. 2021,IG,1,600,0.7304227103091845,Kibuyi,29,0,Tanzania,-1.4156169810606982,33.813314888200416
Dannenberg2022,Dannenberg et al. 2021,IG,2,294,-0.821686152295689,Kibuyi,42,0,Tanzania,-1.4156169810606982,33.813314888200416
Dannenberg2022,Dannenberg et al. 2021,IG,3,502,0.6335978764858422,Kibuyi,37,0,Tanzania,-1.4156169810606982,33.813314888200416
Dannenberg2022,Dannenberg et al. 2021,IG,4,255,-14.305412722742568,Kibuyi,34,0,Tanzania,-1.4156169810606982,33.813314888200416
Dannenberg2022,Dannenberg et al. 2021,IG,5,692,0.7875030474950827,Kibuyi,38,0,Tanzania,-1.4156169810606982,33.813314888200416
Dannenberg2022,Dannenberg et al. 2021,IG,6,506,0.6388203691638464,Kibuyi,38,0,Tanzania,-1.4156169810606982,33.813314888200416
Dannenberg2022,Dannenberg et al. 2021,IG,7,424,0.48820295728743957,Kibuyi,30,0,Tanzania,-1.4156169810606982,33.813314888200416
Dannenberg2022,Dannenberg et al. 2021,IG,8,300,-0.6133777550366369,Kibuyi,32,0,Tanzania,-1.4156169810606982,33.813314888200416
Dannenberg2022,Dannenberg et al. 2021,IG,9,312,-0.31718655027927545,Kibuyi,48,0,Tanzania,-1.4156169810606982,33.813314888200416
Dannenberg2022,Dannenberg et al. 2021,IG,10,312,-0.31718655027927545,Kibuyi,40,0,Tanzania,-1.4156169810606982,33.813314888200416
Dannenberg2022,Dannenberg et al. 2021,IG,11,272,-2.5531799015740995,Kibuyi,43,0,Tanzania,-1.4156169810606982,33.813314888200416
Dannenberg2022,Dannenberg et al. 2021,IG,12,606,0.7348413186169807,Kibuyi,44,0,Tanzania,-1.4156169810606982,33.813314888200416
Dannenberg2022,Dannenberg et al. 2021,IG,13,517,0.65245009075381,Kibuyi,42,0,Tanzania,-1.4156169810606982,33.813314888200416
Dannenberg2022,Dannenberg et al. 2021,IG,14,297,-0.7109132215697074,Kibuyi,43,0,Tanzania,-1.4156169810606982,33.813314888200416
Dannenberg2022,Dannenberg et al. 2021,IG,15,564,0.7009897912154858,Kibuyi,32,0,Tanzania,-1.4156169810606982,33.813314888200416
Dannenberg2022,Dannenberg et al. 2021,IG,16,763,0.8212085332822707,Kibuyi,40,0,Tanzania,-1.4156169810606982,33.813314888200416
Dannenberg2022,Dannenberg et al. 2021,IG,17,600,0.7304227103091845,Kibuyi,39,0,Tanzania,-1.4156169810606982,33.813314888200416
Dannenberg2022,Dannenberg et al. 2021,IG,18,318,-0.20805726378363706,Kibuyi,38,0,Tanzania,-1.4156169810606982,33.813314888200416
Dannenberg2022,Dannenberg et al. 2021,IG,1,728,0.8053560009795099,Kibuyi,37,0,Tanzania,-1.4156169810606982,33.813314888200416
Dannenberg2022,Dannenberg et al. 2021,IG,2,757,0.8185768713293182,Kibuyi,55,0,Tanzania,-1.4156169810606982,33.813314888200416
Dannenberg2022,Dannenberg et al. 2021,IG,3,695,0.7890633121259109,Kibuyi,42,0,Tanzania,-1.4156169810606982,33.813314888200416
Dannenberg2022,Dannenberg et al. 2021,IG,4,597,0.7281663620233194,Kibuyi,34,0,Tanzania,-1.4156169810606982,33.813314888200416
Dannenberg2022,Dannenberg et al. 2021,IG,5,859,0.8604549377171069,Kibuyi,56,0,Tanzania,-1.4156169810606982,33.813314888200416
Dannenberg2022,Dannenberg et al. 2021,IG,6,722,0.8025027344552407,Kibuyi,54,0,Tanzania,-1.4156169810606982,33.813314888200416
Dannenberg2022,Dannenberg et al. 2021,IG,7,659,0.7692882664242215,Kibuyi,45,0,Tanzania,-1.4156169810606982,33.813314888200416
Dannenberg2022,Dannenberg et al. 2021,IG,8,615,0.7412460884482107,Kibuyi,20,0,Tanzania,-1.4156169810606982,33.813314888200416
Dannenberg2022,Dannenberg et al. 2021,IG,9,832,0.8497431904618054,Kibuyi,40,0,Tanzania,-1.4156169810606982,33.813314888200416
Dannenberg2022,Dannenberg et al. 2021,IG,10,246,19.904085951436087,Kibuyi,44,0,Tanzania,-1.4156169810606982,33.813314888200416
Dannenberg2022,Dannenberg et al. 2021,IG,11,523,0.6594668252251775,Kibuyi,39,0,Tanzania,-1.4156169810606982,33.813314888200416
Dannenberg2022,Dannenberg et al. 2021,IG,12,785,0.8306085866150938,Kibuyi,28,0,Tanzania,-1.4156169810606982,33.813314888200416
Dannenberg2022,Dannenberg et al. 2021,IG,13,386,0.3609235002200375,Kibuyi,23,0,Tanzania,-1.4156169810606982,33.813314888200416
Dannenberg2022,Dannenberg et al. 2021,IG,14,781,0.8289260281169769,Kibuyi,37,0,Tanzania,-1.4156169810606982,33.813314888200416
Dannenberg2022,Dannenberg et al. 2021,IG,15,463,0.5733478801885797,Kibuyi,45,0,Tanzania,-1.4156169810606982,33.813314888200416
Dannenberg2022,Dannenberg et al. 2021,IG,16,717,0.8000902941000695,Kibuyi,24,0,Tanzania,-1.4156169810606982,33.813314888200416
Dannenberg2022,Dannenberg et al. 2021,IG,17,600,0.7304227103091845,Kibuyi,30,0,Tanzania,-1.4156169810606982,33.813314888200416
Dannenberg2022,Dannenberg et al. 2021,IG,18,558,0.6955193583326248,Kibuyi,45,0,Tanzania,-1.4156169810606982,33.813314888200416
Dannenberg2022,Dannenberg et al. 2021,IG,1,255,-14.305412722742568,Kanga,37,0,Kenya,-0.7855195354883444,34.584250575018466
Dannenberg2022,Dannenberg et al. 2021,IG,2,718,0.8005753805600416,Kanga,46,0,Kenya,-0.7855195354883444,34.584250575018466
Dannenberg2022,Dannenberg et al. 2021,IG,3,323,-0.13071009423430588,Kanga,52,0,Kenya,-0.7855195354883444,34.584250575018466
Dannenberg2022,Dannenberg et al. 2021,IG,4,300,-0.6133777550366369,Kanga,33,0,Kenya,-0.7855195354883444,34.584250575018466
Dannenberg2022,Dannenberg et al. 2021,IG,5,300,-0.6133777550366369,Kanga,28,0,Kenya,-0.7855195354883444,34.584250575018466
Dannenberg2022,Dannenberg et al. 2021,IG,6,392,0.38537885216027373,Kanga,37,0,Kenya,-0.7855195354883444,34.584250575018466
Dannenberg2022,Dannenberg et al. 2021,IG,7,136,1.540399953211684,Kanga,28,0,Kenya,-0.7855195354883444,34.584250575018466
Dannenberg2022,Dannenberg et al. 2021,IG,8,50,1.2196658603948887,Kanga,45,0,Kenya,-0.7855195354883444,34.584250575018466
Dannenberg2022,Dannenberg et al. 2021,IG,9,200,2.4094208396532175,Kanga,40,0,Kenya,-0.7855195354883444,34.584250575018466
Dannenberg2022,Dannenberg et al. 2021,IG,10,659,0.7692882664242215,Kanga,39,0,Kenya,-0.7855195354883444,34.584250575018466
Dannenberg2022,Dannenberg et al. 2021,IG,11,751,0.8159123113214443,Kanga,24,0,Kenya,-0.7855195354883444,34.584250575018466
Dannenberg2022,Dannenberg et al. 2021,IG,12,601,0.7311677536838458,Kanga,50,0,Kenya,-0.7855195354883444,34.584250575018466
Dannenberg2022,Dannenberg et al. 2021,IG,13,202,2.473193888071562,Kanga,30,0,Kenya,-0.7855195354883444,34.584250575018466
Dannenberg2022,Dannenberg et al. 2021,IG,14,145,1.6000175291217147,Kanga,58,0,Kenya,-0.7855195354883444,34.584250575018466
Dannenberg2022,Dannenberg et al. 2021,IG,15,291,-0.9486017445192553,Kanga,31,0,Kenya,-0.7855195354883444,34.584250575018466
Dannenberg2022,Dannenberg et al. 2021,IG,16,719,0.8010591566671127,Kanga,33,0,Kenya,-0.7855195354883444,34.584250575018466
Dannenberg2022,Dannenberg et al. 2021,IG,17,472,0.58898411852738,Kanga,36,0,Kenya,-0.7855195354883444,34.584250575018466
Dannenberg2022,Dannenberg et al. 2021,IG,18,612,0.7391398866629881,Kanga,45,0,Kenya,-0.7855195354883444,34.584250575018466
Dannenberg2022,Dannenberg et al. 2021,IG,1,799,0.8364181670481509,Kanga,32,0,Kenya,-0.7855195354883444,34.584250575018466
Dannenberg2022,Dannenberg et al. 2021,IG,2,600,0.7304227103091845,Kanga,51,0,Kenya,-0.7855195354883444,34.584250575018466
Dannenberg2022,Dannenberg et al. 2021,IG,3,606,0.7348413186169807,Kanga,29,0,Kenya,-0.7855195354883444,34.584250575018466
Dannenberg2022,Dannenberg et al. 2021,IG,4,793,0.833942608788748,Kanga,35,0,Kenya,-0.7855195354883444,34.584250575018466
Dannenberg2022,Dannenberg et al. 2021,IG,5,534,0.6716409765438955,Kanga,54,0,Kenya,-0.7855195354883444,34.584250575018466
Dannenberg2022,Dannenberg et al. 2021,IG,6,502,0.6335978764858422,Kanga,40,0,Kenya,-0.7855195354883444,34.584250575018466
Dannenberg2022,Dannenberg et al. 2021,IG,7,852,0.8576809324408102,Kanga,30,0,Kenya,-0.7855195354883444,34.584250575018466
Dannenberg2022,Dannenberg et al. 2021,IG,8,366,0.26171236643469586,Kanga,40,0,Kenya,-0.7855195354883444,34.584250575018466
Dannenberg2022,Dannenberg et al. 2021,IG,9,618,0.7433245512949737,Kanga,31,0,Kenya,-0.7855195354883444,34.584250575018466
Dannenberg2022,Dannenberg et al. 2021,IG,10,745,0.8132128109598158,Kanga,41,0,Kenya,-0.7855195354883444,34.584250575018466
Dannenberg2022,Dannenberg et al. 2021,IG,11,716,0.7996038860285366,Kanga,21,0,Kenya,-0.7855195354883444,34.584250575018466
Dannenberg2022,Dannenberg et al. 2021,IG,12,689,0.7859281282028625,Kanga,25,0,Kenya,-0.7855195354883444,34.584250575018466
Dannenberg2022,Dannenberg et al. 2021,IG,13,713,0.7981366185267532,Kanga,45,0,Kenya,-0.7855195354883444,34.584250575018466
Dannenberg2022,Dannenberg et al. 2021,IG,14,739,0.810476282688891,Kanga,32,0,Kenya,-0.7855195354883444,34.584250575018466
Dannenberg2022,Dannenberg et al. 2021,IG,15,745,0.8132128109598158,Kanga,36,0,Kenya,-0.7855195354883444,34.584250575018466
Dannenberg2022,Dannenberg et al. 2021,IG,16,698,0.7906092789601804,Kanga,36,0,Kenya,-0.7855195354883444,34.584250575018466
Dannenberg2022,Dannenberg et al. 2021,IG,17,628,0.7500613601971795,Kanga,28,0,Kenya,-0.7855195354883444,34.584250575018466
Dannenberg2022,Dannenberg et al. 2021,IG,18,520,0.6559933913090233,Kanga,30,0,Kenya,-0.7855195354883444,34.584250575018466
