"partid","CCTncards","CCTacards","CCTratio","CCTaratio","CCTpayoff"
64000401,411,215,0.1855081,0.24315955,-8.6309524
64004701,568,138,0.266284,0.53611266,-16.071429
64006401,349,195,0.18011335,0.20962817,29.166667
64006901,535,197,0.23818608,0.33046298,10.535714
64007901,507,250,0.23490328,0.26391171,35.714286
64008701,304,212,0.1398493,0.15431086,40.892857
64011501,387,265,0.16540617,0.18923688,37.083333
64015601,435,292,0.20394491,0.25956722,14.464286
64016901,421,279,0.18610302,0.21601677,55.77381
64018301,527,275,0.24040325,0.35689398,7.6785714
64020401,410,237,0.18761564,0.2064405,43.214286
64020501,465,293,0.2208198,0.30711734,62.321429
64021901,418,187,0.18658182,0.22423215,-45.654762
64022901,370,182,0.1671079,0.17079027,0
64025601,326,224,0.15478104,0.16637118,30.714286
64026901,461,208,0.22686157,0.24098409,106.78571
64027801,451,91,0.21848613,0.16023652,43.988095
64029901,36,31,0.020242123,0.013100494,9.9404762
64031301,154,106,0.086520923,0.07939335,21.011905
64034901,535,242,0.23183106,0.266021,68.27381
64036201,340,126,0.17473768,0.13681895,93.988095
64036701,482,269,0.21499839,0.32992843,15.416667
64037701,277,119,0.14679683,0.10169915,74.940476
64039601,146,85,0.089200267,0.061619263,25.892857
64042701,468,277,0.21503731,0.2940179,7.0238095
64046301,412,154,0.20475573,0.19237531,99.107143
64047801,392,244,0.1620114,0.16379972,-24.821429
64049601,393,167,0.1983334,0.19096344,78.214286
64049701,378,176,0.17611816,0.17589462,18.928571
64051301,373,212,0.17957305,0.20005554,60.77381
64051501,203,114,0.092755905,0.07313904,60.47619
64052901,314,141,0.15762729,0.1453202,55.357143
64053701,385,193,0.16759274,0.15654429,26.666667
64055001,551,296,0.25290047,0.33491623,62.738095
64056701,376,135,0.17766067,0.12706811,76.488095
64057101,434,228,0.18812274,0.1898215,59.166667
64057201,415,240,0.2045583,0.27028198,18.095238
64057901,281,186,0.13882702,0.14236792,74.642857
64058101,419,285,0.1976277,0.23038023,44.642857
64058701,261,120,0.14376592,0.10637672,79.583333
64059001,216,137,0.11943611,0.10088945,34.880952
64060701,160,86,0.094987747,0.068321874,67.142857
64061701,301,154,0.15391942,0.14596015,40.416667
64061901,557,237,0.26992346,0.38926585,91.369048
64063501,397,186,0.18655589,0.18490025,66.130952
64063601,375,247,0.16650776,0.18197499,52.142857
64066601,289,211,0.14367851,0.15636863,46.488095
64067701,497,269,0.23322458,0.31632464,24.404762
64068201,308,172,0.1319006,0.12328607,-20.714286
64069001,302,119,0.14864011,0.10765465,77.5
64069401,458,190,0.20497859,0.2048124,61.547619
64069501,325,125,0.16994153,0.14133087,65.952381
64069601,297,206,0.14700156,0.14117332,71.904762
64070201,438,113,0.21163105,0.15586763,39.345238
64070601,425,209,0.20636037,0.28465028,20.77381
64071401,441,312,0.17870694,0.1894458,66.964286
64072601,198,153,0.10964381,0.10001609,48.630952
64072701,577,179,0.27326727,0.37978541,55.059524
64072901,359,119,0.17157758,0.14941701,12.440476
64073001,459,184,0.20983417,0.2986491,-13.809524
64073201,395,194,0.16817809,0.12837719,77.916667
64073501,528,275,0.23968659,0.31547285,76.190476
64075601,178,142,0.075177275,0.069233803,2.6190476
64075801,630,253,0.28221591,0.41684124,55.119048
64076301,428,193,0.20123547,0.23600161,42.440476
64079401,212,0,0.11061495,0,99.107143
64079601,532,284,0.23704863,0.29024744,96.666667
64079801,381,223,0.18419132,0.19387149,38.630952
64080101,550,146,0.25100079,0.40452354,-26.964286
64081701,307,111,0.16076939,0.10812014,75
64082001,208,65,0.11316536,0.061340766,34.702381
64082301,557,278,0.22741032,0.22070609,26.72619
64083001,352,195,0.17131715,0.16455214,35.47619
64083901,497,229,0.23236033,0.30571005,55.178571
64084601,436,172,0.21229858,0.29632862,-14.940476
64085501,365,165,0.17985695,0.15712692,75
64086301,493,228,0.21793723,0.29340369,-21.964286
64088601,462,155,0.19973027,0.14186747,103.69048
64089401,457,163,0.2097096,0.25854851,8.3333333
64089701,563,273,0.25529967,0.34845114,24.047619
64090101,348,118,0.17099091,0.15635581,28.27381
64090301,204,86,0.090212946,0.062322553,-8.6309524
64090901,358,110,0.1538968,0.073351059,112.20238
64092901,356,154,0.16639934,0.14492293,59.583333
64093501,388,184,0.18266857,0.20348578,24.761905
64094201,506,246,0.22120734,0.25778873,-7.202381
64096601,520,318,0.22196485,0.27493506,47.5
64098201,467,231,0.20794429,0.25919133,31.130952
64099201,509,156,0.21512113,0.19018734,50.654762
64100101,279,91,0.12288262,0.069806472,35.119048
64100701,206,99,0.082846782,0.051120709,33.690476
64100901,513,283,0.24139494,0.37374276,50.059524
64101101,599,203,0.26215283,0.43035349,-5.3571429
64102101,420,214,0.20643796,0.3085708,-16.845238
64102401,565,114,0.26504242,0.30960326,14.464286
64102801,510,187,0.21496267,0.20694645,28.869048
64103301,458,278,0.21015489,0.25185341,40.535714
64103801,550,228,0.25412711,0.31979205,55.892857
64104501,499,227,0.23980188,0.29484092,52.261905
64104601,382,233,0.17315393,0.1757601,47.083333
64105101,309,165,0.14866434,0.14623389,2.0833333
64109601,352,207,0.16845923,0.18164796,64.940476
64110701,582,196,0.26759992,0.61902113,8.6309524
64111001,526,217,0.22827131,0.27392186,-2.7380952
64111201,595,226,0.26777428,0.36102724,69.940476
64112901,488,212,0.22989777,0.32843311,68.214286
64113001,474,223,0.21347799,0.24931174,75
64114801,488,252,0.23367304,0.32653866,69.761905
64115101,442,92,0.1978629,0.10618599,84.464286
64115601,396,157,0.18826015,0.14790896,113.75
64116101,531,278,0.23731427,0.3071367,35.059524
64116201,557,149,0.24715169,0.22366639,89.107143
64116301,324,132,0.1409323,0.11473337,0.29761905
64116901,515,296,0.23461805,0.31733018,70.714286
64117601,NA,NA,NA,NA,NA
64118001,71,38,0.049802661,0.024430488,23.571429
64118401,417,242,0.17420227,0.17836335,25.416667
64118601,428,163,0.2062519,0.20080844,79.821429
64120001,499,162,0.23187081,0.36982759,-43.392857
64120201,422,103,0.20271311,0.16810308,18.988095
64120701,297,211,0.1370736,0.15606814,-7.8571429
64121001,521,318,0.23602268,0.28002797,67.261905
64121601,546,171,0.2556363,0.46301446,-26.011905
64122901,267,146,0.11960806,0.10768369,-34.285714
64124501,418,195,0.17240858,0.14172545,71.071429
64125001,648,172,0.2888692,0.45511573,45
64125601,522,234,0.21301604,0.24276382,-11.25
64126601,235,93,0.13846958,0.096461346,41.964286
64126701,496,227,0.21500135,0.20493653,110.17857
64127001,307,138,0.14051227,0.10247403,39.880952
64127201,486,176,0.20460873,0.20186037,3.3928571
64127301,506,230,0.22989602,0.24611567,104.10714
64129001,502,228,0.21565689,0.28447316,7.1428571
64129201,368,156,0.17546949,0.16295715,22.5
64129701,271,100,0.13057179,0.088467405,34.642857
64130101,487,199,0.22135626,0.28374418,0.05952381
64130201,594,132,0.26479518,0.31288734,51.607143
64130901,457,192,0.20288744,0.23046576,31.488095
64131001,365,231,0.15299612,0.15766499,10.297619
64131501,666,252,0.2940226,0.37790013,50.654762
64134301,448,220,0.19819741,0.21862676,80.178571
64134801,504,264,0.2342977,0.30159752,15.833333
64135001,486,240,0.21741906,0.23959966,7.2619048
64136701,526,233,0.24816352,0.38009715,31.547619
64136801,333,232,0.15426071,0.15469613,73.27381
64137401,551,157,0.25398074,0.32829307,45.238095
64138101,362,147,0.15789013,0.15731769,-33.511905
64138301,401,233,0.16073932,0.12468102,64.761905
64139201,391,171,0.18302701,0.16275985,71.904762
64139301,354,182,0.1658607,0.14762816,104.34524
64139401,353,159,0.17585218,0.16950573,23.392857
64141301,603,218,0.25389733,0.21907598,28.869048
64141701,455,189,0.2110992,0.28349727,5.8928571
64142601,248,35,0.11395368,0.024021963,90.654762
64143401,520,219,0.23864371,0.3591326,-25.416667
64144101,433,223,0.1826471,0.18227029,33.690476
64144501,422,199,0.20243074,0.29062867,-41.130952
64144601,219,137,0.099437963,0.090639704,28.214286
64146301,493,224,0.23020683,0.29867631,68.571429
64146901,323,117,0.14469714,0.10082346,43.392857
64148301,521,190,0.23329237,0.2642674,54.047619
64148601,124,98,0.058911281,0.05031468,17.678571
64148801,497,159,0.23550132,0.22257685,65.119048
64149401,439,227,0.19410988,0.24437742,3.3333333
64149901,404,215,0.17188483,0.15387535,52.02381
64150101,507,212,0.22343993,0.26433832,12.5
64150401,393,227,0.17654642,0.17376888,32.380952
64151401,446,154,0.21212575,0.28616348,-15.952381
64152701,572,218,0.25934992,0.38942514,14.404762
64153601,320,165,0.13410049,0.103105,63.452381
64153801,303,139,0.13141009,0.085995059,90
64154201,283,69,0.14340988,0.074096667,38.392857
64154401,413,256,0.18735915,0.24826526,14.52381
64154501,456,191,0.2099293,0.19921539,58.154762
64154901,287,209,0.12701588,0.12973848,-5.5357143
64155101,405,193,0.19754716,0.23463193,24.880952
64155301,515,169,0.24060366,0.26939904,40.654762
64156501,389,252,0.19148584,0.25733005,61.190476
64156901,488,69,0.23111977,0.3530158,-66.666667
64157801,563,228,0.23576945,0.25951888,0.23809524
64158001,238,157,0.126372,0.12792158,24.702381
64158201,320,150,0.1484641,0.11965535,73.154762
64159301,506,284,0.20525228,0.18795037,32.678571
64160101,388,264,0.16906108,0.18976911,37.083333
64161401,512,241,0.21381501,0.20076637,61.547619
64161601,529,117,0.24166979,0.27390414,-40.059524
64162001,380,150,0.17171431,0.17136633,30.47619
64162701,419,134,0.19992126,0.18981646,24.821429
64163801,604,110,0.26523097,0.27894241,28.511905
64164801,270,213,0.12297394,0.12752756,47.083333
64165001,446,176,0.19970876,0.19823085,-18.75
64165601,471,219,0.22333041,0.3516672,20
64165701,305,159,0.14606545,0.12596973,47.738095
64166501,381,182,0.18742769,0.21338436,-6.1309524
64166701,333,144,0.16280766,0.14063723,41.666667
64167601,291,151,0.1406016,0.12252757,80.416667
64167801,367,257,0.16848875,0.17516302,33.333333
64167901,503,208,0.23877684,0.35659529,49.52381
64168101,400,30,0.19946656,0.045505107,41.666667
64169101,610,260,0.27636966,0.38235578,85.416667
64170001,452,291,0.21557319,0.30485063,29.583333
64170601,266,196,0.12306445,0.14190499,8.0952381
64171101,554,118,0.2597145,0.64034112,-30.714286
64171601,674,246,0.28088316,0.26812267,88.154762
64171801,654,194,0.29410452,0.53540971,46.607143
64172901,207,157,0.092172419,0.09529397,32.97619
64173401,437,143,0.18966235,0.15081502,49.702381
64173601,576,259,0.26147246,0.27456117,101.66667
64174501,454,225,0.21338025,0.2578675,33.571429
64174801,470,267,0.22051796,0.29524822,25.952381
64174901,693,151,0.29905214,0.45090505,-18.035714
64175001,447,244,0.20156114,0.23705467,28.571429
64175101,438,238,0.21172302,0.30006871,65
64176001,418,213,0.19455806,0.17831826,61.130952
64176201,255,138,0.11975207,0.11607865,-28.75
64176401,445,177,0.19384408,0.19513514,-37.440476
64176501,371,253,0.16471911,0.17426834,68.392857
64176601,572,229,0.26056913,0.31676197,86.607143
64176801,295,82,0.15123413,0.073767468,60.77381
64177901,361,172,0.19098915,0.19420344,102.5
64178801,182,31,0.084894261,0.019119777,70.119048
64179101,552,308,0.25337258,0.38807679,24.047619
64179301,414,208,0.17402144,0.19213443,23.214286
64179701,322,232,0.15433221,0.15670035,23.928571
64180001,657,240,0.28138533,0.29453195,65.47619
64180601,445,193,0.19857143,0.19331618,9.8214286
64181101,477,184,0.20715972,0.22606234,-42.738095
64181301,513,183,0.24310659,0.25770265,83.452381
64181801,394,266,0.18779479,0.23737696,33.27381
64181901,300,102,0.14422701,0.10152121,14.166667
64182001,346,186,0.17119358,0.20758953,7.8571429
64182201,642,286,0.28603844,0.44407555,39.285714
64182301,516,346,0.21853451,0.25742206,50.833333
64182501,472,143,0.1997296,0.18693548,-60.833333
64182701,409,233,0.19715682,0.26621262,-3.3333333
64182801,469,238,0.22256707,0.38184362,-19.880952
64183001,316,161,0.16242379,0.14571234,56.369048
64183101,531,117,0.24696171,0.47511123,-32.202381
64183201,394,239,0.19155496,0.26106314,22.440476
64183301,403,241,0.17973526,0.20846714,30.297619
64183501,334,97,0.16227837,0.088153504,73.27381
64184101,171,27,0.098762208,0.026239472,25.892857
64184701,320,181,0.16400746,0.16671207,10.297619
64184901,550,196,0.25490958,0.3570654,-1.4880952
64185101,352,233,0.17106557,0.20988098,35.416667
64186001,386,179,0.16716378,0.16274255,67.261905
64186401,482,273,0.22150341,0.29673346,7.6785714
64186801,441,162,0.21072112,0.26691493,26.964286
64187001,510,231,0.24164408,0.3447718,16.369048
64187101,424,141,0.194369,0.14103844,33.27381
64187301,354,195,0.18437162,0.17641286,89.821429
64188401,138,125,0.058270538,0.057833364,38.035714
64188901,581,288,0.24371722,0.2756844,93.869048
64189101,542,186,0.2496092,0.42178669,-15.416667
64189201,347,201,0.15962717,0.17407399,-20.892857
64190101,563,249,0.25937655,0.31878547,65.416667
64190201,198,94,0.095737964,0.066149383,52.678571
64190401,525,225,0.24845798,0.32739476,63.809524
64190501,491,236,0.21396401,0.26608785,3.2142857
64191901,699,153,0.30519463,0.36023879,24.940476
64192101,455,228,0.20335355,0.20043784,90.357143
64192801,485,223,0.23053669,0.3244206,25.77381
64193501,334,191,0.15078598,0.13727325,74.22619
64193601,323,134,0.15412816,0.12578714,14.642857
64194201,564,193,0.24892367,0.31940582,52.440476
64194501,552,184,0.25234395,0.31849211,22.619048
64194701,349,113,0.17551664,0.12309482,88.690476
64195101,345,214,0.17094085,0.20496102,16.904762
64195201,318,147,0.14207954,0.11952155,31.309524
64195501,540,246,0.2544693,0.36258634,36.011905
64195601,520,143,0.24353265,0.40200531,-33.214286
64196601,363,192,0.17615748,0.18610139,70.654762
64196701,423,155,0.19041986,0.17381848,26.904762
64197801,551,221,0.24572557,0.3183667,36.547619
64198101,433,227,0.21142602,0.31144308,1.4285714
64198701,556,161,0.25382379,0.28240919,30.47619
64199201,409,246,0.2003263,0.21969133,48.154762
64199301,341,236,0.16402334,0.213423,-3.3928571
64199601,543,152,0.24895642,0.37661886,-20
64200501,435,149,0.21935275,0.19862903,49.642857
64200601,392,178,0.1768224,0.20229054,12.083333
64200901,495,188,0.23221175,0.31385915,12.261905
64202001,540,210,0.24921289,0.30342728,73.392857
64202201,478,242,0.2286748,0.33369013,65.119048
64202501,337,225,0.15211677,0.18219847,-30.595238
64202601,572,167,0.24386489,0.22546462,30.77381
64202701,307,243,0.14251397,0.15400459,47.440476
64202901,435,153,0.19496089,0.16978237,20.714286
64204201,464,106,0.21666152,0.13541488,66.190476
64204501,640,132,0.28305383,0.48446834,-22.261905
64204601,466,292,0.21537541,0.34062018,16.785714
64204701,321,185,0.15864504,0.18253692,4.5833333
64205801,482,226,0.20619474,0.22284681,34.940476
64205901,496,221,0.21076148,0.26679844,19.22619
64206701,484,191,0.21998737,0.26584066,17.202381
64207301,561,242,0.24288574,0.26383808,-20.892857
64207801,439,223,0.20032781,0.22445753,21.845238
64207901,332,175,0.16417374,0.1740506,3.8095238
64209301,499,182,0.23495417,0.36561321,1.0119048
64211001,76,39,0.041960178,0.023295374,56.904762
64212701,353,60,0.17278322,0.0759057,53.928571
65000201,384,215,0.17268601,0.190042,27.738095
65000301,371,164,0.1856738,0.20792939,22.142857
65000501,347,158,0.17160853,0.14425287,86.309524
65000601,196,44,0.11066388,0.033772795,80.178571
65000701,668,145,0.2979559,0.62773452,-16.488095
65000801,495,174,0.23342469,0.34024733,11.309524
65000901,418,124,0.20599535,0.18748104,24.583333
65001001,499,228,0.23265629,0.32406781,34.345238
65001101,314,183,0.15426991,0.15201722,80
65001201,364,148,0.1837139,0.19137433,30.595238
65001301,622,181,0.27602865,0.45323864,-3.5714286
65001401,484,302,0.19926948,0.22351481,17.678571
65001501,340,143,0.16522193,0.12478778,67.321429
65001601,455,238,0.21343839,0.30087054,-9.5238095
65001701,468,145,0.20721341,0.26717186,-53.095238
65001801,405,168,0.19409097,0.17023297,95.059524
65001901,579,300,0.27821896,0.40779401,92.97619
65002001,355,229,0.15690547,0.19276998,7.5
65002101,437,267,0.20841444,0.29437048,38.333333
65002201,563,268,0.25993909,0.41917615,23.27381
65002301,412,284,0.17899952,0.2377991,28.27381
65002401,287,101,0.14641459,0.099473621,38.869048
65002501,538,284,0.23859639,0.30539292,19.880952
65002601,622,174,0.28633797,0.64466691,-13.392857
65002701,463,272,0.21806878,0.25219714,68.988095
65002801,504,184,0.23612129,0.43618571,-15.357143
65002901,518,271,0.23829076,0.33585372,58.27381
65003001,329,231,0.13829991,0.13720884,16.964286
65003101,439,254,0.20069347,0.26234996,10.238095
65003201,351,199,0.15192759,0.13676146,63.511905
65003301,299,147,0.14073738,0.12186669,39.761905
65003401,438,210,0.18956784,0.20072223,17.02381
65003501,345,202,0.1589159,0.16309663,47.380952
65003601,390,224,0.17441881,0.194634,60.416667
65003701,359,242,0.15663791,0.16325932,55.178571
65003801,501,174,0.23500112,0.49089266,-35.654762
65003901,461,248,0.22068918,0.36628863,19.166667
65004001,429,207,0.20620648,0.22836176,67.261905
65004101,452,100,0.22576474,0.15057134,84.940476
65004201,437,287,0.19907539,0.24750259,107.5
65004301,530,195,0.24528148,0.45027303,-23.214286
65004401,578,212,0.25179786,0.23842584,44.761905
65004501,272,178,0.12674602,0.11681171,78.988095
65004601,454,201,0.19359305,0.17387802,-23.27381
65004701,254,201,0.10996568,0.11678903,65.595238
65004801,490,183,0.21226171,0.2417881,18.571429
65004901,320,89,0.1500248,0.084885322,27.440476
65005001,174,79,0.074734062,0.04216621,47.261905
65005101,534,215,0.23323293,0.26329667,60.47619
65005201,206,59,0.098931949,0.042283173,50.535714
65005301,442,134,0.18886869,0.16561268,13.988095
65005401,477,153,0.20949885,0.16024822,92.916667
65005501,366,209,0.16896881,0.1672054,49.821429
65005601,385,234,0.15977765,0.14471677,57.97619
65005701,491,148,0.23299969,0.25515851,48.511905
65005801,374,216,0.17512752,0.19916325,13.095238
65005901,415,251,0.19100774,0.23283167,19.107143
65006001,272,80,0.1223261,0.064060196,35.595238
65006101,375,186,0.17800367,0.21489857,6.8452381
65006201,477,294,0.21755022,0.28580656,-5.0595238
65006301,566,268,0.26201481,0.4391606,3.3333333
65006401,229,140,0.12761787,0.1289686,-6.0714286
65006501,558,191,0.26108344,0.54917501,3.0357143
65006601,460,208,0.22133758,0.39128352,4.4642857
65006701,420,234,0.18400709,0.21762293,43.869048
65006801,569,216,0.24166066,0.28429405,-1.0119048
65006901,325,224,0.16385156,0.18126177,34.821429
65007001,423,274,0.17919311,0.19275089,25.833333
65007101,127,103,0.068718329,0.064412637,30.297619
65007201,94,37,0.05206806,0.021091631,5.8928571
65007301,549,264,0.23673623,0.32098977,32.97619
65007401,444,239,0.21756991,0.27773555,46.72619
65007501,284,105,0.14890342,0.089001879,93.452381
65007601,532,324,0.22747841,0.30565642,90.47619
65007701,446,165,0.20850917,0.3149672,-77.083333
65007801,392,270,0.19045873,0.25058983,53.571429
65007901,311,179,0.14242226,0.14461447,15.178571
65008001,620,266,0.28697809,0.44815072,95.714286
65008101,529,269,0.24049767,0.33321263,26.428571
65008201,447,212,0.20275861,0.19234285,60.47619
65008301,628,112,0.28954733,0.35621721,30.595238
65008401,329,191,0.1402477,0.12059512,76.25
65008501,437,252,0.20483204,0.29132567,-30.833333
65008601,496,170,0.23018955,0.26128779,43.869048
65008701,615,319,0.27638689,0.43501087,17.559524
65008901,310,161,0.13873149,0.12799635,-35.77381
65009001,271,116,0.14246414,0.10449407,71.071429
65009101,395,218,0.17268227,0.16939673,41.547619
65009201,369,273,0.18281752,0.23034522,64.583333
65009301,419,184,0.19611041,0.22317456,55.77381
65009401,358,147,0.17244976,0.18197735,1.1904762
65009501,374,214,0.18446991,0.23784101,14.52381
65009601,177,135,0.09046663,0.083667103,24.940476
65009701,240,76,0.11427164,0.054258695,80
65009801,289,110,0.14988618,0.12472486,24.52381
65009901,61,45,0.031003539,0.02361378,18.75
65010001,480,193,0.23265381,0.41831665,-4.6428571
65010101,602,292,0.27790937,0.56101551,33.690476
65010201,620,223,0.28201253,0.44142593,20.357143
65010301,524,236,0.2478675,0.41860573,-12.261905
65010401,502,144,0.23445425,0.48505747,-60.77381
65010601,310,138,0.14851712,0.14146755,-13.27381
65011001,405,138,0.18907131,0.15665323,79.880952
65011101,280,140,0.1316106,0.11342328,51.666667
65011201,398,185,0.19271337,0.18277476,75.714286
65011301,265,81,0.12360036,0.069077331,44.761905
65011401,475,151,0.22016474,0.19472078,30.059524
65011501,505,173,0.23163388,0.40322581,-44.345238
65011601,526,179,0.22413791,0.20971897,45.535714
65011701,420,220,0.19771879,0.28954302,8.1547619
65011801,213,135,0.10197691,0.090873925,63.392857
65011901,439,220,0.19292447,0.19099656,52.440476
65012001,306,195,0.1314764,0.13936921,-0.11904762
65012101,620,251,0.28554946,0.51425195,38.27381
65012201,413,196,0.18377389,0.17574965,64.52381
65012301,393,202,0.17324055,0.15665353,98.928571
65012401,419,187,0.18886942,0.21463956,33.928571
65012501,349,275,0.15221927,0.16741907,44.345238
65012601,529,179,0.24448088,0.3564493,20.833333
65012701,365,228,0.17545055,0.21307848,29.52381
65012801,163,91,0.07460337,0.051142824,42.857143
65012901,541,132,0.24828425,0.36169818,-19.166667
65013001,477,238,0.22501701,0.29602074,17.678571
65013101,544,270,0.24436656,0.34469535,50.654762
65013201,434,268,0.19919356,0.26547571,18.809524
65013301,598,119,0.2778146,0.44654554,-6.6666667
65013401,534,218,0.23580965,0.30662155,18.988095
65013501,647,139,0.29788856,0.89677419,1.25
65013601,383,274,0.17727963,0.20272196,64.583333
65013701,346,99,0.17059424,0.13865629,10.297619
65013801,320,177,0.14662079,0.15288326,4.2261905
65013901,351,156,0.15435854,0.126534,40.238095
65014001,389,108,0.18644539,0.17646923,2.6190476
65014101,496,190,0.22166891,0.25463988,29.464286
65014201,573,279,0.26064723,0.38524278,14.761905
65014401,364,251,0.17333939,0.20190035,26.547619
65014501,688,222,0.3128151,0.67161113,21.011905
65014601,213,110,0.11752684,0.094916656,-2.9761905
65014701,469,165,0.21770025,0.19999013,55.297619
65014801,560,262,0.23608673,0.25258044,84.702381
65014901,325,127,0.15838724,0.12832624,61.309524
65015401,376,185,0.18993524,0.18578946,57.321429
65015501,338,193,0.17393366,0.24170687,11.547619
65015601,428,257,0.19290476,0.2534368,23.511905
65015801,595,176,0.27318634,0.49256118,-5.1785714
65015901,418,250,0.19675549,0.28004785,8.3928571
65016001,79,47,0.058116422,0.031289581,11.25
65016101,541,260,0.23321079,0.28997961,58.809524
65016201,334,208,0.14687681,0.16030775,19.107143
65016301,371,253,0.16726071,0.21649132,42.5
65016401,225,176,0.092890008,0.092281601,-0.35714286
65016501,490,315,0.21738823,0.26744368,25.47619
65016601,358,75,0.17084075,0.099170909,5.297619
65016701,278,143,0.1422313,0.11659578,76.25
65016801,509,257,0.23637558,0.34207706,44.404762
65016901,288,180,0.12824876,0.13266702,-28.27381
65017001,581,320,0.24952684,0.33325883,58.452381
65017101,287,139,0.13070319,0.10137189,73.27381
65017201,545,178,0.23774214,0.22816727,49.404762
65017301,277,189,0.13077725,0.13512344,49.642857
65017401,387,163,0.17974999,0.14522194,44.166667
65017501,483,224,0.21578941,0.22839797,40.416667
65017601,411,177,0.20453743,0.27712253,28.154762
65017701,536,96,0.25651407,0.20190735,71.607143
65017801,307,156,0.15644442,0.15393172,72.261905
65017901,229,158,0.10681298,0.097128231,51.666667
65018001,480,215,0.21827193,0.26601218,33.988095
65018101,502,209,0.21653423,0.23016117,62.678571
65018201,345,114,0.16651007,0.12585594,24.166667
65018301,519,296,0.21867122,0.23946049,45.952381
65018401,587,131,0.26344171,0.24516368,68.392857
65018501,509,316,0.24733678,0.36417934,66.071429
65018601,482,293,0.2210639,0.26058037,56.785714
65018701,484,241,0.21998567,0.25808532,4.9404762
65018801,548,219,0.26363714,0.4773452,12.440476
65018901,250,43,0.12242123,0.042275394,50.059524
65019001,349,164,0.17995732,0.18726536,73.154762
65019101,305,152,0.16049749,0.16656079,23.988095
65019201,456,248,0.21438491,0.2715506,37.142857
65019301,528,208,0.2306118,0.25362416,42.559524
65019401,480,243,0.22708628,0.30768728,42.619048
65019501,276,98,0.14276124,0.080651944,92.678571
65019601,315,150,0.15921009,0.15930716,-19.404762
65019701,456,152,0.19113434,0.13611493,21.607143
65019801,230,28,0.11157055,0.022246941,71.071429
65019901,358,200,0.17699851,0.20640147,58.511905
65020001,359,258,0.15168118,0.17178024,48.75
65020101,258,58,0.12779351,0.047311166,72.440476
65020201,415,225,0.19737554,0.23201916,61.071429
65020301,336,146,0.17115736,0.13815946,92.97619
65020401,205,35,0.098806599,0.023470523,80.297619
65020501,400,209,0.18592297,0.22754913,40.952381
65020601,310,165,0.15688477,0.15407635,42.380952
65020701,467,221,0.20188773,0.2088819,74.107143
65020801,405,218,0.18620793,0.1739415,83.988095
65020901,407,214,0.19175093,0.25537249,6.9047619
65021001,430,184,0.19545464,0.17871721,65.416667
65021101,504,264,0.23282285,0.34216766,28.333333
65021201,296,82,0.13190966,0.057701149,119.58333
65021301,293,202,0.14368503,0.16938865,-1.6071429
65021401,500,210,0.23552612,0.32133117,20.238095
65021501,670,224,0.29203971,0.37791422,43.511905
65021601,540,200,0.23649423,0.32007776,-31.845238
65021701,274,182,0.1344928,0.12997228,28.511905
65021801,523,222,0.24473767,0.29486377,76.011905
65022001,278,150,0.11941391,0.093313948,25.357143
65022101,295,148,0.14784104,0.11835445,59.107143
65022201,186,141,0.108114,0.0983612,36.547619
65022301,486,289,0.2069032,0.22924331,40.297619
65022401,671,230,0.30288935,0.58475229,3.8095238
65022501,304,185,0.15297481,0.1724791,0
65022601,385,189,0.18215844,0.23846268,31.845238
65022701,288,200,0.13120413,0.13981735,28.511905
65022801,69,24,0.033401511,0.014805372,23.988095
65022901,411,261,0.19604139,0.23801072,23.809524
65023001,597,117,0.27098136,0.41935484,9.3452381
65023101,259,178,0.12926357,0.13205603,20.892857
65023201,483,144,0.21900765,0.22262186,37.202381
65023301,350,219,0.17507124,0.19401349,50.833333
65023401,490,175,0.23514761,0.2918884,49.702381
65023501,554,206,0.2466277,0.28569926,85.714286
65023601,381,154,0.17534441,0.147519,20.297619
65023701,361,193,0.18244333,0.19242106,88.333333
65023801,389,226,0.18668846,0.22096873,0.53571429
65023901,555,193,0.25886529,0.34241262,76.369048
65024001,538,259,0.2561927,0.38984742,72.559524
65024101,576,269,0.26526189,0.43159176,58.690476
65024201,566,310,0.25680495,0.36652729,53.809524
65024301,362,173,0.15053784,0.12285195,14.821429
65024401,519,199,0.24547956,0.39230833,1.3690476
65024501,355,137,0.17688974,0.18354631,-19.047619
65024601,459,127,0.22499183,0.22555764,43.571429
65024701,361,274,0.17711391,0.19206442,75
65024801,611,256,0.271137,0.40006544,38.154762
65024901,649,122,0.28253588,0.24496494,-11.309524
65025001,434,277,0.19963344,0.25802092,46.428571
65025101,412,120,0.18512131,0.095660181,132.61905
65025201,375,238,0.18284415,0.19395594,46.607143
65025301,131,105,0.051415955,0.047877271,-16.547619
65025401,468,284,0.21321811,0.28013505,31.309524
65025601,393,241,0.16521042,0.18488844,37.142857
65025701,260,211,0.10586064,0.10546699,25.952381
65025801,245,22,0.14265507,0.020887406,58.809524
65025901,411,273,0.19092974,0.26402611,-1.0714286
65026001,456,245,0.21986844,0.32915091,-1.4880952
65026101,330,209,0.14432013,0.14625443,6.6071429
65026201,451,261,0.21001876,0.28529344,-29.285714
65026301,260,209,0.13543141,0.14609064,42.797619
65026401,536,255,0.24939006,0.47435516,17.380952
65026501,320,65,0.15591192,0.06302995,100.17857
65026601,442,208,0.20629162,0.2516713,-15.059524
65026701,522,218,0.23078377,0.26155249,30.238095
65026801,498,235,0.23578026,0.32477503,57.619048
65026901,409,113,0.19532438,0.14936596,48.333333
65027001,516,334,0.21909044,0.23199539,44.583333
65027101,558,238,0.25982621,0.52806696,-30.059524
65027201,357,198,0.16897696,0.18653966,59.047619
65027301,300,66,0.15612726,0.089582295,49.345238
65027401,356,223,0.17005339,0.19027495,73.214286
65027501,383,219,0.17923846,0.19531695,59.047619
65027601,88,78,0.035325546,0.034118433,13.571429
65027701,436,263,0.20690957,0.24756993,22.559524
65027801,554,178,0.23913764,0.2305306,1.1309524
65027901,214,106,0.10027593,0.075714796,52.916667
65028001,523,298,0.24030967,0.28117236,20.595238
65028101,576,220,0.26207237,0.38723823,16.369048
65028201,299,242,0.14980387,0.16409003,70.535714
65028301,224,1,0.10297409,0.00062034739,74.880952
65028401,235,123,0.12542488,0.087154203,112.55952
65028501,401,157,0.18611646,0.1531437,72.142857
65028601,214,148,0.097423765,0.091978141,38.690476
65028701,602,282,0.26380344,0.310368,68.988095
65028801,517,164,0.24489615,0.39788257,17.321429
65028901,376,162,0.16843573,0.14830549,48.690476
65029001,422,181,0.19631702,0.22653041,-3.3928571
65029101,203,146,0.11306103,0.1019264,28.035714
65029201,266,84,0.13891768,0.075464847,78.630952
65029301,459,274,0.1885412,0.21076199,14.940476
65029401,568,238,0.26056732,0.40506006,16.428571
65029501,389,240,0.1685817,0.17322501,-7.3214286
65029601,390,153,0.19053515,0.163824,120.11905
65029701,404,220,0.18503233,0.20962083,-1.1309524
65029801,492,208,0.23648756,0.38535592,13.095238
65029901,331,210,0.14834399,0.13678201,9.7619048
65030001,217,167,0.092219545,0.088982366,12.261905
65030101,299,171,0.13107693,0.11342662,11.904762
65030201,296,130,0.160343,0.13193028,73.27381
65030301,444,254,0.21517528,0.25011675,57.97619
65030401,227,69,0.12933738,0.059896596,32.797619
65030501,174,98,0.098866842,0.071969434,52.142857
65030601,516,241,0.24032314,0.33739955,10.833333
65030701,366,240,0.16154561,0.17674275,16.130952
65030801,290,186,0.14655062,0.13985116,16.607143
65030901,255,179,0.11348368,0.12500264,5.8928571
65031001,417,150,0.20403001,0.24301412,-4.2857143
65031101,563,123,0.2453821,0.25687174,11.607143
65031201,213,134,0.088631629,0.073469981,30.833333
65031301,285,168,0.1435821,0.15376112,59.583333
65031401,266,125,0.12736193,0.091283244,103.75
65031501,254,149,0.14096288,0.13190505,69.821429
65031601,422,251,0.17261378,0.18213914,7.1428571
65031701,413,195,0.18149427,0.20270278,28.214286
65031801,428,308,0.18689793,0.2225176,67.02381
65031901,380,200,0.18988042,0.18750993,89.107143
65032001,342,223,0.17015163,0.19846823,34.940476
65032101,458,134,0.19721122,0.18501095,-43.75
65032201,276,190,0.14337163,0.1508403,38.333333
65032301,396,205,0.18177585,0.18946291,15.833333
65032401,417,204,0.20134924,0.27139497,-35.535714
65032501,246,91,0.14028574,0.091380996,53.27381
65032601,420,221,0.18455749,0.22845249,44.345238
65032701,495,255,0.22384783,0.30485352,58.27381
65032801,303,81,0.14234117,0.064692897,94.047619
65032901,252,174,0.11642551,0.11722229,-3.1547619
65033001,492,216,0.22279141,0.21422291,107.61905
65033101,623,236,0.27899067,0.42588245,25.238095
65033201,342,216,0.14995726,0.16213451,51.785714
65033301,481,67,0.21027166,0.10397796,34.285714
65033401,395,253,0.17976162,0.17969312,70.714286
65033501,442,245,0.20323154,0.27606909,42.738095
65033601,494,206,0.22748325,0.32981682,-3.2738095
65033701,236,94,0.10678514,0.068888897,41.72619
65033801,538,192,0.2581207,0.34940057,33.809524
65033901,316,194,0.16193994,0.17723947,60.119048
65034001,346,127,0.17456144,0.15767592,60.952381
65034101,184,32,0.094400575,0.024074839,23.154762
65034201,170,58,0.075305936,0.030927672,35.178571
65034301,323,132,0.14525384,0.10515749,100.47619
65034401,707,212,0.31766131,0.49072426,45.416667
65034501,383,211,0.16640694,0.18519225,34.404762
65034601,323,179,0.14234451,0.14422551,-3.9285714
65034701,339,143,0.16535697,0.17790281,10.654762
65034801,565,59,0.258146,0.25928115,-11.845238
65034901,348,230,0.16362509,0.17597011,29.107143
65035001,522,320,0.23135532,0.29945555,97.5
65035101,314,209,0.13771743,0.13214798,92.02381
65035201,307,178,0.1415592,0.12462458,109.64286
65035301,315,104,0.1671488,0.10754484,81.964286
65035401,414,203,0.19819864,0.25794654,12.678571
65035501,526,164,0.23797019,0.21071468,65.47619
65035601,557,89,0.25955753,0.50993001,-31.845238
65035701,535,42,0.25476038,0.15696453,17.916667
65035801,357,267,0.16750925,0.1947896,61.964286
65035901,241,123,0.10604413,0.089833679,-19.761905
65036001,570,309,0.2523518,0.31826454,47.916667
65036101,534,244,0.24490836,0.36211953,72.261905
65036201,365,69,0.19144124,0.098998888,55.833333
65036301,351,193,0.17017365,0.20116021,6.7857143
65036401,327,141,0.14861039,0.1058872,78.511905
65036501,431,123,0.21481701,0.19628904,71.547619
65036601,361,176,0.17614757,0.21029934,-23.511905
65036701,653,62,0.29602978,0.34259131,-1.0714286
65036801,378,248,0.16513719,0.18613705,15.238095
65036901,495,166,0.23036408,0.32619566,-9.8809524
65037001,344,214,0.15104317,0.14629768,90.357143
65037101,297,219,0.13331973,0.16645417,2.0238095
65037201,492,162,0.2333247,0.38068196,-27.321429
65037301,315,215,0.14104707,0.15517886,16.547619
65037401,455,270,0.19977647,0.25703788,46.488095
65037501,526,218,0.24410152,0.36502028,5
65037601,449,280,0.21122656,0.25087372,38.27381
65037701,383,281,0.16743416,0.19209707,47.559524
65037801,402,247,0.17146534,0.19162328,16.011905
65037901,361,183,0.18855985,0.17794281,68.392857
65038001,472,311,0.21954022,0.35635802,11.428571
65038101,478,255,0.22701814,0.31663783,79.52381
65038201,410,240,0.20085015,0.26490673,50.535714
65038301,372,197,0.17566634,0.18473855,55.535714
65038401,327,264,0.15265055,0.18213307,41.428571
65038501,373,191,0.16630664,0.17251214,13.095238
65038601,329,123,0.15550349,0.10360673,76.904762
65038701,393,184,0.1710366,0.1404342,79.583333
65038801,521,261,0.23454672,0.30072331,27.797619
65038901,447,200,0.19545908,0.21758223,34.880952
65039001,452,169,0.21824885,0.3508989,-10
65039101,438,280,0.18863131,0.23422937,40.059524
65039201,199,139,0.092028761,0.081544168,58.809524
65039301,463,227,0.21811984,0.27847454,70.059524
65039401,366,145,0.17958253,0.15915255,49.642857
65039501,523,166,0.24727576,0.39352527,4.7619048
65039601,269,188,0.11851991,0.11546687,88.392857
65039701,275,131,0.12955703,0.092112378,91.488095
65039801,514,170,0.23196456,0.25123948,60.357143
65039901,323,246,0.13198242,0.14480851,-9.7619048
65040001,425,231,0.20835944,0.3096642,35.77381
65040201,382,221,0.18345294,0.24839305,12.619048
65040301,377,205,0.18419265,0.16997371,80.952381
65040401,394,222,0.17482538,0.18314015,-12.678571
65040501,186,149,0.09282347,0.088765106,37.738095
65040601,369,255,0.17011526,0.21799853,16.547619
65040701,544,341,0.23465707,0.30666506,66.190476
65040801,424,255,0.21374409,0.28885365,81.785714
65040901,350,150,0.16926861,0.13245949,122.02381
65041001,480,135,0.23162097,0.24242424,42.02381
65041101,420,170,0.20800677,0.22302558,42.142857
65041201,468,313,0.19704925,0.24178867,20.654762
65041301,217,188,0.088365806,0.091944853,28.27381
65041401,542,179,0.24263496,0.23451984,77.321429
65041501,389,215,0.18108281,0.21047183,38.988095
65041601,440,210,0.19137935,0.18843259,96.190476
65041801,519,165,0.24513122,0.27324805,47.02381
65041901,649,0,0.29330562,NA,-70.297619
65042001,466,287,0.20441842,0.26685278,12.321429
65042101,467,219,0.21008981,0.24178013,23.571429
65042201,423,194,0.19804661,0.18968888,111.13095
65042301,520,357,0.2479937,0.35456809,118.21429
65042401,228,139,0.12674787,0.13305115,-29.166667
65042501,336,39,0.18117593,0.049362975,93.988095
65042601,485,249,0.23524522,0.29222958,126.07143
65042701,367,151,0.17342121,0.14553915,49.761905
65042801,559,153,0.26018917,0.44114673,3.9285714
65042901,361,137,0.18469548,0.17833849,25.416667
65043101,550,194,0.22886671,0.22219241,6.4285714
65043401,417,274,0.18299742,0.22861407,69.940476
65043501,421,173,0.2062923,0.29887009,-11.309524
65043601,311,155,0.15890389,0.14012798,66.904762
65043801,510,125,0.24579216,0.25687245,55.595238
65043901,546,196,0.23085008,0.22930673,20.47619
65044001,370,106,0.16951924,0.095026266,76.845238
65044101,338,155,0.15242252,0.14299392,30.297619
65044201,462,86,0.21983614,0.11354839,112.2619
65044301,595,297,0.27712382,0.49480294,8.5714286
65044401,354,119,0.17796286,0.11623705,85.238095
65044501,362,93,0.18058405,0.11735261,71.190476
65044601,439,108,0.20067022,0.17403642,19.22619
65044701,330,231,0.13870217,0.13247116,47.857143
65044801,463,254,0.22050196,0.30368519,64.880952
65044901,428,292,0.1839323,0.22060468,3.2142857
65045001,601,168,0.2760849,0.68242492,-20.952381
65045101,414,224,0.20353726,0.23314186,10.535714
65045201,513,167,0.23750586,0.36608016,-22.380952
65045301,354,51,0.1566661,0.049368579,67.559524
65045401,527,208,0.24621109,0.35001138,45.238095
65045501,323,237,0.15137929,0.18897539,-8.9880952
65045601,433,208,0.18758695,0.18736333,49.761905
65045701,559,289,0.25560369,0.34948939,39.047619
65045801,281,158,0.13837595,0.11514174,81.607143
65045901,450,221,0.21738931,0.33435298,5.1785714
65046001,446,135,0.20089093,0.17118588,-40.535714
65046101,457,288,0.20046482,0.24642795,23.154762
65046201,466,194,0.2234925,0.37904267,0
65046301,690,99,0.31696406,0.65116796,21.904762
65046401,447,251,0.18805464,0.20309407,30.714286
65046601,353,177,0.16166306,0.14435484,63.690476
65046701,359,246,0.17806692,0.2188401,26.845238
65046801,505,279,0.23023111,0.27968522,42.261905
65046901,365,190,0.15954147,0.1820103,-16.845238
65047001,391,196,0.17294245,0.20381493,-39.702381
65047101,532,196,0.24601233,0.39410595,12.380952
65047201,468,257,0.19991057,0.22449159,-2.6785714
65047301,463,259,0.21999497,0.31405265,4.5238095
65047401,575,270,0.24332707,0.27862257,61.190476
65047501,501,227,0.21432664,0.23143151,17.321429
65047601,404,206,0.19144598,0.24399375,12.380952
65047701,587,294,0.24603919,0.27819884,74.345238
65047901,466,228,0.21626016,0.28814604,-36.488095
65048001,280,122,0.14153879,0.099307823,82.321429
65048101,577,162,0.26865617,0.48941585,33.869048
65048201,455,158,0.20992895,0.28210185,-37.97619
65048301,389,246,0.18291957,0.23245372,3.9880952
65048401,443,249,0.19065606,0.20410505,5.4166667
65048501,529,196,0.22818855,0.22285298,65.892857
65048601,586,261,0.27014597,0.39794628,74.22619
65048701,238,158,0.12822601,0.12884309,34.345238
65048801,274,137,0.14577006,0.15337243,-7.0833333
65048901,399,171,0.18788781,0.21929143,-8.6904762
65049001,484,88,0.23132678,0.21023359,26.190476
65049101,474,234,0.20215814,0.23344886,40.119048
65049301,631,83,0.29358624,0.73491379,-1.7857143
65049401,440,256,0.19120017,0.24803407,16.607143
65049501,225,56,0.109907,0.041275687,64.761905
65049601,580,348,0.25142788,0.35437095,55.238095
65049701,298,119,0.14659815,0.10575675,63.333333
65049801,238,135,0.11796399,0.097167886,50.952381
65049901,379,201,0.18381001,0.1994575,45.357143
65050001,580,288,0.26335747,0.35363207,82.380952
65050101,450,230,0.22007836,0.29672927,47.261905
65050301,301,181,0.14362457,0.1530835,37.619048
65050401,431,184,0.19095579,0.21099173,-35.654762
65050501,451,238,0.21989879,0.3026092,26.190476
65050601,501,274,0.22825619,0.26662345,71.130952
65050701,358,153,0.15843391,0.14324365,69.047619
65050801,436,236,0.20913988,0.34412907,-12.738095
65050901,463,209,0.22407182,0.31328104,52.142857
65051001,367,281,0.15778966,0.17719909,81.309524
65051101,359,146,0.17834272,0.18898653,6.1309524
65051201,595,239,0.27424704,0.42385568,20.119048
65051301,381,200,0.18882304,0.19342614,65.892857
65051401,504,250,0.22918194,0.32142041,58.869048
65051501,686,110,0.31133381,0.88709677,6.6666667
65051601,501,247,0.21591882,0.25772578,1.7261905
65051701,362,194,0.14577944,0.11419135,61.309524
65051901,431,199,0.1873428,0.18079482,44.166667
65052001,484,253,0.19704035,0.18002532,9.5833333
65052101,235,187,0.10502704,0.10118232,26.607143
65052201,474,195,0.20774834,0.29274274,-19.285714
65052301,357,187,0.17831087,0.22195221,13.988095
65052401,425,266,0.18148866,0.19155122,20.714286
65052501,499,223,0.21169074,0.23502992,39.285714
65052601,215,132,0.11166327,0.10502142,-19.047619
65052701,281,147,0.14787595,0.12574751,56.904762
65052801,373,241,0.18358782,0.22331193,14.047619
65052901,541,229,0.24976046,0.27875218,92.321429
65053001,434,257,0.21274294,0.32258548,17.5
65053101,363,158,0.1584685,0.13258598,25.357143
65053201,491,196,0.22014101,0.24874665,2.8571429
65053301,244,109,0.11569766,0.076176265,65.416667
65053401,448,244,0.21602825,0.28832425,41.25
65053501,440,195,0.2043552,0.23622839,62.02381
65053601,374,204,0.18652813,0.2186631,49.404762
65053701,372,141,0.17305832,0.12320463,86.25
65053801,596,111,0.27237101,0.55746404,-10.952381
65053901,425,144,0.2035409,0.19605117,45.357143
65054001,516,210,0.24491516,0.46338735,-0.77380952
65054101,480,221,0.20127422,0.18198519,62.559524
65054201,390,224,0.1654465,0.17619439,15.595238
65054301,468,199,0.22093216,0.27093375,61.130952
65054401,646,205,0.2902428,0.45893585,47.738095
65054501,193,65,0.093189011,0.043075218,86.190476
65054601,567,266,0.25926642,0.50019312,14.642857
65054701,253,125,0.13645219,0.11769168,61.190476
65054801,485,250,0.22361494,0.29955502,5.5952381
65054901,361,205,0.17705464,0.18290351,59.583333
65055001,388,255,0.1871558,0.23076956,28.27381
65055101,262,98,0.14760977,0.088697723,99.821429
65055201,718,31,0.32738218,1,-0.11904762
65055401,237,160,0.12362868,0.11401544,53.27381
65055501,556,214,0.26040611,0.36302131,47.97619
65055601,521,231,0.24023524,0.41794422,-9.6428571
65055701,536,328,0.244072,0.41649797,28.511905
65055801,418,209,0.19623169,0.24082343,44.047619
65055901,513,233,0.23530133,0.34023512,2.797619
65056101,198,163,0.091990439,0.096146323,49.940476
65056201,378,137,0.17797929,0.13937484,69.107143
65056301,401,213,0.17458173,0.16445775,52.97619
65056401,341,195,0.14003973,0.13233728,-25.357143
65056501,629,288,0.28765783,0.43713688,108.27381
65056601,473,180,0.21799329,0.30282974,-13.333333
65056701,252,139,0.11991551,0.099956215,42.619048
65056801,309,116,0.15555014,0.13521017,39.166667
65056901,313,197,0.15085442,0.16348619,24.761905
65057101,328,141,0.16605058,0.13300242,79.52381
65057301,531,250,0.24461949,0.3384546,4.5238095
65057401,434,208,0.21171426,0.24189713,76.964286
65057501,284,117,0.14425673,0.095462274,74.166667
65057601,546,284,0.22202178,0.22427938,68.511905
65057801,528,288,0.24790259,0.34928194,84.583333
65057901,587,244,0.26553943,0.46662865,-9.1666667
65058001,428,228,0.2053828,0.27049879,-13.690476
65058201,479,330,0.21820933,0.30479193,43.571429
65058401,503,193,0.23686497,0.32895457,40.178571
65058501,582,303,0.26621671,0.37858353,66.845238
65058601,683,106,0.31268903,0.85483871,17.142857
65058701,406,119,0.1844506,0.12912421,58.928571
65058901,332,188,0.14882149,0.13094804,81.25
65059001,264,42,0.13418261,0.044173607,66.309524
65059101,429,321,0.17834962,0.21446987,43.809524
65059201,539,238,0.24240558,0.35281626,17.142857
65059301,526,172,0.25096315,0.37162176,51.964286
65059401,279,104,0.14402612,0.090150024,79.345238
65059501,368,163,0.18543677,0.16323007,77.678571
65059601,403,294,0.16663176,0.17298627,70.416667
65059801,343,239,0.14815948,0.15007829,37.97619
65059901,424,243,0.19586472,0.22436091,28.333333
65060001,435,194,0.18177592,0.14431123,64.880952
65060101,450,171,0.21045046,0.26902861,32.321429
65060201,226,53,0.1172541,0.04554097,59.821429
65060301,726,132,0.3270205,0.71412681,31.666667
65060401,455,232,0.2211711,0.33677818,3.1547619
65060501,449,237,0.19031809,0.16392508,84.404762
65060601,357,149,0.17405357,0.21878411,-32.142857
65060701,614,193,0.28317185,0.47006655,42.797619
65060801,502,225,0.2201365,0.26065789,17.380952
65060901,580,256,0.26658953,0.4934895,-9.3452381
65061001,659,220,0.29845258,0.56889843,11.488095
65061101,358,269,0.14438291,0.14754123,36.845238
65061201,424,191,0.19437016,0.20540506,17.5
65061301,388,226,0.17398245,0.18165249,1.6666667
65061401,354,274,0.1516245,0.15550907,65.595238
65061501,491,239,0.22565605,0.29263914,1.1309524
65061601,331,139,0.17820935,0.15192517,98.928571
65061701,301,208,0.14565609,0.17017899,31.845238
65061801,479,232,0.1998965,0.18763303,13.154762
65061901,295,188,0.13323531,0.14502426,-26.428571
65062001,556,197,0.25716866,0.46640342,5.4761905
65062101,355,166,0.17362844,0.17681262,68.511905
65062201,624,217,0.263509,0.24724231,36.309524
65062301,562,222,0.25717485,0.30230049,89.166667
65062401,587,103,0.27581911,0.2493104,38.988095
65062501,274,162,0.1415818,0.13632114,26.666667
65062601,304,190,0.13183527,0.12728117,31.369048
65062701,250,110,0.13320955,0.08727109,100.2381
65062801,497,217,0.23060071,0.35388306,-25.357143
65062901,464,204,0.22300675,0.42060623,11.666667
65063001,148,87,0.071044773,0.052521549,36.845238
65063101,358,125,0.18485013,0.14655172,72.02381
65063201,334,143,0.16839924,0.15168542,60.952381
65063301,550,271,0.25540378,0.41365722,28.511905
65063401,454,227,0.21850188,0.31905532,36.071429
65063501,515,206,0.23078332,0.27302059,78.630952
65063601,467,61,0.22479698,0.12401125,41.666667
65063701,307,185,0.13577127,0.12901136,54.52381
65063801,590,301,0.27003504,0.49082314,67.678571
65063901,530,338,0.22432731,0.28108349,61.071429
65064001,393,294,0.16669305,0.18754022,74.583333
65064101,82,63,0.042787591,0.033594747,28.333333
65064201,280,78,0.13013691,0.063428652,78.809524
65064301,459,117,0.22371288,0.21523915,31.011905
65064401,493,311,0.23312506,0.32967034,47.678571
65064501,236,190,0.10547865,0.1093359,50.297619
65064601,409,224,0.19706056,0.24374884,0.47619048
65064701,546,240,0.25507837,0.42922736,27.916667
65064801,277,195,0.13436085,0.14484256,27.678571
65064901,468,298,0.19187683,0.22190392,23.988095
65065001,250,84,0.12390892,0.067236543,66.845238
65065101,453,189,0.20727117,0.21687331,58.154762
65065201,482,78,0.21840197,0.12394724,62.5
65065301,427,269,0.19375176,0.25558702,38.392857
65065401,486,240,0.22030639,0.20800016,20.535714
65065501,428,151,0.20392289,0.24585599,-35.595238
65065601,484,227,0.22830141,0.32090651,7.4404762
65065701,436,157,0.18982514,0.16958563,28.452381
65065801,409,234,0.19911832,0.25734323,57.380952
65065901,126,68,0.081314671,0.048253413,64.107143
65066001,172,79,0.10277754,0.064369501,58.571429
65066101,537,232,0.2527677,0.4746941,40.357143
65066201,420,261,0.16643209,0.15327998,64.345238
65066301,152,58,0.089253085,0.038637034,63.988095
65066401,228,164,0.093494209,0.084357462,-15.535714
65066501,321,246,0.14376599,0.16041413,56.071429
65066601,592,187,0.27719324,0.47668349,36.428571
65066701,404,199,0.1946251,0.22288199,-10.535714
65066801,471,220,0.22680333,0.32788185,28.27381
65066901,441,242,0.18898684,0.20853363,21.428571
65067001,370,198,0.17596183,0.21790792,46.309524
65067101,361,194,0.16334861,0.14835177,32.97619
65067201,200,130,0.11120162,0.096262691,56.607143
65067301,194,97,0.09676065,0.065122297,21.488095
65067401,619,190,0.28533723,0.45946773,22.97619
65067501,362,233,0.17243955,0.18657031,82.797619
65067601,563,198,0.24912351,0.26550901,31.488095
65067701,282,164,0.13902615,0.14105589,32.916667
65067801,344,138,0.14811571,0.1145495,-8.8690476
65067901,411,228,0.18468201,0.20717275,40
65068001,513,288,0.21804272,0.28412696,33.869048
65068101,134,116,0.059297839,0.057011231,49.22619
65068201,408,196,0.19484349,0.24923015,-34.22619
65068301,239,94,0.11826728,0.080643691,15.178571
65068401,537,128,0.24551924,0.25119896,26.130952
65068501,522,223,0.24902589,0.35149487,14.52381
65068601,347,160,0.15249613,0.12852772,66.785714
65068701,399,130,0.1946256,0.1505724,74.642857
65068801,130,58,0.073095286,0.044268185,25.357143
65068901,416,273,0.1906603,0.24230756,12.797619
65069001,404,213,0.1760237,0.17684443,-4.047619
65069101,516,259,0.22580169,0.26836471,25.654762
65069201,495,186,0.23069707,0.27698574,28.035714
65069301,172,131,0.068685198,0.061608136,5.0595238
65069401,487,223,0.22775429,0.28645826,3.3333333
65069501,415,287,0.17823227,0.18968981,103.92857
65069601,420,214,0.19084346,0.23814346,8.75
65069701,315,170,0.1538106,0.13309176,7.797619
65069801,466,313,0.21742367,0.29458763,55.238095
65069901,198,0,0.11460784,0,70.535714
65070001,433,212,0.18368922,0.16726076,68.630952
65070101,391,135,0.17748376,0.1271949,61.547619
65070201,417,299,0.19680236,0.24963657,56.904762
65070301,589,354,0.26552503,0.39710294,57.261905
65070401,208,174,0.089164026,0.091288141,50.77381
65070501,350,175,0.15331966,0.1468368,34.761905
65070601,373,223,0.18072432,0.22398835,30.952381
65070701,570,274,0.25839246,0.36509725,92.97619
65070801,517,211,0.22422508,0.23673526,71.369048
65070901,464,176,0.21974154,0.26050915,26.011905
65071001,495,275,0.2245921,0.28071448,62.142857
65071101,453,173,0.21795752,0.24486144,85.119048
65071201,343,228,0.17116416,0.17981876,37.97619
65071301,442,211,0.19087556,0.2199043,31.369048
65071401,336,221,0.16656351,0.16518756,49.52381
65071501,401,151,0.1960141,0.17122106,92.559524
65071601,225,154,0.10416669,0.096902101,53.690476
65071701,414,267,0.19568625,0.27963,56.428571
65071801,372,187,0.15997851,0.16847452,17.142857
65071901,510,207,0.23891282,0.37986652,39.880952
65072001,499,223,0.21535302,0.20389991,57.97619
65072101,454,216,0.21837927,0.2831755,7.9166667
65072201,394,205,0.18899938,0.20295311,40.77381
65072301,145,110,0.071054479,0.066853181,31.964286
65072401,168,64,0.080692863,0.038383186,63.571429
65072501,533,240,0.25230894,0.3894327,41.607143
65072601,265,168,0.14200207,0.15559581,45.357143
65072701,322,165,0.15990438,0.15017583,23.511905
65072801,393,198,0.16997996,0.17699682,-12.142857
65072901,510,255,0.23417569,0.39590647,9.5238095
65073001,316,191,0.14468808,0.14165777,48.27381
65073101,261,174,0.13667433,0.1396994,4.8809524
65073201,516,271,0.23451354,0.32402653,68.035714
65073301,510,219,0.24069056,0.29558969,35.833333
65073401,411,265,0.18026292,0.22222529,29.166667
65073501,369,179,0.18829228,0.16546478,96.190476
65073601,225,131,0.12173647,0.12092093,-20
65073701,274,117,0.15367569,0.10511953,41.488095
65073801,406,266,0.1894509,0.25241743,7.5595238
65073901,383,223,0.18888522,0.20829401,52.5
65074001,497,209,0.23204103,0.39089074,-19.107143
65074101,373,269,0.16237287,0.16996044,21.666667
65074201,448,118,0.21736506,0.15466073,104.88095
65074301,209,135,0.10108233,0.093814782,14.22619
65074401,554,160,0.26296126,0.35678026,51.666667
65074501,507,202,0.23700541,0.42008521,-30.535714
65074601,451,224,0.21772069,0.31898844,19.642857
65074701,324,141,0.15929255,0.13762728,38.75
65074801,545,284,0.25442521,0.40115051,34.345238
65074901,323,110,0.1746667,0.17236082,-8.6309524
65075001,346,132,0.16904914,0.13762096,5.4166667
65075101,209,108,0.099361243,0.063545646,72.916667
65075201,510,202,0.2265893,0.23802247,36.011905
65075301,269,148,0.13628704,0.12433549,22.02381
65075401,398,108,0.17508945,0.1323281,-19.404762
65075501,640,244,0.27603755,0.37418681,2.6190476
65075601,303,105,0.1606952,0.13039567,24.583333
65075701,246,57,0.12234418,0.045334925,95.535714
65075801,445,229,0.21671173,0.2597225,65.297619
65075901,536,143,0.24514341,0.30872845,10.416667
65076001,503,168,0.22090417,0.29266736,-51.904762
65076101,247,142,0.12879315,0.10679387,53.27381
65076201,403,200,0.18082853,0.18298109,52.380952
65076301,496,232,0.19887289,0.17924779,-14.821429
65076401,418,252,0.17841636,0.20605471,27.559524
65076501,227,140,0.11025982,0.092865097,5
65076601,323,157,0.15195907,0.14520849,-5.7142857
65076701,500,192,0.22746657,0.31620933,-6.0119048
65076801,462,178,0.21841794,0.31075464,12.083333
65076901,511,189,0.24103451,0.31709395,30.178571
65077001,270,186,0.13612016,0.13886873,59.22619
65077101,356,218,0.15838752,0.17339783,-10.178571
65077201,521,219,0.24246971,0.42993849,-14.821429
65077301,232,126,0.11094368,0.094532814,60
65077401,479,290,0.22756225,0.34590088,43.809524
65077501,585,241,0.26987194,0.41488976,4.1071429
65077601,390,78,0.19850595,0.10879342,53.035714
65077701,436,171,0.21077665,0.22778087,81.369048
65077801,566,160,0.25832337,0.51041561,-30.238095
65077901,399,280,0.1779266,0.18130477,62.02381
65078001,286,69,0.12516683,0.048303817,59.761905
65078101,463,177,0.20270431,0.18827371,40.77381
65078201,533,176,0.23740629,0.28181545,30.178571
65078301,543,198,0.23004748,0.23333285,51.964286
65078401,654,163,0.29140423,0.41601148,-13.333333
65078501,293,160,0.15331278,0.15621789,33.154762
65078601,655,244,0.29954697,0.58650485,86.845238
65078701,303,170,0.13099095,0.1087829,85.654762
65078801,503,201,0.23958998,0.40621524,-0.05952381
65078901,415,235,0.18476041,0.21691451,47.857143
65079001,349,185,0.16170161,0.18003337,39.107143
65079101,404,189,0.19367705,0.24825264,-20.178571
65079201,279,113,0.15718305,0.11193347,77.440476
65079301,636,279,0.28047335,0.39149534,73.095238
65079401,617,284,0.27968263,0.42218297,73.154762
65079501,538,79,0.23963294,0.17686792,37.083333
65079601,387,226,0.1791902,0.18300029,105.65476
68000201,592,230,0.27031104,0.48746292,33.452381
68000301,286,170,0.15053588,0.16665122,12.083333
68000401,659,99,0.29084164,0.33869114,32.02381
68000601,580,260,0.26560458,0.47676778,11.72619
68000801,410,215,0.18053203,0.17534524,52.857143
68000901,496,307,0.20979509,0.22878451,15.238095
68001001,319,176,0.14307514,0.12137708,84.880952
68001101,449,224,0.19304277,0.24512505,-3.0357143
68001201,341,196,0.16997953,0.18864065,1.4285714
68001301,293,124,0.1518762,0.14814824,-2.3809524
68001401,439,175,0.20648619,0.17224592,85.47619
68001501,386,111,0.19138511,0.19462984,11.964286
68001601,598,155,0.27936692,0.40753259,16.666667
68001701,376,262,0.17057696,0.19578702,61.190476
68001901,488,175,0.23256939,0.31328847,23.452381
68002001,267,121,0.14272941,0.11094015,50.77381
68002101,166,20,0.07733473,0.010685826,85.059524
68002201,429,180,0.21329511,0.23025001,48.392857
68002301,374,161,0.18129983,0.15603503,77.916667
68002401,199,84,0.11981391,0.073243079,70.119048
68002501,328,162,0.16713945,0.1731809,-6.25
68002601,440,244,0.20356942,0.23227794,53.571429
68002701,590,183,0.2758564,0.35980065,18.511905
68002801,584,158,0.27119484,0.52369299,3.6904762
68002901,474,259,0.23085964,0.35218619,69.047619
68003101,576,237,0.27971523,0.36900569,121.4881
68003301,244,138,0.11947496,0.10001519,3.75
68003401,510,139,0.23818337,0.24470361,23.333333
68003501,444,272,0.20413026,0.25256712,61.488095
68003701,290,203,0.13741376,0.15548561,36.666667
68003801,553,300,0.25452954,0.35174787,55.238095
68003901,445,254,0.20618433,0.25520706,16.666667
68004001,294,111,0.14139982,0.11234424,19.702381
68004101,484,240,0.23457153,0.3239715,14.22619
68004201,263,142,0.11690263,0.097617286,50.238095
68004301,459,205,0.21668198,0.3201899,-20.47619
68004401,331,204,0.1554892,0.15526037,69.702381
68004501,440,276,0.19072433,0.22186338,27.738095
68004601,525,223,0.21529441,0.18969378,-1.7261905
68004701,235,113,0.10822067,0.080997598,21.785714
68004801,308,204,0.13206443,0.13221875,26.190476
68004901,497,218,0.23726176,0.29658139,87.857143
68005001,295,133,0.13593053,0.1112816,58.214286
68005201,294,165,0.12841231,0.10930678,58.630952
68005301,396,170,0.18771945,0.17658484,46.488095
68005401,367,231,0.1773158,0.21448751,24.22619
68005501,347,194,0.15725791,0.15200763,55.952381
68005601,432,244,0.2096484,0.24969312,76.369048
68005701,240,178,0.10274443,0.099482535,16.547619
68005801,144,63,0.073210905,0.038596687,76.666667
68005901,460,268,0.21242812,0.2769884,21.547619
68006001,590,213,0.26674771,0.37620039,76.904762
68006101,473,233,0.20752731,0.23476905,44.642857
68006201,477,285,0.22615233,0.34784731,88.809524
68006301,459,181,0.21331775,0.30687338,-13.27381
68006401,135,67,0.067633595,0.043140297,38.035714
68006501,125,12,0.055829404,0.0074580118,47.797619
68006601,414,139,0.20220003,0.18237436,12.619048
68006901,333,257,0.16743773,0.20393162,22.857143
68007001,309,156,0.15910638,0.15821094,46.011905
68007101,613,294,0.2750866,0.47219253,51.130952
68007201,325,161,0.17740594,0.19247246,-4.047619
68007301,624,251,0.28822502,0.55082794,21.785714
68007401,599,59,0.27929752,0.38064516,3.0357143
68007501,300,126,0.13303229,0.086988489,60.297619
68007701,268,133,0.12385653,0.097816053,61.845238
68007801,288,208,0.14824583,0.16614181,37.797619
68007901,496,208,0.23750914,0.30565211,56.25
68008001,526,181,0.2404279,0.28373784,-50.833333
68008201,532,232,0.24850388,0.34995036,31.190476
68008401,379,228,0.17357101,0.19135529,29.464286
68008601,538,223,0.24851624,0.36965746,3.1547619
68008701,456,323,0.18428851,0.17402876,74.285714
68008801,415,278,0.2005704,0.25597665,35
68008901,263,141,0.12784246,0.11821786,2.3214286
68009001,386,234,0.18817746,0.23758264,17.916667
68009101,259,130,0.11566496,0.084824015,68.333333
68009201,426,221,0.21460202,0.27865667,62.142857
68009401,294,79,0.13071856,0.065910642,49.464286
68009501,218,102,0.096842536,0.063988162,28.869048
68009601,292,191,0.13451065,0.12758652,36.488095
68009701,492,237,0.22594878,0.31789936,21.666667
68009801,576,134,0.27121076,0.50196159,12.440476
68009901,349,164,0.1663467,0.16660997,18.809524
68010001,578,271,0.25623972,0.37249722,104.7619
68010101,636,143,0.2920059,0.34949547,69.880952
68010201,256,81,0.1385159,0.072274631,86.547619
68010301,565,197,0.25947236,0.34452169,49.285714
68010401,409,145,0.18038601,0.15957545,-10.47619
68010501,514,174,0.23895804,0.30162168,47.321429
68010601,381,86,0.16179458,0.088570634,-35.059524
68010701,287,189,0.12363008,0.11396012,45.952381
68010801,353,216,0.17609232,0.21787002,22.97619
68010901,398,222,0.16658007,0.14641694,59.404762
68011001,425,207,0.18679137,0.16452638,50.238095
68011101,329,117,0.14649873,0.095024564,101.54762
68011201,477,211,0.2203102,0.34631714,22.202381
68011301,268,125,0.13868062,0.09366538,95.119048
68011401,255,83,0.11094937,0.051077037,70.833333
68011501,326,245,0.15274099,0.18069693,74.52381
68011601,322,187,0.14221713,0.13227314,14.22619
68011701,575,142,0.2577603,0.19805617,104.70238
68011801,85,52,0.051166735,0.033403856,19.166667
68011901,612,200,0.28937819,0.563724,73.392857
68012101,507,232,0.21509567,0.25643307,15.238095
68012201,257,85,0.11360421,0.071008005,22.559524
68012301,498,227,0.23358064,0.2666021,113.03571
68012401,438,267,0.18963343,0.2348537,32.261905
68012501,498,234,0.2367351,0.34693834,19.22619
68012601,273,124,0.1282695,0.089527918,148.27381
68012701,436,183,0.20740984,0.23042921,52.083333
68012901,358,169,0.17741286,0.14350973,103.45238
68013001,535,297,0.22362259,0.25790618,-10.297619
68013101,502,311,0.23415906,0.33801736,90.178571
68013201,412,195,0.18234195,0.17392824,113.33333
68013501,345,222,0.15036466,0.15953417,39.52381
68013601,412,185,0.19384461,0.2065415,59.047619
68013801,477,174,0.21530604,0.20118103,33.988095
68013901,479,231,0.21382562,0.29375684,-18.27381
68014101,605,222,0.28098363,0.44838554,16.428571
68014201,430,253,0.20551016,0.23454296,60.595238
68014301,444,245,0.1960938,0.21216345,11.547619
68014401,540,225,0.25637949,0.29705531,91.904762
68014501,457,141,0.21282766,0.16706642,98.452381
68014601,388,36,0.19675466,0.0504264,92.5
68014701,320,203,0.14746531,0.15562206,46.309524
68014801,310,201,0.12889474,0.11351693,29.583333
68014901,580,144,0.25782468,0.3641811,-20.952381
68015001,541,121,0.24984967,0.31658745,-29.404762
68015101,355,167,0.16090309,0.12566755,55.892857
68015201,491,242,0.21874534,0.26288133,14.880952
68015301,421,266,0.18762379,0.19593364,115.53571
68015401,430,251,0.1882597,0.23007495,38.630952
68015501,427,205,0.19391455,0.23214027,32.440476
68015601,367,112,0.18161426,0.16549129,38.035714
68015701,612,129,0.27833613,0.37293805,32.083333
68015801,439,172,0.19386098,0.16202129,69.583333
68015901,462,234,0.2147746,0.24658222,59.464286
68016001,511,268,0.23208006,0.35839544,32.559524
68016101,525,249,0.23244843,0.29298097,15.77381
68016201,386,292,0.17481272,0.19247045,68.988095
68016301,396,191,0.20041937,0.2270206,60
68016401,404,249,0.16831307,0.18236515,28.511905
68016501,480,250,0.20500389,0.24997012,1.3690476
68016601,130,55,0.070742032,0.0367297,14.52381
68016701,607,306,0.26019792,0.3942076,25.416667
68016801,479,150,0.21180889,0.15515494,34.761905
68016901,637,285,0.29469497,0.52234525,79.583333
68017001,288,179,0.1475487,0.15618035,32.321429
68017101,402,250,0.19756605,0.26027783,58.154762
68017201,265,175,0.14024223,0.16246921,-17.857143
68017301,463,97,0.2206621,0.23443991,-11.428571
68017601,376,228,0.1810466,0.24087512,-5.5952381
68017701,481,209,0.2200815,0.24929955,10.059524
68017801,283,177,0.14509814,0.16265609,25.416667
68017901,553,249,0.24171435,0.32478751,28.214286
68018001,461,154,0.21151608,0.24153822,-2.9761905
68018101,358,199,0.17633354,0.16014383,87.02381
68018201,356,137,0.18246071,0.14975899,66.071429
68018401,216,58,0.10581091,0.047470674,65.119048
68018501,248,145,0.11692555,0.10496233,74.166667
68018601,215,151,0.12302352,0.11348877,63.690476
68018701,404,182,0.19463172,0.18844451,58.511905
68018801,412,211,0.19916382,0.26960715,33.452381
68018901,623,146,0.29077563,0.55787295,19.404762
68019001,459,208,0.21189627,0.23052346,13.988095
68019201,271,183,0.11743761,0.10294781,31.845238
68019301,333,184,0.15928438,0.1608644,43.035714
68019401,387,202,0.19206694,0.25180836,30.297619
68019501,477,171,0.21668554,0.15761507,140.29762
68019601,503,203,0.24393295,0.39093051,8.6904762
68019701,288,118,0.14304035,0.12896435,-17.797619
68019901,308,97,0.15917523,0.096504534,61.547619
68020101,384,267,0.17722298,0.20441671,56.845238
68020201,134,114,0.052939514,0.048192075,8.6309524
68020301,425,201,0.20955117,0.24234848,62.083333
68020401,203,139,0.10330013,0.089440972,38.928571
68020601,334,232,0.16049657,0.1753524,33.27381
68020801,222,148,0.1141872,0.11305219,-9.7619048
68020901,336,137,0.17046994,0.130227,65.892857
68021001,553,195,0.26605394,0.46248477,37.02381
68021101,484,253,0.20633007,0.23324038,40.059524
68021201,217,156,0.10977768,0.093490874,50.47619
68021301,421,176,0.21018534,0.22888335,40.297619
68021401,524,179,0.25338086,0.29945236,34.702381
68021501,254,190,0.11530824,0.11231465,33.869048
68021601,499,191,0.22991713,0.32657972,-41.428571
68021701,339,132,0.14707221,0.094088386,106.54762
68021801,270,187,0.11492492,0.10690398,2.5595238
68021901,619,91,0.28231565,0.40337064,-26.071429
68022001,542,220,0.25607525,0.31580984,111.72619
68022101,261,166,0.13875782,0.15641817,11.904762
68022201,482,307,0.22424119,0.33668315,60.47619
68022301,357,117,0.16548783,0.10879372,71.011905
68022401,630,186,0.28962092,0.53966985,33.571429
68022501,463,159,0.2352452,0.29038438,61.785714
68022601,562,267,0.25033176,0.28306632,32.5
68022701,532,143,0.25063084,0.57911568,-24.880952
68022801,399,270,0.19404562,0.24170688,33.452381
68022901,204,143,0.085251676,0.079577225,19.22619
68023001,494,265,0.22960607,0.27694811,57.202381
68023101,523,213,0.22902996,0.24906967,16.964286
68023201,627,225,0.27272863,0.39523545,54.404762
68023301,431,176,0.19335495,0.18191664,34.880952
68023401,694,164,0.31123374,0.35357728,45.952381
68023501,495,210,0.2322189,0.31209639,37.380952
68023801,572,231,0.23692077,0.25854899,27.261905
68023901,188,24,0.1003517,0.021483682,66.071429
68024001,398,208,0.16879004,0.18988264,-9.8809524
68024101,466,229,0.20651288,0.21353885,96.607143
68024201,392,268,0.17131953,0.18114527,33.452381
68024401,301,136,0.14149164,0.10655704,26.190476
68024501,282,108,0.14455022,0.10233236,59.52381
68024601,363,230,0.1483873,0.15438812,8.8095238
68024701,491,180,0.22390396,0.22236445,20.595238
68024801,469,176,0.21917315,0.24167478,10.892857
68025001,267,197,0.13193644,0.13921963,33.571429
68025101,414,213,0.20422849,0.26327295,69.821429
68025201,561,80,0.26248431,0.34255128,-29.761905
68025301,172,76,0.10865513,0.074698632,68.27381
68025401,427,281,0.20594274,0.30628946,24.821429
68025501,505,235,0.21531675,0.20962253,-17.02381
68025701,491,152,0.23057024,0.24810711,43.571429
68025801,562,387,0.2398174,0.27623509,104.88095
68025901,592,329,0.24263775,0.28138869,38.333333
68026001,437,242,0.21019153,0.2856389,64.285714
68026101,597,243,0.27172942,0.44837698,36.428571
68026201,388,234,0.16616123,0.17702788,38.511905
68026301,338,129,0.16491197,0.13343802,69.583333
68026401,485,319,0.21361209,0.27365088,13.154762
68026501,420,273,0.20364182,0.27663072,23.571429
68026601,519,226,0.24472049,0.37219132,24.642857
68026801,383,145,0.19041066,0.16836236,21.666667
68026901,469,275,0.21836708,0.30176634,28.809524
68027001,528,166,0.2462532,0.31009213,4.3452381
68027101,398,181,0.17627235,0.1619617,-1.9642857
68027201,346,198,0.14946281,0.16206073,-6.3095238
68027301,317,157,0.1535517,0.13714361,68.27381
68027401,493,217,0.23003749,0.25267041,94.702381
68027601,399,236,0.18272277,0.22799638,35.654762
68027701,420,192,0.19603296,0.22760032,5.7738095
68027901,298,186,0.12961416,0.12771783,16.547619
68028001,481,255,0.21793525,0.2999462,6.3095238
68028101,426,145,0.21595945,0.22179143,90
68028201,435,207,0.20743988,0.25398248,54.047619
68028301,359,170,0.16438153,0.15355811,53.928571
68028701,435,233,0.18239412,0.20120478,-24.642857
68028901,416,224,0.20120302,0.19290378,104.64286
68029001,365,171,0.1817066,0.15399947,56.964286
68029101,647,189,0.28122264,0.32715865,52.97619
68029201,576,247,0.26593702,0.41332963,63.630952
68029401,361,239,0.16979058,0.1859745,41.130952
68029501,503,210,0.22719044,0.24186311,-1.9047619
68029601,353,214,0.14969119,0.14534441,34.285714
68029701,287,169,0.13162894,0.11162065,27.97619
68029801,432,308,0.18977764,0.2229934,45.535714
68029901,421,198,0.20528913,0.29699666,18.630952
68030001,374,238,0.18129602,0.24227442,14.047619
68030101,434,238,0.1983031,0.22341538,51.607143
68030201,407,246,0.19981683,0.22258201,97.678571
68030301,529,280,0.24550364,0.30951498,62.738095
68030401,462,130,0.21419076,0.24746819,-50.595238
68030501,328,172,0.15974745,0.16501027,-20.77381
68030601,484,220,0.2088641,0.19973735,8.0357143
68030701,517,172,0.22172767,0.21429256,-49.22619
68030801,625,60,0.28429014,0.40426863,-34.166667
68030901,474,168,0.22810405,0.29572231,-17.857143
68031001,572,322,0.26064462,0.46689073,53.27381
68031101,272,176,0.1458689,0.14986123,29.047619
68031201,554,299,0.25573955,0.35263399,84.464286
68031301,231,28,0.12428512,0.028423943,68.214286
68031401,220,66,0.11933253,0.055788483,57.142857
68031501,641,165,0.29448428,0.49074729,11.785714
68031601,132,104,0.077062186,0.060241938,27.678571
68031701,515,250,0.24286124,0.34879541,62.916667
68031801,371,183,0.16772524,0.1528318,53.392857
68031901,347,160,0.15934958,0.13120133,66.547619
68032001,491,264,0.21170205,0.25582812,53.75
68032101,257,115,0.11712145,0.081705399,41.369048
68032201,317,97,0.15634498,0.093731597,95.952381
68032301,189,153,0.10747712,0.10000198,27.261905
68032401,296,204,0.13334391,0.13083642,71.428571
68032501,365,149,0.16780409,0.13204243,83.571429
68032601,381,98,0.18052225,0.13054431,17.559524
68032701,382,136,0.18105756,0.13890925,51.904762
68032801,460,121,0.22659557,0.22415057,39.464286
68032901,389,229,0.17472674,0.20577994,48.75
68033001,318,186,0.15103542,0.1499211,67.559524
68033101,392,201,0.18016957,0.2003547,18.511905
68033201,517,129,0.2217375,0.20899207,-23.154762
68033301,510,217,0.22654142,0.25472326,8.9285714
68033401,384,189,0.16473897,0.13120618,83.452381
68033501,231,176,0.10401701,0.1019793,24.107143
68033601,516,303,0.23299262,0.30096127,51.071429
68033701,431,165,0.20796468,0.19677697,69.940476
68033801,585,230,0.26591119,0.37946955,6.6666667
68033901,548,244,0.26677625,0.44456804,45.059524
68034001,372,171,0.16652138,0.16340606,12.380952
68034101,397,179,0.18804747,0.15564499,48.035714
68034201,518,291,0.20848133,0.20905433,19.583333
68034301,422,249,0.18367162,0.2163044,2.1428571
68034401,437,234,0.20378796,0.22803656,71.011905
68034801,457,190,0.19527266,0.18679276,-23.869048
68034901,228,162,0.12024341,0.11924293,27.380952
68035001,401,257,0.18516124,0.24304945,26.607143
68035101,334,170,0.16793005,0.17142556,25
68035301,341,241,0.16710323,0.21625243,-2.797619
68035501,284,135,0.1468339,0.13536812,-5.3571429
68035601,428,86,0.20558808,0.19073044,-10.416667
68035701,339,204,0.13958446,0.13895051,-21.071429
68035801,469,181,0.21484778,0.28364408,22.202381
68035901,474,172,0.2235702,0.23367075,80.654762
68036101,327,123,0.13639546,0.082290467,49.642857
68036201,527,248,0.24549832,0.33776376,18.27381
68036301,526,242,0.25609958,0.39096241,47.083333
68036501,496,87,0.21128585,0.14189487,-6.1309524
68036601,382,220,0.18505209,0.20265827,34.702381
68036701,553,129,0.25210421,0.38618334,-32.678571
68036801,327,133,0.16210211,0.11474882,86.964286
68036901,472,160,0.23035616,0.20205155,73.511905
68037001,136,4,0.055085331,0.0026873464,65.952381
68037101,326,183,0.14945656,0.1636954,29.345238
68037301,357,204,0.17762694,0.20994142,14.821429
68037401,355,259,0.17736784,0.21248732,37.738095
68037501,332,130,0.15524785,0.10277002,101.84524
68037601,457,308,0.2152535,0.26746453,55.892857
68037701,428,279,0.18007522,0.21633063,8.452381
68037801,651,231,0.30029185,0.40143109,72.797619
68037901,258,175,0.13633392,0.12561087,40.714286
68038001,422,232,0.20466431,0.24707166,46.428571
68038101,648,202,0.28337254,0.31091803,64.464286
68038201,254,126,0.13922122,0.11698752,34.22619
68038301,360,232,0.16340504,0.19675281,-13.035714
68038401,302,179,0.13301706,0.12889514,-2.7380952
68038501,601,0,0.27686652,NA,-50.714286
68038601,427,159,0.1994017,0.21487907,37.738095
68038701,450,182,0.21617313,0.2121802,86.309524
68038801,564,273,0.26053071,0.37574612,43.809524
68038901,524,274,0.22112818,0.28425996,18.511905
68039001,145,1,0.067118352,0.001059322,67.857143
68039101,660,151,0.27766788,0.18347631,33.928571
68039201,388,253,0.16016393,0.15371298,67.97619
68039301,433,233,0.21872562,0.33578372,38.869048
68039401,354,164,0.17998283,0.19135876,57.440476
68039501,466,215,0.21870127,0.29785928,13.095238
68039601,535,311,0.24802475,0.37278417,42.321429
68039701,615,198,0.27892609,0.38836467,35.357143
68039801,468,256,0.20536226,0.29371903,-33.869048
68039901,552,227,0.25098371,0.34509184,15.178571
68040001,353,223,0.17330734,0.22198691,-29.345238
68040301,549,286,0.25000376,0.35412273,31.369048
68040501,526,215,0.24268961,0.31157304,105.2381
68040601,355,183,0.15635198,0.1419811,-28.869048
68040701,502,156,0.23273444,0.36532542,-17.678571
68040801,472,281,0.21238069,0.27992717,22.083333
68040901,435,323,0.19838255,0.2691031,47.083333
68041001,432,210,0.2043176,0.25636142,18.214286
68041301,428,152,0.1886609,0.14517496,72.261905
68041501,228,130,0.13199686,0.12827681,-4.4642857
68041601,410,262,0.19402147,0.23054884,23.809524
68041701,632,217,0.27180538,0.27376572,115.41667
68041801,485,254,0.20867791,0.24327852,24.702381
68041901,430,238,0.20773362,0.25402712,56.369048
68042001,612,111,0.27490053,0.37930613,-22.97619
68042101,309,201,0.14865054,0.15712649,32.559524
68042201,715,171,0.31850026,0.56027994,16.428571
68042301,363,216,0.17545951,0.21773146,-3.452381
68042401,365,112,0.17886496,0.13408274,37.619048
68042601,385,198,0.18654914,0.27029368,-47.5
68042801,423,195,0.19120792,0.18513515,15.892857
68042901,300,130,0.13285786,0.094296951,86.964286
68043001,514,260,0.23752279,0.26923371,51.904762
68043101,228,105,0.13610993,0.091039707,96.964286
68043201,484,240,0.21857158,0.21961122,43.869048
68043401,256,146,0.12707823,0.12193793,43.095238
68043601,454,191,0.20609449,0.23247474,45.119048
68043701,146,58,0.093663449,0.059365562,29.821429
68043901,321,182,0.15090165,0.15081788,66.607143
68044001,271,153,0.12255553,0.10708197,40.297619
68044101,372,227,0.17844335,0.20727313,63.928571
68044201,297,216,0.14126477,0.15379229,28.630952
68044301,486,229,0.236461,0.35936795,41.369048
68044401,510,133,0.23593864,0.17410353,96.72619
68044501,322,191,0.15210034,0.15703505,42.440476
68044601,360,274,0.15043227,0.15654036,53.511905
68044801,349,43,0.16818604,0.054602851,71.25
68044901,235,176,0.12680245,0.13048769,49.166667
68045001,341,94,0.17542279,0.10111295,75.416667
68045101,564,248,0.25835843,0.31422277,35.77381
68045201,643,82,0.29686454,0.42707506,23.035714
68045301,601,170,0.27509109,0.39003157,13.214286
68045401,331,89,0.14913193,0.078399076,56.964286
68045501,446,297,0.2004059,0.26051905,23.27381
68045701,294,209,0.13306226,0.14509486,29.702381
68045801,214,94,0.098308762,0.066052915,32.5
68045901,444,190,0.19678125,0.22576198,-17.678571
68046001,477,242,0.20281386,0.19443276,45.357143
68046101,306,132,0.15538075,0.12586024,55.059524
68046201,573,264,0.26625626,0.45500849,62.202381
68046301,323,201,0.1335844,0.12139002,-26.607143
68046401,450,185,0.2220505,0.24493882,92.202381
68046501,649,110,0.29772411,0.53064853,-2.9761905
68046601,196,44,0.091570199,0.029601493,54.583333
68046701,254,106,0.13540643,0.096239974,50.892857
68046901,415,200,0.19512123,0.23449848,27.083333
68047001,447,158,0.1927828,0.22178754,-23.035714
68047101,338,156,0.15983478,0.14981475,39.583333
68047201,506,219,0.23862726,0.28743882,70.357143
68047301,257,178,0.13620328,0.14684534,16.071429
68047401,239,103,0.10268916,0.063596048,74.285714
68047501,497,73,0.21080464,0.15493915,-60.595238
68047601,367,185,0.16916614,0.17248083,-9.2261905
68047701,550,283,0.23739513,0.28906084,47.559524
68047901,447,159,0.18187328,0.10976443,31.845238
68048001,512,295,0.24113395,0.43939403,32.02381
68048101,449,230,0.20964268,0.23176811,57.440476
68048201,439,161,0.18987884,0.16653921,23.27381
68048301,408,205,0.18510622,0.19411891,-34.52381
68048401,438,227,0.19440326,0.24473157,0.41666667
68048501,468,215,0.21464501,0.22570941,52.916667
68048601,227,33,0.10604363,0.024434748,55.654762
68048701,423,153,0.1914354,0.17066803,57.797619
68048801,351,193,0.14745914,0.14884557,-7.9166667
68049001,387,193,0.17029037,0.1459209,87.619048
68049101,586,203,0.26696758,0.51721999,11.547619
68049201,649,113,0.28419963,0.24824221,0.23809524
68049301,708,290,0.31989255,0.58776872,57.261905
68049401,342,119,0.1701581,0.12567867,13.154762
68049501,389,272,0.17645473,0.19392262,42.559524
68049701,589,165,0.27135103,0.44431313,-17.916667
68049801,288,151,0.12706012,0.10640425,37.202381
68049901,478,188,0.22804965,0.23866956,84.583333
68050001,479,251,0.21774048,0.25253384,86.547619
68050101,124,26,0.071789046,0.023827431,58.27381
68050201,389,249,0.18719051,0.22262664,57.738095
68050301,551,324,0.22928402,0.27150469,66.428571
68050401,201,125,0.11510728,0.10509906,8.5714286
68050501,300,178,0.15243506,0.17687394,12.559524
68050601,314,206,0.1385936,0.15026005,67.202381
68050701,577,246,0.26270358,0.36660464,57.321429
68050801,315,80,0.15769809,0.076701439,114.22619
68050901,200,54,0.11823325,0.047060837,16.25
68051101,538,110,0.24825453,0.26984408,7.5
68051301,259,108,0.14826556,0.12246384,47.142857
68051401,534,235,0.24515086,0.3108236,76.309524
