bibkey,paper,task,subject,age,gender,choice,r,country,city,lattitude,longitude
Shachat2021,Shachat 2021,CEPL,1,21,0,4,-0.2711014145147055,China,Wuhan,30.592850,114.305542
Shachat2021,Shachat 2021,CEPL,2,19,0,5,0.5069036058639176,China,Wuhan,30.592850,114.305542
Shachat2021,Shachat 2021,CEPL,3,18,1,5,0.5402836162107996,China,Wuhan,30.592850,114.305542
Shachat2021,Shachat 2021,CEPL,4,21,1,5,0.11404116871999577,China,Wuhan,30.592850,114.305542
Shachat2021,Shachat 2021,CEPL,5,19,0,6,1.469066087570973,China,Wuhan,30.592850,114.305542
Shachat2021,Shachat 2021,CEPL,6,23,0,4,-0.12312523715896528,China,Wuhan,30.592850,114.305542
Shachat2021,Shachat 2021,CEPL,7,19,1,6,1.9963157600257546,China,Wuhan,30.592850,114.305542
Shachat2021,Shachat 2021,CEPL,8,20,0,5,0.5606336634955369,China,Wuhan,30.592850,114.305542
Shachat2021,Shachat 2021,CEPL,9,20,1,5,0.6552030253061094,China,Wuhan,30.592850,114.305542
Shachat2021,Shachat 2021,CEPL,10,19,1,4,-0.24568840436870232,China,Wuhan,30.592850,114.305542
Shachat2021,Shachat 2021,CEPL,11,20,1,4,-0.9538579223118723,China,Wuhan,30.592850,114.305542
Shachat2021,Shachat 2021,CEPL,12,19,0,5,0.37157149515580384,China,Wuhan,30.592850,114.305542
Shachat2021,Shachat 2021,CEPL,13,19,1,5,0.1532109166076407,China,Wuhan,30.592850,114.305542
Shachat2021,Shachat 2021,CEPL,14,19,0,4,-0.8085065451962873,China,Wuhan,30.592850,114.305542
Shachat2021,Shachat 2021,CEPL,15,18,1,4,-0.9719819746748545,China,Wuhan,30.592850,114.305542
Shachat2021,Shachat 2021,CEPL,16,19,1,4,-0.9944454399729148,China,Wuhan,30.592850,114.305542
Shachat2021,Shachat 2021,CEPL,17,19,1,5,0.920449504868593,China,Wuhan,30.592850,114.305542
Shachat2021,Shachat 2021,CEPL,18,22,1,5,0.3643261813372373,China,Wuhan,30.592850,114.305542
Shachat2021,Shachat 2021,CEPL,19,20,1,1,-2.93,China,Wuhan,30.592850,114.305542
Shachat2021,Shachat 2021,CEPL,21,19,1,4,-0.90967538978206,China,Wuhan,30.592850,114.305542
Shachat2021,Shachat 2021,CEPL,22,22,1,5,0.5809407946886493,China,Wuhan,30.592850,114.305542
Shachat2021,Shachat 2021,CEPL,23,19,1,3,-1.4420310923643411,China,Wuhan,30.592850,114.305542
Shachat2021,Shachat 2021,CEPL,24,20,1,4,-0.43871296908240764,China,Wuhan,30.592850,114.305542
Shachat2021,Shachat 2021,CEPL,25,18,1,4,-0.33892921778140583,China,Wuhan,30.592850,114.305542
Shachat2021,Shachat 2021,CEPL,26,19,1,5,0.1124800575338304,China,Wuhan,30.592850,114.305542
Shachat2021,Shachat 2021,CEPL,27,18,1,5,0.6065812757099047,China,Wuhan,30.592850,114.305542
Shachat2021,Shachat 2021,CEPL,28,19,1,5,0.9640162084437907,China,Wuhan,30.592850,114.305542
Shachat2021,Shachat 2021,CEPL,29,21,0,6,1.277879045745358,China,Wuhan,30.592850,114.305542
Shachat2021,Shachat 2021,CEPL,30,19,1,4,-0.8479505936056375,China,Wuhan,30.592850,114.305542
Shachat2021,Shachat 2021,CEPL,31,22,0,4,-0.504434982612729,China,Wuhan,30.592850,114.305542
Shachat2021,Shachat 2021,CEPL,32,21,0,4,-0.023273403693456096,China,Wuhan,30.592850,114.305542
Shachat2021,Shachat 2021,CEPL,33,21,1,5,0.4241159981652163,China,Wuhan,30.592850,114.305542
Shachat2021,Shachat 2021,CEPL,34,20,0,5,0.37905410217586905,China,Wuhan,30.592850,114.305542
Shachat2021,Shachat 2021,CEPL,35,22,0,5,0.308515297062695,China,Wuhan,30.592850,114.305542
Shachat2021,Shachat 2021,CEPL,36,21,1,5,0.08526370430598036,China,Wuhan,30.592850,114.305542
Shachat2021,Shachat 2021,CEPL,38,19,1,4,-0.19805985741084442,China,Wuhan,30.592850,114.305542
Shachat2021,Shachat 2021,CEPL,39,21,0,4,-0.9756183616141789,China,Wuhan,30.592850,114.305542
Shachat2021,Shachat 2021,CEPL,40,19,1,5,0.13361610219813885,China,Wuhan,30.592850,114.305542
Shachat2021,Shachat 2021,CEPL,41,20,0,5,0.25002251553116367,China,Wuhan,30.592850,114.305542
Shachat2021,Shachat 2021,CEPL,42,21,0,5,0.9136286157509312,China,Wuhan,30.592850,114.305542
Shachat2021,Shachat 2021,CEPL,43,23,0,5,0.16468574629630894,China,Wuhan,30.592850,114.305542
Shachat2021,Shachat 2021,CEPL,44,18,1,3,-1.0427248207037336,China,Wuhan,30.592850,114.305542
Shachat2021,Shachat 2021,CEPL,45,20,0,5,0.5469437264837325,China,Wuhan,30.592850,114.305542
Shachat2021,Shachat 2021,CEPL,46,20,0,6,1.010036763548851,China,Wuhan,30.592850,114.305542
Shachat2021,Shachat 2021,CEPL,47,21,0,5,0.5599872505431995,China,Wuhan,30.592850,114.305542
Shachat2021,Shachat 2021,CEPL,48,19,1,3,-2.6320081175095402,China,Wuhan,30.592850,114.305542
Shachat2021,Shachat 2021,CEPL,49,19,0,5,0.5756654612789862,China,Wuhan,30.592850,114.305542
Shachat2021,Shachat 2021,CEPL,50,18,1,4,-0.7765069154184312,China,Wuhan,30.592850,114.305542
Shachat2021,Shachat 2021,CEPL,51,20,0,4,-0.266287908249069,China,Wuhan,30.592850,114.305542
Shachat2021,Shachat 2021,CEPL,52,20,0,5,0.5545910857198759,China,Wuhan,30.592850,114.305542
Shachat2021,Shachat 2021,CEPL,53,23,1,3,-1.1854535896936431,China,Wuhan,30.592850,114.305542
Shachat2021,Shachat 2021,CEPL,54,21,1,5,0.16807000785367565,China,Wuhan,30.592850,114.305542
Shachat2021,Shachat 2021,CEPL,55,22,1,4,-0.37078562316950403,China,Wuhan,30.592850,114.305542
Shachat2021,Shachat 2021,CEPL,56,20,1,4,-0.8121806111210026,China,Wuhan,30.592850,114.305542
Shachat2021,Shachat 2021,CEPL,57,22,1,7,2.369647378849331,China,Wuhan,30.592850,114.305542
Shachat2021,Shachat 2021,CEPL,58,18,1,4,-0.01979551498079668,China,Wuhan,30.592850,114.305542
Shachat2021,Shachat 2021,CEPL,59,19,0,5,0.2745687361457385,China,Wuhan,30.592850,114.305542
Shachat2021,Shachat 2021,CEPL,60,23,1,3,-1.783608290476259,China,Wuhan,30.592850,114.305542
Shachat2021,Shachat 2021,CEPL,61,23,1,5,0.3001486019254662,China,Wuhan,30.592850,114.305542
Shachat2021,Shachat 2021,CEPL,62,23,1,3,-1.590869967036415,China,Wuhan,30.592850,114.305542
Shachat2021,Shachat 2021,CEPL,63,22,1,4,-0.41260050968267015,China,Wuhan,30.592850,114.305542
Shachat2021,Shachat 2021,CEPL,64,23,1,4,-0.6590535812103189,China,Wuhan,30.592850,114.305542
Shachat2021,Shachat 2021,CEPL,65,20,0,5,0.37635054300772025,China,Wuhan,30.592850,114.305542
Shachat2021,Shachat 2021,CEPL,66,20,0,5,0.26584469937486577,China,Wuhan,30.592850,114.305542
Shachat2021,Shachat 2021,CEPL,67,21,0,5,0.6839288146723992,China,Wuhan,30.592850,114.305542
Shachat2021,Shachat 2021,CEPL,68,21,1,5,0.5525955274095758,China,Wuhan,30.592850,114.305542
Shachat2021,Shachat 2021,CEPL,69,21,1,5,0.5012434550118632,China,Wuhan,30.592850,114.305542
Shachat2021,Shachat 2021,CEPL,70,18,1,5,0.9299826980358921,China,Wuhan,30.592850,114.305542
Shachat2021,Shachat 2021,CEPL,71,22,1,4,-0.597455566425342,China,Wuhan,30.592850,114.305542
Shachat2021,Shachat 2021,CEPL,72,20,1,4,-0.7186562268645502,China,Wuhan,30.592850,114.305542
Shachat2021,Shachat 2021,CEPL,73,19,0,4,-0.5518523107096552,China,Wuhan,30.592850,114.305542
Shachat2021,Shachat 2021,CEPL,74,23,1,3,-2.5002642884664237,China,Wuhan,30.592850,114.305542
Shachat2021,Shachat 2021,CEPL,75,18,0,5,0.5469478642032481,China,Wuhan,30.592850,114.305542
Shachat2021,Shachat 2021,CEPL,76,23,1,5,0.4188040867866948,China,Wuhan,30.592850,114.305542
Shachat2021,Shachat 2021,CEPL,77,20,1,5,0.8454143816349096,China,Wuhan,30.592850,114.305542
Shachat2021,Shachat 2021,CEPL,78,24,1,5,0.3894731564284302,China,Wuhan,30.592850,114.305542
Shachat2021,Shachat 2021,CEPL,79,22,1,3,-1.8807424439652825,China,Wuhan,30.592850,114.305542
Shachat2021,Shachat 2021,CEPL,80,22,1,4,0.06807201597141099,China,Wuhan,30.592850,114.305542
Shachat2021,Shachat 2021,CEPL,81,22,1,4,-0.1888520653522573,China,Wuhan,30.592850,114.305542
Shachat2021,Shachat 2021,CEPL,82,19,1,4,-0.16586895128246393,China,Wuhan,30.592850,114.305542
Shachat2021,Shachat 2021,CEPL,83,22,0,4,-0.03424980088369911,China,Wuhan,30.592850,114.305542
Shachat2021,Shachat 2021,CEPL,85,22,0,3,-1.2030726183601654,China,Wuhan,30.592850,114.305542
Shachat2021,Shachat 2021,CEPL,86,24,0,5,0.7129138525528833,China,Wuhan,30.592850,114.305542
Shachat2021,Shachat 2021,CEPL,87,23,0,5,0.11275138098280876,China,Wuhan,30.592850,114.305542
Shachat2021,Shachat 2021,CEPL,88,22,1,6,1.8400078810099512,China,Wuhan,30.592850,114.305542
Shachat2021,Shachat 2021,CEPL,89,20,1,5,0.6140449534589425,China,Wuhan,30.592850,114.305542
Shachat2021,Shachat 2021,CEPL,90,21,1,4,-0.5366857391921803,China,Wuhan,30.592850,114.305542
Shachat2021,Shachat 2021,CEPL,91,19,1,4,-0.9554101257072761,China,Wuhan,30.592850,114.305542
Shachat2021,Shachat 2021,CEPL,92,19,0,5,0.6432035791641102,China,Wuhan,30.592850,114.305542
Shachat2021,Shachat 2021,CEPL,93,24,1,5,0.19678879261016846,China,Wuhan,30.592850,114.305542
Shachat2021,Shachat 2021,CEPL,94,20,0,4,-0.21236384142423048,China,Wuhan,30.592850,114.305542
Shachat2021,Shachat 2021,CEPL,95,21,0,5,0.13985378484940159,China,Wuhan,30.592850,114.305542
Shachat2021,Shachat 2021,CEPL,96,23,0,1,-2.93,China,Wuhan,30.592850,114.305542
Shachat2021,Shachat 2021,CEPL,97,22,0,5,0.4604035791871138,China,Wuhan,30.592850,114.305542
Shachat2021,Shachat 2021,CEPL,98,24,1,1,-2.93,China,Wuhan,30.592850,114.305542
Shachat2021,Shachat 2021,CEPL,99,22,0,5,0.3262750994507223,China,Wuhan,30.592850,114.305542
Shachat2021,Shachat 2021,CEPL,100,22,1,5,0.8251084324927069,China,Wuhan,30.592850,114.305542
Shachat2021,Shachat 2021,CEPL,101,21,1,4,-0.44148939906852314,China,Wuhan,30.592850,114.305542
Shachat2021,Shachat 2021,CEPL,102,25,0,1,-2.93,China,Wuhan,30.592850,114.305542
Shachat2021,Shachat 2021,CEPL,103,22,0,5,0.4422878987086005,China,Wuhan,30.592850,114.305542
Shachat2021,Shachat 2021,CEPL,104,19,0,6,1.940033116368577,China,Wuhan,30.592850,114.305542
Shachat2021,Shachat 2021,CEPL,105,22,1,5,0.8512519427598453,China,Wuhan,30.592850,114.305542
Shachat2021,Shachat 2021,CEPL,106,22,1,5,0.9458490885049105,China,Wuhan,30.592850,114.305542
Shachat2021,Shachat 2021,CEPL,107,23,1,4,-0.6428543429612181,China,Wuhan,30.592850,114.305542
Shachat2021,Shachat 2021,CEPL,108,20,0,4,-0.2855785574857145,China,Wuhan,30.592850,114.305542
Shachat2021,Shachat 2021,CEPL,109,20,1,4,-0.6791795802023262,China,Wuhan,30.592850,114.305542
Shachat2021,Shachat 2021,CEPL,110,22,1,4,-0.08172382994554928,China,Wuhan,30.592850,114.305542
Shachat2021,Shachat 2021,CEPL,111,19,0,5,0.14376928399084138,China,Wuhan,30.592850,114.305542
Shachat2021,Shachat 2021,CEPL,112,19,0,3,-2.580988232495729,China,Wuhan,30.592850,114.305542
Shachat2021,Shachat 2021,CEPL,113,20,0,5,0.5886177723226138,China,Wuhan,30.592850,114.305542
Shachat2021,Shachat 2021,CEPL,114,19,1,4,-0.6173442209186032,China,Wuhan,30.592850,114.305542
Shachat2021,Shachat 2021,CEPL,115,20,1,3,-2.5660048700938933,China,Wuhan,30.592850,114.305542
Shachat2021,Shachat 2021,CEPL,116,21,1,5,0.6893339963420293,China,Wuhan,30.592850,114.305542
Shachat2021,Shachat 2021,CEPL,117,19,1,5,0.43008695976575834,China,Wuhan,30.592850,114.305542
Shachat2021,Shachat 2021,CEPL,118,18,1,5,0.29729646573541685,China,Wuhan,30.592850,114.305542
Shachat2021,Shachat 2021,CEPL,119,19,1,10,7.96,China,Wuhan,30.592850,114.305542
Shachat2021,Shachat 2021,CEPL,120,21,1,5,0.5028469610959292,China,Wuhan,30.592850,114.305542
Shachat2021,Shachat 2021,CEPL,121,19,1,6,1.7199452447146177,China,Wuhan,30.592850,114.305542
Shachat2021,Shachat 2021,CEPL,122,20,1,4,-0.02715486186090854,China,Wuhan,30.592850,114.305542
Shachat2021,Shachat 2021,CEPL,123,23,0,7,2.717376115291845,China,Wuhan,30.592850,114.305542
Shachat2021,Shachat 2021,CEPL,124,19,1,4,-0.5187427852721884,China,Wuhan,30.592850,114.305542
Shachat2021,Shachat 2021,CEPL,125,19,1,3,-1.275117082290817,China,Wuhan,30.592850,114.305542
Shachat2021,Shachat 2021,CEPL,126,20,1,4,-0.10941781395347783,China,Wuhan,30.592850,114.305542
Shachat2021,Shachat 2021,CEPL,127,19,1,4,-0.6438131273118779,China,Wuhan,30.592850,114.305542
Shachat2021,Shachat 2021,CEPL,128,21,1,5,0.7555807356256992,China,Wuhan,30.592850,114.305542
Shachat2021,Shachat 2021,CEPL,129,18,1,1,-2.93,China,Wuhan,30.592850,114.305542
Shachat2021,Shachat 2021,CEPL,130,19,1,4,-0.9911533273453824,China,Wuhan,30.592850,114.305542
Shachat2021,Shachat 2021,CEPL,131,18,1,5,0.9902553832018748,China,Wuhan,30.592850,114.305542
Shachat2021,Shachat 2021,CEPL,132,20,1,4,-0.47136961699696256,China,Wuhan,30.592850,114.305542
Shachat2021,Shachat 2021,CEPL,133,22,1,5,0.12198122013127433,China,Wuhan,30.592850,114.305542
Shachat2021,Shachat 2021,CEPL,134,21,1,5,0.34802178893005475,China,Wuhan,30.592850,114.305542
Shachat2021,Shachat 2021,CEPL,135,18,1,5,0.6464959891512989,China,Wuhan,30.592850,114.305542
Shachat2021,Shachat 2021,CEPL,136,19,1,5,0.4422756405873224,China,Wuhan,30.592850,114.305542
Shachat2021,Shachat 2021,CEPL,137,22,0,6,1.7999606139259412,China,Wuhan,30.592850,114.305542
Shachat2021,Shachat 2021,CEPL,138,18,1,4,-0.9428026828356088,China,Wuhan,30.592850,114.305542
Shachat2021,Shachat 2021,CEPL,139,19,1,5,0.6834746966534293,China,Wuhan,30.592850,114.305542
Shachat2021,Shachat 2021,CEPL,140,21,1,4,-0.24217488426016642,China,Wuhan,30.592850,114.305542
Shachat2021,Shachat 2021,CEPL,141,18,1,5,0.7318445905880071,China,Wuhan,30.592850,114.305542
Shachat2021,Shachat 2021,CEPL,142,21,0,5,0.4333327459753491,China,Wuhan,30.592850,114.305542
Shachat2021,Shachat 2021,CEPL,143,19,0,4,-0.44178293805336577,China,Wuhan,30.592850,114.305542
Shachat2021,Shachat 2021,CEPL,145,23,1,3,-2.4516180622461254,China,Wuhan,30.592850,114.305542
Shachat2021,Shachat 2021,CEPL,146,20,1,4,-0.19498323445906862,China,Wuhan,30.592850,114.305542
Shachat2021,Shachat 2021,CEPL,147,18,0,5,0.11349910169607029,China,Wuhan,30.592850,114.305542
Shachat2021,Shachat 2021,CEPL,148,19,1,5,0.6386206060368567,China,Wuhan,30.592850,114.305542
Shachat2021,Shachat 2021,CEPL,149,20,0,4,0.002781557778362309,China,Wuhan,30.592850,114.305542
Shachat2021,Shachat 2021,CEPL,150,20,1,3,-1.5713899669726379,China,Wuhan,30.592850,114.305542
Shachat2021,Shachat 2021,CEPL,151,18,1,4,0.05376337499357775,China,Wuhan,30.592850,114.305542
Shachat2021,Shachat 2021,CEPL,153,19,1,4,-0.3568264321540482,China,Wuhan,30.592850,114.305542
Shachat2021,Shachat 2021,CEPL,154,19,0,5,0.6079233963205479,China,Wuhan,30.592850,114.305542
Shachat2021,Shachat 2021,CEPL,155,18,0,5,0.5204483452765271,China,Wuhan,30.592850,114.305542
Shachat2021,Shachat 2021,CEPL,156,19,1,6,1.6797049214085564,China,Wuhan,30.592850,114.305542
Shachat2021,Shachat 2021,CEPL,157,20,1,2,-2.93,China,Wuhan,30.592850,114.305542
Shachat2021,Shachat 2021,CEPL,158,18,1,3,-2.601733741622884,China,Wuhan,30.592850,114.305542
Shachat2021,Shachat 2021,CEPL,159,21,1,2,-2.93,China,Wuhan,30.592850,114.305542
Shachat2021,Shachat 2021,CEPL,160,19,0,4,-0.7218032785248942,China,Wuhan,30.592850,114.305542
Shachat2021,Shachat 2021,CEPL,161,22,1,4,-0.6029377296264283,China,Wuhan,30.592850,114.305542
Shachat2021,Shachat 2021,CEPL,162,19,1,5,0.8244875374622642,China,Wuhan,30.592850,114.305542
Shachat2021,Shachat 2021,CEPL,163,21,1,4,-0.6401333052664995,China,Wuhan,30.592850,114.305542
Shachat2021,Shachat 2021,CEPL,164,18,0,4,-0.544598070019856,China,Wuhan,30.592850,114.305542
Shachat2021,Shachat 2021,CEPL,165,18,1,3,-1.5623479478806257,China,Wuhan,30.592850,114.305542
Shachat2021,Shachat 2021,CEPL,166,21,1,4,-0.2648035491001792,China,Wuhan,30.592850,114.305542
Shachat2021,Shachat 2021,CEPL,167,18,1,4,-0.5484569581155665,China,Wuhan,30.592850,114.305542
Shachat2021,Shachat 2021,CEPL,168,18,1,5,0.2766517638415098,China,Wuhan,30.592850,114.305542
Shachat2021,Shachat 2021,CEPL,169,18,1,5,0.947725334377028,China,Wuhan,30.592850,114.305542
Shachat2021,Shachat 2021,CEPL,170,23,1,4,-0.7563800492091104,China,Wuhan,30.592850,114.305542
Shachat2021,Shachat 2021,CEPL,171,18,1,5,0.22377302105072885,China,Wuhan,30.592850,114.305542
Shachat2021,Shachat 2021,CEPL,172,19,1,5,0.5119481541728601,China,Wuhan,30.592850,114.305542
Shachat2021,Shachat 2021,CEPL,173,19,1,3,-2.4007464868412356,China,Wuhan,30.592850,114.305542
Shachat2021,Shachat 2021,CEPL,174,21,1,4,-0.09365115396445611,China,Wuhan,30.592850,114.305542
Shachat2021,Shachat 2021,CEPL,175,19,1,3,-2.845455056913197,China,Wuhan,30.592850,114.305542
Shachat2021,Shachat 2021,CEPL,176,17,1,5,0.3393920607236214,China,Wuhan,30.592850,114.305542
Shachat2021,Shachat 2021,CEPL,177,18,1,5,0.8887684682686812,China,Wuhan,30.592850,114.305542
Shachat2021,Shachat 2021,CEPL,178,18,1,4,-0.30976082507753744,China,Wuhan,30.592850,114.305542
Shachat2021,Shachat 2021,CEPL,179,19,1,4,-0.4191243827412836,China,Wuhan,30.592850,114.305542
Shachat2021,Shachat 2021,CEPL,180,20,1,7,2.133686506948434,China,Wuhan,30.592850,114.305542
Shachat2021,Shachat 2021,CEPL,181,18,1,5,0.7535628835624084,China,Wuhan,30.592850,114.305542
Shachat2021,Shachat 2021,CEPL,182,23,1,1,-2.93,China,Wuhan,30.592850,114.305542
Shachat2021,Shachat 2021,CEPL,183,22,1,4,-0.23774187637958666,China,Wuhan,30.592850,114.305542
Shachat2021,Shachat 2021,CEPL,184,18,1,5,0.401715169204399,China,Wuhan,30.592850,114.305542
Shachat2021,Shachat 2021,CEPL,185,20,1,7,3.6937389967171477,China,Wuhan,30.592850,114.305542
Shachat2021,Shachat 2021,CEPL,186,19,0,7,3.0064337015291676,China,Wuhan,30.592850,114.305542
Shachat2021,Shachat 2021,CEPL,187,19,1,4,-0.668165038654115,China,Wuhan,30.592850,114.305542
Shachat2021,Shachat 2021,CEPL,188,23,0,4,-0.8706619804142974,China,Wuhan,30.592850,114.305542
Shachat2021,Shachat 2021,CEPL,189,22,1,4,-0.5758131907507777,China,Wuhan,30.592850,114.305542
Shachat2021,Shachat 2021,CEPL,190,18,0,4,-0.2729302066704258,China,Wuhan,30.592850,114.305542
Shachat2021,Shachat 2021,CEPL,192,22,1,4,-0.24189943775534628,China,Wuhan,30.592850,114.305542
Shachat2021,Shachat 2021,CEPL,193,20,0,5,0.43238941521616653,China,Wuhan,30.592850,114.305542
Shachat2021,Shachat 2021,CEPL,194,18,1,6,1.4763698413176463,China,Wuhan,30.592850,114.305542
Shachat2021,Shachat 2021,CEPL,195,18,0,4,-0.18629943971522145,China,Wuhan,30.592850,114.305542
Shachat2021,Shachat 2021,CEPL,196,22,1,6,1.8726289605768398,China,Wuhan,30.592850,114.305542
Shachat2021,Shachat 2021,CEPL,197,21,1,4,-0.33937736908206717,China,Wuhan,30.592850,114.305542
Shachat2021,Shachat 2021,CEPL,198,22,1,4,-0.8936788300098851,China,Wuhan,30.592850,114.305542
Shachat2021,Shachat 2021,CEPL,199,21,1,4,0.011953961839899385,China,Wuhan,30.592850,114.305542
Shachat2021,Shachat 2021,CEPL,200,19,0,5,0.8135277781751937,China,Wuhan,30.592850,114.305542
Shachat2021,Shachat 2021,CEPL,201,19,1,5,0.5618276148149743,China,Wuhan,30.592850,114.305542
Shachat2021,Shachat 2021,CEPL,202,19,0,5,0.48804760358761995,China,Wuhan,30.592850,114.305542
Shachat2021,Shachat 2021,CEPL,203,20,1,5,0.8760894359624944,China,Wuhan,30.592850,114.305542
Shachat2021,Shachat 2021,CEPL,204,19,1,6,1.856575248655863,China,Wuhan,30.592850,114.305542
Shachat2021,Shachat 2021,CEPL,205,19,1,5,0.3593258645548485,China,Wuhan,30.592850,114.305542
Shachat2021,Shachat 2021,CEPL,206,20,1,4,-0.5828521993639879,China,Wuhan,30.592850,114.305542
Shachat2021,Shachat 2021,CEPL,207,19,0,5,0.5126959383301437,China,Wuhan,30.592850,114.305542
Shachat2021,Shachat 2021,CEPL,208,18,1,5,0.2992157065169886,China,Wuhan,30.592850,114.305542
Shachat2021,Shachat 2021,CEPL,209,20,1,3,-2.136853688338306,China,Wuhan,30.592850,114.305542
Shachat2021,Shachat 2021,CEPL,210,22,0,5,0.18042037479113787,China,Wuhan,30.592850,114.305542
Shachat2021,Shachat 2021,CEPL,211,20,0,4,-0.8845950286020525,China,Wuhan,30.592850,114.305542
Shachat2021,Shachat 2021,CEPL,212,20,1,6,1.4654489138070494,China,Wuhan,30.592850,114.305542
Shachat2021,Shachat 2021,CEPL,213,20,1,5,0.38585527016315607,China,Wuhan,30.592850,114.305542
Shachat2021,Shachat 2021,CEPL,214,21,1,3,-1.4847890086635016,China,Wuhan,30.592850,114.305542
Shachat2021,Shachat 2021,CEPL,215,21,1,4,-0.15541982570663093,China,Wuhan,30.592850,114.305542
Shachat2021,Shachat 2021,CEPL,216,19,1,4,0.03292386467335762,China,Wuhan,30.592850,114.305542
Shachat2021,Shachat 2021,CEPL,217,20,0,5,0.47875578655861317,China,Wuhan,30.592850,114.305542
Shachat2021,Shachat 2021,CEPL,218,21,0,4,-0.34490465125069014,China,Wuhan,30.592850,114.305542
Shachat2021,Shachat 2021,CEPL,219,19,0,5,0.4536572320316918,China,Wuhan,30.592850,114.305542
Shachat2021,Shachat 2021,CEPL,220,20,0,4,-0.1379113608645275,China,Wuhan,30.592850,114.305542
Shachat2021,Shachat 2021,CEPL,221,19,0,5,0.6695738572045229,China,Wuhan,30.592850,114.305542
Shachat2021,Shachat 2021,CEPL,222,18,0,5,0.08490129126468673,China,Wuhan,30.592850,114.305542
Shachat2021,Shachat 2021,CEPL,223,19,0,5,0.7341576409735717,China,Wuhan,30.592850,114.305542
Shachat2021,Shachat 2021,CEPL,224,21,0,5,0.6032606524042785,China,Wuhan,30.592850,114.305542
Shachat2021,Shachat 2021,CEPL,225,20,0,5,0.6076229910412803,China,Wuhan,30.592850,114.305542
Shachat2021,Shachat 2021,CEPL,226,21,0,3,-1.5333692908426748,China,Wuhan,30.592850,114.305542
Shachat2021,Shachat 2021,CEPL,227,21,0,3,-2.2965073017240503,China,Wuhan,30.592850,114.305542
Shachat2021,Shachat 2021,CEPL,228,19,0,5,0.8885632078023626,China,Wuhan,30.592850,114.305542
Shachat2021,Shachat 2021,CEPL,229,20,1,3,-1.2516849185619503,China,Wuhan,30.592850,114.305542
Shachat2021,Shachat 2021,CEPL,230,23,0,5,0.9126570080127567,China,Wuhan,30.592850,114.305542
Shachat2021,Shachat 2021,CEPL,231,19,1,4,-0.6668646680912934,China,Wuhan,30.592850,114.305542
Shachat2021,Shachat 2021,CEPL,232,19,1,4,-0.7997891935519874,China,Wuhan,30.592850,114.305542
Shachat2021,Shachat 2021,CEPL,233,21,1,5,0.3789479958382435,China,Wuhan,30.592850,114.305542
Shachat2021,Shachat 2021,CEPL,234,20,1,5,0.1677589411637746,China,Wuhan,30.592850,114.305542
Shachat2021,Shachat 2021,CEPL,235,21,1,5,0.903091861361172,China,Wuhan,30.592850,114.305542
Shachat2021,Shachat 2021,CEPL,236,20,0,6,1.6477487499825658,China,Wuhan,30.592850,114.305542
Shachat2021,Shachat 2021,CEPL,237,18,0,5,0.4380186359165236,China,Wuhan,30.592850,114.305542
Shachat2021,Shachat 2021,CEPL,238,19,1,5,0.10520367411663756,China,Wuhan,30.592850,114.305542
Shachat2021,Shachat 2021,CEPL,239,20,0,5,0.4525505058490671,China,Wuhan,30.592850,114.305542
Shachat2021,Shachat 2021,CEPL,240,19,0,6,1.0647781576914712,China,Wuhan,30.592850,114.305542
Shachat2021,Shachat 2021,CEPL,241,19,1,4,-0.04404863903531797,China,Wuhan,30.592850,114.305542
Shachat2021,Shachat 2021,CEPL,242,21,0,5,0.13281954236328603,China,Wuhan,30.592850,114.305542
Shachat2021,Shachat 2021,CEPL,243,24,1,5,0.8492003267840482,China,Wuhan,30.592850,114.305542
Shachat2021,Shachat 2021,CEPL,244,19,1,6,1.368685827497393,China,Wuhan,30.592850,114.305542
Shachat2021,Shachat 2021,CEPL,245,21,1,6,1.93084812767338,China,Wuhan,30.592850,114.305542
Shachat2021,Shachat 2021,CEPL,246,19,1,5,0.18604292672360317,China,Wuhan,30.592850,114.305542
Shachat2021,Shachat 2021,CEPL,247,20,1,5,0.09249659500550479,China,Wuhan,30.592850,114.305542
Shachat2021,Shachat 2021,CEPL,248,24,1,3,-1.5710038494458423,China,Wuhan,30.592850,114.305542
Shachat2021,Shachat 2021,CEPL,249,20,1,4,-0.7055676310998387,China,Wuhan,30.592850,114.305542
Shachat2021,Shachat 2021,CEPL,250,20,0,5,0.9768390254746191,China,Wuhan,30.592850,114.305542
Shachat2021,Shachat 2021,CEPL,251,19,1,4,-0.2150324439862743,China,Wuhan,30.592850,114.305542
Shachat2021,Shachat 2021,CEPL,252,22,1,3,-1.729622894518543,China,Wuhan,30.592850,114.305542
Shachat2021,Shachat 2021,CEPL,253,18,0,7,3.532142910247203,China,Wuhan,30.592850,114.305542
Shachat2021,Shachat 2021,CEPL,254,20,0,3,-1.1471212919079699,China,Wuhan,30.592850,114.305542
Shachat2021,Shachat 2021,CEPL,255,20,0,5,0.2862213976960629,China,Wuhan,30.592850,114.305542
Shachat2021,Shachat 2021,CEPL,256,21,1,4,-0.3552657877770252,China,Wuhan,30.592850,114.305542
Shachat2021,Shachat 2021,CEPL,257,21,0,5,0.4401222411287017,China,Wuhan,30.592850,114.305542
Shachat2021,Shachat 2021,CEPL,258,25,0,5,0.5940773833333515,China,Wuhan,30.592850,114.305542
Shachat2021,Shachat 2021,CEPL,259,19,1,5,0.7340413846750744,China,Wuhan,30.592850,114.305542
Shachat2021,Shachat 2021,CEPL,260,19,1,5,0.19629813191713766,China,Wuhan,30.592850,114.305542
Shachat2021,Shachat 2021,CEPL,261,23,1,5,0.5892543542664497,China,Wuhan,30.592850,114.305542
Shachat2021,Shachat 2021,CEPL,262,21,1,4,-0.1814505501859821,China,Wuhan,30.592850,114.305542
Shachat2021,Shachat 2021,CEPL,263,20,1,4,-0.9283797014597803,China,Wuhan,30.592850,114.305542
Shachat2021,Shachat 2021,CEPL,264,23,0,6,1.8030675466964021,China,Wuhan,30.592850,114.305542
Shachat2021,Shachat 2021,CEPL,265,19,0,5,0.33682076653465626,China,Wuhan,30.592850,114.305542
Shachat2021,Shachat 2021,CEPL,266,20,1,5,0.6031506907055155,China,Wuhan,30.592850,114.305542
Shachat2021,Shachat 2021,CEPL,267,19,1,5,0.4080779792740941,China,Wuhan,30.592850,114.305542
Shachat2021,Shachat 2021,CEPL,268,19,0,5,0.074954265949782,China,Wuhan,30.592850,114.305542
Shachat2021,Shachat 2021,CEPL,270,20,1,5,0.3651874211616814,China,Wuhan,30.592850,114.305542
Shachat2021,Shachat 2021,CEPL,271,19,0,5,0.6719971460173837,China,Wuhan,30.592850,114.305542
Shachat2021,Shachat 2021,CEPL,272,20,0,4,-0.18409272965043777,China,Wuhan,30.592850,114.305542
Shachat2021,Shachat 2021,CEPL,274,22,1,5,0.28289291729219257,China,Wuhan,30.592850,114.305542
Shachat2021,Shachat 2021,CEPL,275,20,0,4,0.06103016255656257,China,Wuhan,30.592850,114.305542
Shachat2021,Shachat 2021,CEPL,276,19,1,5,0.5156520421663299,China,Wuhan,30.592850,114.305542
Shachat2021,Shachat 2021,CEPL,277,18,1,4,-0.02166739919222882,China,Wuhan,30.592850,114.305542
Shachat2021,Shachat 2021,CEPL,278,21,1,5,0.1926537271332927,China,Wuhan,30.592850,114.305542
Shachat2021,Shachat 2021,CEPL,279,22,1,4,-0.4929315509786829,China,Wuhan,30.592850,114.305542
Shachat2021,Shachat 2021,CEPL,281,23,1,4,-0.9720805285288953,China,Wuhan,30.592850,114.305542
Shachat2021,Shachat 2021,CEPL,282,21,1,5,0.7794631977356039,China,Wuhan,30.592850,114.305542
Shachat2021,Shachat 2021,CEPL,283,18,0,5,0.8071990895131602,China,Wuhan,30.592850,114.305542
Shachat2021,Shachat 2021,CEPL,284,18,1,6,1.20392740346957,China,Wuhan,30.592850,114.305542
Shachat2021,Shachat 2021,CEPL,285,19,1,3,-2.5483323114924135,China,Wuhan,30.592850,114.305542
Shachat2021,Shachat 2021,CEPL,286,21,1,6,1.7925241202674806,China,Wuhan,30.592850,114.305542
Shachat2021,Shachat 2021,CEPL,287,19,0,1,-2.93,China,Wuhan,30.592850,114.305542
Shachat2021,Shachat 2021,CEPL,288,20,0,5,0.12385146155720578,China,Wuhan,30.592850,114.305542
Shachat2021,Shachat 2021,CEPL,289,19,0,4,-0.14800422579515715,China,Wuhan,30.592850,114.305542
Shachat2021,Shachat 2021,CEPL,290,20,1,10,7.96,China,Wuhan,30.592850,114.305542
Shachat2021,Shachat 2021,CEPL,291,19,1,5,0.3478095983411185,China,Wuhan,30.592850,114.305542
Shachat2021,Shachat 2021,CEPL,292,23,0,7,3.0057941551227123,China,Wuhan,30.592850,114.305542
Shachat2021,Shachat 2021,CEPL,293,20,0,4,-0.9901011162111536,China,Wuhan,30.592850,114.305542
Shachat2021,Shachat 2021,CEPL,294,21,0,5,0.8766046971292234,China,Wuhan,30.592850,114.305542
Shachat2021,Shachat 2021,CEPL,295,18,1,5,0.09973586388630792,China,Wuhan,30.592850,114.305542
Shachat2021,Shachat 2021,CEPL,296,22,1,5,0.5979815359553322,China,Wuhan,30.592850,114.305542
Shachat2021,Shachat 2021,CEPL,297,20,0,6,1.1202414368279279,China,Wuhan,30.592850,114.305542
Shachat2021,Shachat 2021,CEPL,298,24,0,5,0.21160382923670112,China,Wuhan,30.592850,114.305542
Shachat2021,Shachat 2021,CEPL,299,21,0,2,-2.93,China,Wuhan,30.592850,114.305542
Shachat2021,Shachat 2021,CEPL,300,20,1,5,0.9459625190543011,China,Wuhan,30.592850,114.305542
Shachat2021,Shachat 2021,CEPL,301,22,1,6,1.062323773293756,China,Wuhan,30.592850,114.305542
Shachat2021,Shachat 2021,CEPL,303,20,0,5,0.7797895208722911,China,Wuhan,30.592850,114.305542
Shachat2021,Shachat 2021,CEPL,304,22,1,5,0.20835904080886394,China,Wuhan,30.592850,114.305542
Shachat2021,Shachat 2021,CEPL,305,23,1,4,-0.3462693035183474,China,Wuhan,30.592850,114.305542
Shachat2021,Shachat 2021,CEPL,306,20,1,5,0.5352327763335779,China,Wuhan,30.592850,114.305542
Shachat2021,Shachat 2021,CEPL,307,21,0,4,0.038223680548835626,China,Wuhan,30.592850,114.305542
Shachat2021,Shachat 2021,CEPL,308,20,0,5,0.37828751087188717,China,Wuhan,30.592850,114.305542
Shachat2021,Shachat 2021,CEPL,309,21,1,5,0.45228381532942874,China,Wuhan,30.592850,114.305542
Shachat2021,Shachat 2021,CEPL,310,21,0,4,-0.3207919147564098,China,Wuhan,30.592850,114.305542
Shachat2021,Shachat 2021,CEPL,311,23,0,6,1.7366134853940456,China,Wuhan,30.592850,114.305542
Shachat2021,Shachat 2021,CEPL,312,18,0,5,0.18765857616672293,China,Wuhan,30.592850,114.305542
Shachat2021,Shachat 2021,CEPL,313,19,0,5,0.8089364839205517,China,Wuhan,30.592850,114.305542
Shachat2021,Shachat 2021,CEPL,314,21,0,5,0.08872183375991882,China,Wuhan,30.592850,114.305542
Shachat2021,Shachat 2021,CEPL,315,21,0,5,0.4379449932137504,China,Wuhan,30.592850,114.305542
Shachat2021,Shachat 2021,CEPL,316,22,0,4,-0.42141038252739227,China,Wuhan,30.592850,114.305542
Shachat2021,Shachat 2021,CEPL,318,21,1,5,0.4213842627056874,China,Wuhan,30.592850,114.305542
Shachat2021,Shachat 2021,CEPL,319,20,1,5,0.32774871375178916,China,Wuhan,30.592850,114.305542
Shachat2021,Shachat 2021,CEPL,320,22,0,4,-0.7814208529726602,China,Wuhan,30.592850,114.305542
Shachat2021,Shachat 2021,CEPL,321,27,0,6,1.477471007811837,China,Wuhan,30.592850,114.305542
Shachat2021,Shachat 2021,CEPL,322,19,0,6,1.7447204597014934,China,Wuhan,30.592850,114.305542
Shachat2021,Shachat 2021,CEPL,323,19,1,4,-0.6111708548758179,China,Wuhan,30.592850,114.305542
Shachat2021,Shachat 2021,CEPL,325,19,1,5,0.6336965465871618,China,Wuhan,30.592850,114.305542
Shachat2021,Shachat 2021,CEPL,326,20,1,5,0.8270323059870861,China,Wuhan,30.592850,114.305542
Shachat2021,Shachat 2021,CEPL,327,19,1,4,-0.09504998520715158,China,Wuhan,30.592850,114.305542
Shachat2021,Shachat 2021,CEPL,328,18,1,5,0.3606472998159006,China,Wuhan,30.592850,114.305542
Shachat2021,Shachat 2021,CEPL,329,19,0,5,0.81740868949797,China,Wuhan,30.592850,114.305542
Shachat2021,Shachat 2021,CEPL,330,22,0,5,0.6348763102642261,China,Wuhan,30.592850,114.305542
Shachat2021,Shachat 2021,CEPL,331,22,1,3,-2.0712408974999565,China,Wuhan,30.592850,114.305542
Shachat2021,Shachat 2021,CEPL,333,18,1,10,7.96,China,Wuhan,30.592850,114.305542
Shachat2021,Shachat 2021,CEPL,334,21,0,4,-0.9373665982461534,China,Wuhan,30.592850,114.305542
Shachat2021,Shachat 2021,CEPL,335,22,0,3,-2.5281105503859,China,Wuhan,30.592850,114.305542
Shachat2021,Shachat 2021,CEPL,336,22,1,9,7.96,China,Wuhan,30.592850,114.305542
Shachat2021,Shachat 2021,CEPL,337,23,1,4,-0.27547001612605526,China,Wuhan,30.592850,114.305542
Shachat2021,Shachat 2021,CEPL,338,20,0,4,-0.7068790081725456,China,Wuhan,30.592850,114.305542
Shachat2021,Shachat 2021,CEPL,339,22,0,4,-0.31248580947052684,China,Wuhan,30.592850,114.305542
Shachat2021,Shachat 2021,CEPL,340,20,1,5,0.9716281747934408,China,Wuhan,30.592850,114.305542
Shachat2021,Shachat 2021,CEPL,341,21,0,5,0.14188184988452124,China,Wuhan,30.592850,114.305542
Shachat2021,Shachat 2021,CEPL,342,20,1,5,0.49672629130771384,China,Wuhan,30.592850,114.305542
Shachat2021,Shachat 2021,CEPL,343,19,1,6,1.462539628241211,China,Wuhan,30.592850,114.305542
Shachat2021,Shachat 2021,CEPL,344,19,1,6,1.8760776641359553,China,Wuhan,30.592850,114.305542
Shachat2021,Shachat 2021,CEPL,345,23,0,6,1.4396282697468996,China,Wuhan,30.592850,114.305542
Shachat2021,Shachat 2021,CEPL,346,21,0,5,0.4976430977019481,China,Wuhan,30.592850,114.305542
Shachat2021,Shachat 2021,CEPL,347,20,1,5,0.17935876683564855,China,Wuhan,30.592850,114.305542
Shachat2021,Shachat 2021,CEPL,348,19,0,6,1.501728838905692,China,Wuhan,30.592850,114.305542
Shachat2021,Shachat 2021,CEPL,349,19,0,6,1.3184915483742952,China,Wuhan,30.592850,114.305542
Shachat2021,Shachat 2021,CEPL,351,21,1,4,-0.08873108734376722,China,Wuhan,30.592850,114.305542
Shachat2021,Shachat 2021,CEPL,353,18,0,5,0.8134476340841501,China,Wuhan,30.592850,114.305542
Shachat2021,Shachat 2021,CEPL,354,20,0,5,0.40701202096417544,China,Wuhan,30.592850,114.305542
Shachat2021,Shachat 2021,CEPL,355,19,0,4,-0.8184337688796222,China,Wuhan,30.592850,114.305542
Shachat2021,Shachat 2021,CEPL,357,25,0,4,-0.9071565283206291,China,Wuhan,30.592850,114.305542
Shachat2021,Shachat 2021,CEPL,358,20,0,5,0.8818161127436905,China,Wuhan,30.592850,114.305542
Shachat2021,Shachat 2021,CEPL,359,18,1,2,-2.93,China,Wuhan,30.592850,114.305542
Shachat2021,Shachat 2021,CEPL,360,20,0,4,-0.5521508808503859,China,Wuhan,30.592850,114.305542
Shachat2021,Shachat 2021,CEPL,361,21,1,5,0.9002958757290616,China,Wuhan,30.592850,114.305542
Shachat2021,Shachat 2021,CEPL,362,28,1,6,1.120958876204677,China,Wuhan,30.592850,114.305542
Shachat2021,Shachat 2021,CEPL,363,22,0,5,0.8608167295344173,China,Wuhan,30.592850,114.305542
Shachat2021,Shachat 2021,CEPL,364,20,1,1,-2.93,China,Wuhan,30.592850,114.305542
Shachat2021,Shachat 2021,CEPL,366,19,0,4,-0.9378005865751766,China,Wuhan,30.592850,114.305542
Shachat2021,Shachat 2021,CEPL,367,20,0,2,-2.93,China,Wuhan,30.592850,114.305542
Shachat2021,Shachat 2021,CEPL,368,21,0,4,-0.7225505196489393,China,Wuhan,30.592850,114.305542
Shachat2021,Shachat 2021,CEPL,369,20,1,3,-1.3517789929173887,China,Wuhan,30.592850,114.305542
Shachat2021,Shachat 2021,CEPL,370,23,0,3,-2.056823394286912,China,Wuhan,30.592850,114.305542
Shachat2021,Shachat 2021,CEPL,371,19,1,4,-0.6049960025306791,China,Wuhan,30.592850,114.305542
Shachat2021,Shachat 2021,CEPL,372,20,1,3,-2.7689370665163735,China,Wuhan,30.592850,114.305542
Shachat2021,Shachat 2021,CEPL,373,20,1,4,-0.539333947324194,China,Wuhan,30.592850,114.305542
Shachat2021,Shachat 2021,CEPL,374,23,1,4,-0.4658427476347424,China,Wuhan,30.592850,114.305542
Shachat2021,Shachat 2021,CEPL,375,22,0,5,0.9197995065711437,China,Wuhan,30.592850,114.305542
Shachat2021,Shachat 2021,CEPL,376,18,1,5,0.8494038931000978,China,Wuhan,30.592850,114.305542
Shachat2021,Shachat 2021,CEPL,377,18,1,5,0.5882347811153159,China,Wuhan,30.592850,114.305542
Shachat2021,Shachat 2021,CEPL,378,21,1,4,-0.7908151211682707,China,Wuhan,30.592850,114.305542
Shachat2021,Shachat 2021,CEPL,379,21,1,5,0.5998335009557194,China,Wuhan,30.592850,114.305542
Shachat2021,Shachat 2021,CEPL,380,25,1,4,-0.32076273654354737,China,Wuhan,30.592850,114.305542
Shachat2021,Shachat 2021,CEPL,382,22,0,4,-0.5749521764949895,China,Wuhan,30.592850,114.305542
Shachat2021,Shachat 2021,CEPL,383,19,1,6,1.3953498492715881,China,Wuhan,30.592850,114.305542
Shachat2021,Shachat 2021,CEPL,384,21,0,5,0.7821276606619358,China,Wuhan,30.592850,114.305542
Shachat2021,Shachat 2021,CEPL,385,18,0,4,-0.5908802253520116,China,Wuhan,30.592850,114.305542
Shachat2021,Shachat 2021,CEPL,386,20,0,5,0.48047294362215326,China,Wuhan,30.592850,114.305542
Shachat2021,Shachat 2021,CEPL,387,20,1,5,0.7613447534362785,China,Wuhan,30.592850,114.305542
Shachat2021,Shachat 2021,CEPL,388,19,0,5,0.6831157277780584,China,Wuhan,30.592850,114.305542
Shachat2021,Shachat 2021,CEPL,389,21,0,6,1.5425494713429362,China,Wuhan,30.592850,114.305542
Shachat2021,Shachat 2021,CEPL,390,20,1,4,-0.6365672807674855,China,Wuhan,30.592850,114.305542
Shachat2021,Shachat 2021,CEPL,391,21,1,5,0.8720399389322846,China,Wuhan,30.592850,114.305542
Shachat2021,Shachat 2021,CEPL,392,21,0,1,-2.93,China,Wuhan,30.592850,114.305542
Shachat2021,Shachat 2021,CEPL,393,21,1,3,-2.045563091796357,China,Wuhan,30.592850,114.305542
Shachat2021,Shachat 2021,CEPL,394,18,1,4,-0.2295512841409072,China,Wuhan,30.592850,114.305542
Shachat2021,Shachat 2021,CEPL,395,23,1,5,0.33141515093389895,China,Wuhan,30.592850,114.305542
Shachat2021,Shachat 2021,CEPL,396,23,0,4,-0.8155886481073684,China,Wuhan,30.592850,114.305542
Shachat2021,Shachat 2021,CEPL,397,19,0,5,0.23593616619473323,China,Wuhan,30.592850,114.305542
Shachat2021,Shachat 2021,CEPL,398,19,1,4,-0.2184583918377757,China,Wuhan,30.592850,114.305542
Shachat2021,Shachat 2021,CEPL,400,21,1,4,-0.6248889415408485,China,Wuhan,30.592850,114.305542
Shachat2021,Shachat 2021,CEPL,401,21,0,8,4.998020911917556,China,Wuhan,30.592850,114.305542
Shachat2021,Shachat 2021,CEPL,402,21,0,3,-1.5122415498318151,China,Wuhan,30.592850,114.305542
Shachat2021,Shachat 2021,CEPL,403,20,0,4,-0.23721914912341158,China,Wuhan,30.592850,114.305542
Shachat2021,Shachat 2021,CEPL,404,20,0,3,-2.010078033474274,China,Wuhan,30.592850,114.305542
Shachat2021,Shachat 2021,CEPL,405,19,1,5,0.35077303808182475,China,Wuhan,30.592850,114.305542
Shachat2021,Shachat 2021,CEPL,406,19,0,4,-0.6001383454119786,China,Wuhan,30.592850,114.305542
Shachat2021,Shachat 2021,CEPL,407,20,1,5,0.7853748974227346,China,Wuhan,30.592850,114.305542
Shachat2021,Shachat 2021,CEPL,408,21,1,3,-1.0147287680744193,China,Wuhan,30.592850,114.305542
Shachat2021,Shachat 2021,CEPL,409,23,1,5,0.19964446932310237,China,Wuhan,30.592850,114.305542
Shachat2021,Shachat 2021,CEPL,410,19,0,4,-0.8455288408021442,China,Wuhan,30.592850,114.305542
Shachat2021,Shachat 2021,CEPL,411,22,1,5,0.14884048528503627,China,Wuhan,30.592850,114.305542
Shachat2021,Shachat 2021,CEPL,412,22,1,5,0.8761275320407003,China,Wuhan,30.592850,114.305542
Shachat2021,Shachat 2021,CEPL,414,20,0,3,-1.3772620760905556,China,Wuhan,30.592850,114.305542
Shachat2021,Shachat 2021,CEPL,416,17,1,5,0.22330600917106494,China,Wuhan,30.592850,114.305542
Shachat2021,Shachat 2021,CEPL,417,22,1,5,0.9729692872287705,China,Wuhan,30.592850,114.305542
Shachat2021,Shachat 2021,CEPL,418,20,0,4,0.06154954675352209,China,Wuhan,30.592850,114.305542
Shachat2021,Shachat 2021,CEPL,419,21,0,5,0.6030134530575015,China,Wuhan,30.592850,114.305542
Shachat2021,Shachat 2021,CEPL,420,19,1,3,-1.6173249206808396,China,Wuhan,30.592850,114.305542
Shachat2021,Shachat 2021,CEPL,421,25,1,1,-2.93,China,Wuhan,30.592850,114.305542
Shachat2021,Shachat 2021,CEPL,422,21,1,1,-2.93,China,Wuhan,30.592850,114.305542
Shachat2021,Shachat 2021,CEPL,423,24,0,5,0.9525083051482215,China,Wuhan,30.592850,114.305542
Shachat2021,Shachat 2021,CEPL,424,21,0,4,0.06741940367734056,China,Wuhan,30.592850,114.305542
Shachat2021,Shachat 2021,CEPL,426,20,1,6,1.3737454688828439,China,Wuhan,30.592850,114.305542
Shachat2021,Shachat 2021,CEPL,427,23,1,6,1.4727587319351734,China,Wuhan,30.592850,114.305542
Shachat2021,Shachat 2021,CEPL,428,21,1,5,0.8939013306563719,China,Wuhan,30.592850,114.305542
Shachat2021,Shachat 2021,CEPL,429,22,1,5,0.675905637734104,China,Wuhan,30.592850,114.305542
Shachat2021,Shachat 2021,CEPL,430,19,0,3,-1.8891013982775622,China,Wuhan,30.592850,114.305542
Shachat2021,Shachat 2021,CEPL,431,23,1,4,-0.029721662427764306,China,Wuhan,30.592850,114.305542
Shachat2021,Shachat 2021,CEPL,432,20,1,4,-0.6861112050898373,China,Wuhan,30.592850,114.305542
Shachat2021,Shachat 2021,CEPL,433,22,0,6,1.9122819606820123,China,Wuhan,30.592850,114.305542
Shachat2021,Shachat 2021,CEPL,434,22,1,5,0.479012363711372,China,Wuhan,30.592850,114.305542
Shachat2021,Shachat 2021,CEPL,435,19,0,4,-0.006288384096696964,China,Wuhan,30.592850,114.305542
Shachat2021,Shachat 2021,CEPL,436,20,1,5,0.6256429855921306,China,Wuhan,30.592850,114.305542
Shachat2021,Shachat 2021,CEPL,437,20,0,4,-0.5628743410692549,China,Wuhan,30.592850,114.305542
Shachat2021,Shachat 2021,CEPL,438,21,1,5,0.08680641477694735,China,Wuhan,30.592850,114.305542
Shachat2021,Shachat 2021,CEPL,439,24,0,5,0.28534254858270286,China,Wuhan,30.592850,114.305542
Shachat2021,Shachat 2021,CEPL,440,21,1,4,-0.4887001102115027,China,Wuhan,30.592850,114.305542
Shachat2021,Shachat 2021,CEPL,441,20,1,5,0.6392979138460941,China,Wuhan,30.592850,114.305542
Shachat2021,Shachat 2021,CEPL,443,19,1,3,-2.216489660390653,China,Wuhan,30.592850,114.305542
Shachat2021,Shachat 2021,CEPL,444,20,1,4,-0.8097193173435516,China,Wuhan,30.592850,114.305542
Shachat2021,Shachat 2021,CEPL,445,21,0,6,1.5924721354292706,China,Wuhan,30.592850,114.305542
Shachat2021,Shachat 2021,CEPL,446,21,1,4,-0.37850624590646476,China,Wuhan,30.592850,114.305542
Shachat2021,Shachat 2021,CEPL,447,20,1,4,0.03361233158269905,China,Wuhan,30.592850,114.305542
Shachat2021,Shachat 2021,CEPL,448,22,1,4,0.037693563385400974,China,Wuhan,30.592850,114.305542
Shachat2021,Shachat 2021,CEPL,449,21,1,5,0.22200068067992107,China,Wuhan,30.592850,114.305542
Shachat2021,Shachat 2021,CEPL,450,21,1,6,1.864820692348294,China,Wuhan,30.592850,114.305542
Shachat2021,Shachat 2021,CEPL,451,22,0,5,0.4124875282752328,China,Wuhan,30.592850,114.305542
Shachat2021,Shachat 2021,CEPL,452,18,1,5,0.9256862874818035,China,Wuhan,30.592850,114.305542
Shachat2021,Shachat 2021,CEPL,453,20,1,5,0.1260974513948895,China,Wuhan,30.592850,114.305542
Shachat2021,Shachat 2021,CEPL,454,21,0,5,0.537189864180982,China,Wuhan,30.592850,114.305542
Shachat2021,Shachat 2021,CEPL,456,21,0,5,0.7745929554896429,China,Wuhan,30.592850,114.305542
Shachat2021,Shachat 2021,CEPL,457,20,1,5,0.7706583085958845,China,Wuhan,30.592850,114.305542
Shachat2021,Shachat 2021,CEPL,458,20,0,5,0.5732184727676213,China,Wuhan,30.592850,114.305542
Shachat2021,Shachat 2021,CEPL,459,20,1,1,-2.93,China,Wuhan,30.592850,114.305542
Shachat2021,Shachat 2021,CEPL,460,19,0,5,0.2746330579905771,China,Wuhan,30.592850,114.305542
Shachat2021,Shachat 2021,CEPL,461,19,0,5,0.3379856037604622,China,Wuhan,30.592850,114.305542
Shachat2021,Shachat 2021,CEPL,462,23,1,4,-0.4822586133307777,China,Wuhan,30.592850,114.305542
Shachat2021,Shachat 2021,CEPL,464,20,1,4,-0.39584441104205326,China,Wuhan,30.592850,114.305542
Shachat2021,Shachat 2021,CEPL,465,19,0,4,-0.8646279356605373,China,Wuhan,30.592850,114.305542
Shachat2021,Shachat 2021,CEPL,466,20,1,4,-0.9329330293275416,China,Wuhan,30.592850,114.305542
Shachat2021,Shachat 2021,CEPL,467,22,1,4,-0.8339194858353585,China,Wuhan,30.592850,114.305542
Shachat2021,Shachat 2021,CEPL,468,20,0,3,-1.285301623349078,China,Wuhan,30.592850,114.305542
Shachat2021,Shachat 2021,CEPL,469,19,1,5,0.5721636524563656,China,Wuhan,30.592850,114.305542
Shachat2021,Shachat 2021,CEPL,470,22,0,1,-2.93,China,Wuhan,30.592850,114.305542
Shachat2021,Shachat 2021,CEPL,471,22,1,5,0.5412987617054023,China,Wuhan,30.592850,114.305542
Shachat2021,Shachat 2021,CEPL,472,18,1,5,0.6578599851648324,China,Wuhan,30.592850,114.305542
Shachat2021,Shachat 2021,CEPL,473,21,0,10,7.96,China,Wuhan,30.592850,114.305542
Shachat2021,Shachat 2021,CEPL,474,21,1,4,-0.15474809701321646,China,Wuhan,30.592850,114.305542
Shachat2021,Shachat 2021,CEPL,475,20,1,4,-0.32437604967271905,China,Wuhan,30.592850,114.305542
Shachat2021,Shachat 2021,CEPL,476,21,1,5,0.38428109881933775,China,Wuhan,30.592850,114.305542
Shachat2021,Shachat 2021,CEPL,477,18,1,5,0.12164656763896346,China,Wuhan,30.592850,114.305542
Shachat2021,Shachat 2021,CEPL,478,22,1,5,0.6506957839871756,China,Wuhan,30.592850,114.305542
Shachat2021,Shachat 2021,CEPL,479,23,0,5,0.8561625923519023,China,Wuhan,30.592850,114.305542
Shachat2021,Shachat 2021,CEPL,480,19,0,4,-0.5046548858541064,China,Wuhan,30.592850,114.305542
Shachat2021,Shachat 2021,CEPL,481,19,1,5,0.3187285516830161,China,Wuhan,30.592850,114.305542
Shachat2021,Shachat 2021,CEPL,482,21,0,5,0.7853994400822557,China,Wuhan,30.592850,114.305542
Shachat2021,Shachat 2021,CEPL,483,30,1,4,-0.7914603856578469,China,Wuhan,30.592850,114.305542
Shachat2021,Shachat 2021,CEPL,484,22,0,5,0.9536298889247701,China,Wuhan,30.592850,114.305542
Shachat2021,Shachat 2021,CEPL,485,18,0,3,-2.85350153622916,China,Wuhan,30.592850,114.305542
Shachat2021,Shachat 2021,CEPL,486,19,1,3,-2.451304080085829,China,Wuhan,30.592850,114.305542
Shachat2021,Shachat 2021,CEPL,487,21,0,7,3.1408326793136077,China,Wuhan,30.592850,114.305542
Shachat2021,Shachat 2021,CEPL,488,20,1,5,0.5158353386586532,China,Wuhan,30.592850,114.305542
Shachat2021,Shachat 2021,CEPL,489,21,1,4,-0.28535370903788126,China,Wuhan,30.592850,114.305542
Shachat2021,Shachat 2021,CEPL,490,20,1,2,-2.93,China,Wuhan,30.592850,114.305542
Shachat2021,Shachat 2021,CEPL,491,18,0,4,-0.8075115452427417,China,Wuhan,30.592850,114.305542
Shachat2021,Shachat 2021,CEPL,492,21,1,5,0.10592901966068893,China,Wuhan,30.592850,114.305542
Shachat2021,Shachat 2021,CEPL,493,19,0,4,-0.35681072259088975,China,Wuhan,30.592850,114.305542
Shachat2021,Shachat 2021,CEPL,495,21,0,3,-1.6249512733193114,China,Wuhan,30.592850,114.305542
Shachat2021,Shachat 2021,CEPL,496,19,1,4,-0.44125939564779393,China,Wuhan,30.592850,114.305542
Shachat2021,Shachat 2021,CEPL,497,21,1,3,-2.846634166026488,China,Wuhan,30.592850,114.305542
Shachat2021,Shachat 2021,CEPL,498,20,1,5,0.3612500702100806,China,Wuhan,30.592850,114.305542
Shachat2021,Shachat 2021,CEPL,499,21,1,5,0.9853946058079599,China,Wuhan,30.592850,114.305542
Shachat2021,Shachat 2021,CEPL,500,20,0,5,0.9245387748046778,China,Wuhan,30.592850,114.305542
Shachat2021,Shachat 2021,CEPL,502,21,0,4,-0.8173147040349431,China,Wuhan,30.592850,114.305542
Shachat2021,Shachat 2021,CEPL,504,23,1,5,0.3477860034443438,China,Wuhan,30.592850,114.305542
Shachat2021,Shachat 2021,CEPL,506,21,1,5,0.42680267581017683,China,Wuhan,30.592850,114.305542
Shachat2021,Shachat 2021,CEPL,509,32,0,10,7.96,China,Wuhan,30.592850,114.305542
Shachat2021,Shachat 2021,CEPL,510,20,0,5,0.8116929525882006,China,Wuhan,30.592850,114.305542
Shachat2021,Shachat 2021,CEPL,511,21,1,5,0.1436890032677911,China,Wuhan,30.592850,114.305542
Shachat2021,Shachat 2021,CEPL,512,20,0,7,2.6314099974022245,China,Wuhan,30.592850,114.305542
Shachat2021,Shachat 2021,CEPL,513,24,1,5,0.8214085724367759,China,Wuhan,30.592850,114.305542
Shachat2021,Shachat 2021,CEPL,514,19,1,5,0.7498739687912166,China,Wuhan,30.592850,114.305542
Shachat2021,Shachat 2021,CEPL,515,20,0,5,0.6634270887542515,China,Wuhan,30.592850,114.305542
Shachat2021,Shachat 2021,CEPL,516,21,1,4,-0.25335646965075276,China,Wuhan,30.592850,114.305542
Shachat2021,Shachat 2021,CEPL,517,20,1,7,2.4649566957633944,China,Wuhan,30.592850,114.305542
Shachat2021,Shachat 2021,CEPL,518,22,0,5,0.37424502343172206,China,Wuhan,30.592850,114.305542
Shachat2021,Shachat 2021,CEPL,519,22,0,5,0.9811593520431778,China,Wuhan,30.592850,114.305542
Shachat2021,Shachat 2021,CEPL,521,21,0,5,0.3059114461299032,China,Wuhan,30.592850,114.305542
Shachat2021,Shachat 2021,CEPL,522,21,0,5,0.9351457428885623,China,Wuhan,30.592850,114.305542
Shachat2021,Shachat 2021,CEPL,523,20,0,5,0.2868760460289195,China,Wuhan,30.592850,114.305542
Shachat2021,Shachat 2021,CEPL,524,20,0,6,1.499791981051676,China,Wuhan,30.592850,114.305542
Shachat2021,Shachat 2021,CEPL,525,20,0,1,-2.93,China,Wuhan,30.592850,114.305542
Shachat2021,Shachat 2021,CEPL,526,20,0,5,0.8264470045687631,China,Wuhan,30.592850,114.305542
Shachat2021,Shachat 2021,CEPL,527,20,1,4,-0.15262498560128723,China,Wuhan,30.592850,114.305542
Shachat2021,Shachat 2021,CEPL,528,21,1,5,0.19328754958696664,China,Wuhan,30.592850,114.305542
Shachat2021,Shachat 2021,CEPL,529,19,1,4,-0.923300771638751,China,Wuhan,30.592850,114.305542
Shachat2021,Shachat 2021,CEPL,530,19,1,4,-0.5122246621060185,China,Wuhan,30.592850,114.305542
Shachat2021,Shachat 2021,CEPL,531,19,1,4,-0.3845032394793816,China,Wuhan,30.592850,114.305542
Shachat2021,Shachat 2021,CEPL,532,21,0,4,-0.8776853258023039,China,Wuhan,30.592850,114.305542
Shachat2021,Shachat 2021,CEPL,533,21,0,7,2.9800920930481514,China,Wuhan,30.592850,114.305542
Shachat2021,Shachat 2021,CEPL,534,23,1,4,-0.8572417117701843,China,Wuhan,30.592850,114.305542
Shachat2021,Shachat 2021,CEPL,535,20,0,5,0.8247883587004616,China,Wuhan,30.592850,114.305542
Shachat2021,Shachat 2021,CEPL,536,19,0,5,0.8688845537416636,China,Wuhan,30.592850,114.305542
Shachat2021,Shachat 2021,CEPL,537,20,1,5,0.22320216754684225,China,Wuhan,30.592850,114.305542
Shachat2021,Shachat 2021,CEPL,538,21,1,5,0.8519637677981517,China,Wuhan,30.592850,114.305542
Shachat2021,Shachat 2021,CEPL,539,20,0,5,0.42647895734291524,China,Wuhan,30.592850,114.305542
Shachat2021,Shachat 2021,CEPL,541,20,1,4,-0.06317499107448377,China,Wuhan,30.592850,114.305542
Shachat2021,Shachat 2021,CEPL,542,20,1,5,0.17356991751119494,China,Wuhan,30.592850,114.305542
Shachat2021,Shachat 2021,CEPL,543,21,0,5,0.19641872103093191,China,Wuhan,30.592850,114.305542
Shachat2021,Shachat 2021,CEPL,544,19,0,6,1.304706271989271,China,Wuhan,30.592850,114.305542
Shachat2021,Shachat 2021,CEPL,545,20,1,4,-0.5846488426951691,China,Wuhan,30.592850,114.305542
Shachat2021,Shachat 2021,CEPL,546,19,1,10,7.96,China,Wuhan,30.592850,114.305542
Shachat2021,Shachat 2021,CEPL,547,20,0,4,-0.5501064460538327,China,Wuhan,30.592850,114.305542
Shachat2021,Shachat 2021,CEPL,548,19,1,4,-0.9635888783494011,China,Wuhan,30.592850,114.305542
Shachat2021,Shachat 2021,CEPL,549,19,1,5,0.48820048397639765,China,Wuhan,30.592850,114.305542
Shachat2021,Shachat 2021,CEPL,550,19,0,5,0.5827154556382448,China,Wuhan,30.592850,114.305542
Shachat2021,Shachat 2021,CEPL,551,22,1,10,7.96,China,Wuhan,30.592850,114.305542
Shachat2021,Shachat 2021,CEPL,552,19,1,4,-0.7601085355738177,China,Wuhan,30.592850,114.305542
Shachat2021,Shachat 2021,CEPL,553,20,1,4,-0.8684637105837464,China,Wuhan,30.592850,114.305542
Shachat2021,Shachat 2021,CEPL,554,22,0,4,-0.26550214732997113,China,Wuhan,30.592850,114.305542
Shachat2021,Shachat 2021,CEPL,555,20,1,6,1.7887340918881818,China,Wuhan,30.592850,114.305542
Shachat2021,Shachat 2021,CEPL,556,20,1,5,0.3582488072221167,China,Wuhan,30.592850,114.305542
Shachat2021,Shachat 2021,CEPL,557,21,0,7,2.9606143785547463,China,Wuhan,30.592850,114.305542
Shachat2021,Shachat 2021,CEPL,558,21,1,5,0.27991005588555706,China,Wuhan,30.592850,114.305542
Shachat2021,Shachat 2021,CEPL,559,20,0,5,0.09256668787449598,China,Wuhan,30.592850,114.305542
Shachat2021,Shachat 2021,CEPL,560,24,0,5,0.24265129109611736,China,Wuhan,30.592850,114.305542
Shachat2021,Shachat 2021,CEPL,561,20,1,6,1.505545505695045,China,Wuhan,30.592850,114.305542
Shachat2021,Shachat 2021,CEPL,562,22,1,4,-0.6065194973209873,China,Wuhan,30.592850,114.305542
Shachat2021,Shachat 2021,CEPL,564,19,1,5,0.9271592946257441,China,Wuhan,30.592850,114.305542
Shachat2021,Shachat 2021,CEPL,565,22,0,1,-2.93,China,Wuhan,30.592850,114.305542
Shachat2021,Shachat 2021,CEPL,566,18,0,7,2.0911924364301377,China,Wuhan,30.592850,114.305542
Shachat2021,Shachat 2021,CEPL,568,20,0,4,-0.47524984172778206,China,Wuhan,30.592850,114.305542
Shachat2021,Shachat 2021,CEPL,569,20,0,6,1.3127288195537403,China,Wuhan,30.592850,114.305542
Shachat2021,Shachat 2021,CEPL,570,19,0,1,-2.93,China,Wuhan,30.592850,114.305542
Shachat2021,Shachat 2021,CEPL,571,21,1,5,0.9602343778451905,China,Wuhan,30.592850,114.305542
Shachat2021,Shachat 2021,CEPL,572,22,1,4,-0.4826917175017297,China,Wuhan,30.592850,114.305542
Shachat2021,Shachat 2021,CEPL,573,20,1,4,-0.09780389619292684,China,Wuhan,30.592850,114.305542
Shachat2021,Shachat 2021,CEPL,574,18,1,5,0.3382063705520704,China,Wuhan,30.592850,114.305542
Shachat2021,Shachat 2021,CEPL,575,19,0,6,1.891688143615611,China,Wuhan,30.592850,114.305542
Shachat2021,Shachat 2021,CEPL,576,22,0,5,0.1399112880858593,China,Wuhan,30.592850,114.305542
Shachat2021,Shachat 2021,CEPL,577,23,0,5,0.17517145877936854,China,Wuhan,30.592850,114.305542
Shachat2021,Shachat 2021,CEPL,578,19,1,4,-0.24216206160141152,China,Wuhan,30.592850,114.305542
Shachat2021,Shachat 2021,CEPL,579,19,0,6,1.7843484638538212,China,Wuhan,30.592850,114.305542
Shachat2021,Shachat 2021,CEPL,580,20,1,5,0.5514772962057031,China,Wuhan,30.592850,114.305542
Shachat2021,Shachat 2021,CEPL,581,19,1,10,7.96,China,Wuhan,30.592850,114.305542
Shachat2021,Shachat 2021,CEPL,582,19,1,5,0.19276128770317882,China,Wuhan,30.592850,114.305542
Shachat2021,Shachat 2021,CEPL,583,21,0,5,0.2691267448174767,China,Wuhan,30.592850,114.305542
Shachat2021,Shachat 2021,CEPL,584,19,1,5,0.2436340885842219,China,Wuhan,30.592850,114.305542
Shachat2021,Shachat 2021,CEPL,585,19,1,5,0.47215519327437505,China,Wuhan,30.592850,114.305542
Shachat2021,Shachat 2021,CEPL,586,22,0,3,-2.869223806667142,China,Wuhan,30.592850,114.305542
Shachat2021,Shachat 2021,CEPL,587,20,0,5,0.45582727482775226,China,Wuhan,30.592850,114.305542
Shachat2021,Shachat 2021,CEPL,588,23,1,4,-0.6433924823207781,China,Wuhan,30.592850,114.305542
Shachat2021,Shachat 2021,CEPL,589,20,0,6,1.4065923020336777,China,Wuhan,30.592850,114.305542
Shachat2021,Shachat 2021,CEPL,590,19,0,5,0.33377706837374715,China,Wuhan,30.592850,114.305542
Shachat2021,Shachat 2021,CEPL,592,20,0,9,7.96,China,Wuhan,30.592850,114.305542
Shachat2021,Shachat 2021,CEPL,593,19,0,5,0.4685775296529755,China,Wuhan,30.592850,114.305542
Shachat2021,Shachat 2021,CEPL,594,20,1,4,-0.6414921406260692,China,Wuhan,30.592850,114.305542
Shachat2021,Shachat 2021,CEPL,595,20,1,6,1.4486997183738277,China,Wuhan,30.592850,114.305542
Shachat2021,Shachat 2021,CEPL,596,22,1,5,0.7232731598592363,China,Wuhan,30.592850,114.305542
Shachat2021,Shachat 2021,CEPL,597,19,1,4,-0.9907356434990652,China,Wuhan,30.592850,114.305542
Shachat2021,Shachat 2021,CEPL,598,20,1,5,0.44656613655621186,China,Wuhan,30.592850,114.305542
Shachat2021,Shachat 2021,CEPL,599,21,1,3,-1.4928648597025314,China,Wuhan,30.592850,114.305542
Shachat2021,Shachat 2021,CEPL,600,21,1,5,0.601515593829099,China,Wuhan,30.592850,114.305542
Shachat2021,Shachat 2021,CEPL,601,20,1,4,-0.6201142114237882,China,Wuhan,30.592850,114.305542
Shachat2021,Shachat 2021,CEPL,602,19,0,4,-0.23851578649133443,China,Wuhan,30.592850,114.305542
