<?xml version="1.0" encoding="US-ASCII" standalone="yes"?><?mso-application progid="Excel.Sheet"?><Workbook xmlns="urn:schemas-microsoft-com:office:spreadsheet" xmlns:o="urn:schemas-microsoft-com:office:office" xmlns:x="urn:schemas-microsoft-com:office:excel" xmlns:ss="urn:schemas-microsoft-com:office:spreadsheet" xmlns:html="http://www.w3.org/TR/REC-html40"><DocumentProperties xmlns="urn:schemas-microsoft-com:office:office"><Author></Author><LastAuthor></LastAuthor><Created></Created><LastSaved></LastSaved><Company></Company><Version></Version></DocumentProperties><ExcelWorkbook  xmlns="urn:schemas-microsoft-com:office:excel"><ProtectStructure>False</ProtectStructure><ProtectWindows>False</ProtectWindows></ExcelWorkbook><Styles><Style ss:ID="Default" ss:Name="Normal"><Alignment ss:Vertical="Bottom"/><Borders/><Font ss:FontName="Calibri" ss:Size="10"/><Interior/><NumberFormat/><Protection/></Style><Style ss:ID="s1"><Font ss:FontName="Calibri" ss:Bold="1" ss:Size="12"/><NumberFormat/></Style><Style ss:ID="s21"><Alignment ss:Horizontal="Center" ss:Vertical="Bottom"/><NumberFormat/><Font ss:FontName="Calibri" ss:Size="10"/><Borders><Border ss:Position="Top" ss:LineStyle="Continuous" ss:Weight="1"/></Borders></Style><Style ss:ID="s22"><Alignment ss:Horizontal="Center" ss:Vertical="Bottom"/><Font ss:FontName="Calibri" ss:Size="10"/><NumberFormat/></Style><Style ss:ID="s23"><Alignment ss:Horizontal="Center" ss:Vertical="Bottom"/><NumberFormat/><Font ss:FontName="Calibri" ss:Size="10"/><Borders><Border ss:Position="Bottom" ss:LineStyle="Continuous" ss:Weight="1"/></Borders></Style><Style ss:ID="s24"><Font ss:FontName="Calibri" ss:Size="10"/><NumberFormat/></Style><Style ss:ID="s31"><Font ss:FontName="Calibri" ss:Size="10"/><Borders><Border ss:Position="Top" ss:LineStyle="Continuous" ss:Weight="1"/></Borders></Style><Style ss:ID="s32"><Font ss:FontName="Calibri" ss:Size="10"/><Borders/></Style><Style ss:ID="s33"><Font ss:FontName="Calibri" ss:Size="10"/><Borders><Border ss:Position="Bottom" ss:LineStyle="Continuous" ss:Weight="1"/></Borders></Style></Styles><Names></Names><Worksheet ss:Name="Sheet1"><Table ss:ExpandedColumnCount="6" ss:ExpandedRowCount="36" x:FullColumns="1" x:FullRows="1"><Column ss:AutoFitWidth="0" ss:Width="279"/><Column ss:AutoFitWidth="0" ss:Width="58"/><Column ss:AutoFitWidth="0" ss:Width="58"/><Column ss:AutoFitWidth="0" ss:Width="58"/><Column ss:AutoFitWidth="0" ss:Width="58"/><Column ss:AutoFitWidth="0" ss:Width="58"/><Row></Row><Row><Cell ss:StyleID="s31"><Data ss:Type="String"></Data></Cell><Cell ss:StyleID="s21"><Data ss:Type="String">(1)</Data></Cell><Cell ss:StyleID="s21"><Data ss:Type="String">(2)</Data></Cell><Cell ss:StyleID="s21"><Data ss:Type="String">(3)</Data></Cell><Cell ss:StyleID="s21"><Data ss:Type="String">(4)</Data></Cell><Cell ss:StyleID="s21"><Data ss:Type="String">(5)</Data></Cell></Row><Row><Cell ss:StyleID="s32"><Data ss:Type="String"></Data></Cell><Cell ss:StyleID="s22"><Data ss:Type="String">DIST</Data></Cell><Cell ss:StyleID="s22"><Data ss:Type="String">NAD</Data></Cell><Cell ss:StyleID="s22"><Data ss:Type="String">DIST</Data></Cell><Cell ss:StyleID="s22"><Data ss:Type="String">NAD</Data></Cell><Cell ss:StyleID="s22"><Data ss:Type="String">DIST</Data></Cell></Row><Row><Cell ss:StyleID="s32"><Data ss:Type="String"></Data></Cell><Cell ss:StyleID="s22"><Data ss:Type="String">Part 1</Data></Cell><Cell ss:StyleID="s22"><Data ss:Type="String">Part 1</Data></Cell><Cell ss:StyleID="s22"><Data ss:Type="String">Part 1</Data></Cell><Cell ss:StyleID="s22"><Data ss:Type="String">Part 1</Data></Cell><Cell ss:StyleID="s22"><Data ss:Type="String">Part 1</Data></Cell></Row><Row><Cell ss:StyleID="s32"><Data ss:Type="String">VARIABLES</Data></Cell><Cell ss:StyleID="s22"><Data ss:Type="String">p != 0.5</Data></Cell><Cell ss:StyleID="s22"><Data ss:Type="String">p != 0.5</Data></Cell><Cell ss:StyleID="s22"><Data ss:Type="String">p != 0.5</Data></Cell><Cell ss:StyleID="s22"><Data ss:Type="String">p != 0.5</Data></Cell><Cell ss:StyleID="s22"><Data ss:Type="String">p = 0.5</Data></Cell></Row><Row><Cell ss:StyleID="s31"><Data ss:Type="String"></Data></Cell><Cell ss:StyleID="s21"><Data ss:Type="String"></Data></Cell><Cell ss:StyleID="s21"><Data ss:Type="String"></Data></Cell><Cell ss:StyleID="s21"><Data ss:Type="String"></Data></Cell><Cell ss:StyleID="s21"><Data ss:Type="String"></Data></Cell><Cell ss:StyleID="s21"><Data ss:Type="String"></Data></Cell></Row><Row><Cell ss:StyleID="s32"><Data ss:Type="String">=1 if QSR = 1, mech-Q</Data></Cell><Cell ss:StyleID="s22"><Data ss:Type="String">-0.023</Data></Cell><Cell ss:StyleID="s22"><Data ss:Type="String">-0.033*</Data></Cell><Cell ss:StyleID="s22"><Data ss:Type="String">-0.014</Data></Cell><Cell ss:StyleID="s22"><Data ss:Type="String">-0.028</Data></Cell><Cell ss:StyleID="s22"><Data ss:Type="String">-0.019</Data></Cell></Row><Row><Cell ss:StyleID="s32"><Data ss:Type="String"></Data></Cell><Cell ss:StyleID="s22"><Data ss:Type="String">(0.016)</Data></Cell><Cell ss:StyleID="s22"><Data ss:Type="String">(0.014)</Data></Cell><Cell ss:StyleID="s22"><Data ss:Type="String">(0.022)</Data></Cell><Cell ss:StyleID="s22"><Data ss:Type="String">(0.020)</Data></Cell><Cell ss:StyleID="s22"><Data ss:Type="String">(0.013)</Data></Cell></Row><Row><Cell ss:StyleID="s32"><Data ss:Type="String">Distance of prior from 0.5 = 25</Data></Cell><Cell ss:StyleID="s22"><Data ss:Type="String"></Data></Cell><Cell ss:StyleID="s22"><Data ss:Type="String"></Data></Cell><Cell ss:StyleID="s22"><Data ss:Type="String">-0.100***</Data></Cell><Cell ss:StyleID="s22"><Data ss:Type="String">0.050***</Data></Cell><Cell ss:StyleID="s22"><Data ss:Type="String"></Data></Cell></Row><Row><Cell ss:StyleID="s32"><Data ss:Type="String"></Data></Cell><Cell ss:StyleID="s22"><Data ss:Type="String"></Data></Cell><Cell ss:StyleID="s22"><Data ss:Type="String"></Data></Cell><Cell ss:StyleID="s22"><Data ss:Type="String">(0.009)</Data></Cell><Cell ss:StyleID="s22"><Data ss:Type="String">(0.012)</Data></Cell><Cell ss:StyleID="s22"><Data ss:Type="String"></Data></Cell></Row><Row><Cell ss:StyleID="s32"><Data ss:Type="String">0b.mechQ#25o.PriorDist</Data></Cell><Cell ss:StyleID="s22"><Data ss:Type="String"></Data></Cell><Cell ss:StyleID="s22"><Data ss:Type="String"></Data></Cell><Cell ss:StyleID="s22"><Data ss:Type="String">0.000</Data></Cell><Cell ss:StyleID="s22"><Data ss:Type="String">0.000</Data></Cell><Cell ss:StyleID="s22"><Data ss:Type="String"></Data></Cell></Row><Row><Cell ss:StyleID="s32"><Data ss:Type="String"></Data></Cell><Cell ss:StyleID="s22"><Data ss:Type="String"></Data></Cell><Cell ss:StyleID="s22"><Data ss:Type="String"></Data></Cell><Cell ss:StyleID="s22"><Data ss:Type="String">(0.000)</Data></Cell><Cell ss:StyleID="s22"><Data ss:Type="String">(0.000)</Data></Cell><Cell ss:StyleID="s22"><Data ss:Type="String"></Data></Cell></Row><Row><Cell ss:StyleID="s32"><Data ss:Type="String">1.mechQ#25.PriorDist</Data></Cell><Cell ss:StyleID="s22"><Data ss:Type="String"></Data></Cell><Cell ss:StyleID="s22"><Data ss:Type="String"></Data></Cell><Cell ss:StyleID="s22"><Data ss:Type="String">-0.017</Data></Cell><Cell ss:StyleID="s22"><Data ss:Type="String">-0.011</Data></Cell><Cell ss:StyleID="s22"><Data ss:Type="String"></Data></Cell></Row><Row><Cell ss:StyleID="s32"><Data ss:Type="String"></Data></Cell><Cell ss:StyleID="s22"><Data ss:Type="String"></Data></Cell><Cell ss:StyleID="s22"><Data ss:Type="String"></Data></Cell><Cell ss:StyleID="s22"><Data ss:Type="String">(0.020)</Data></Cell><Cell ss:StyleID="s22"><Data ss:Type="String">(0.020)</Data></Cell><Cell ss:StyleID="s22"><Data ss:Type="String"></Data></Cell></Row><Row><Cell ss:StyleID="s32"><Data ss:Type="String">Survey: Age (years)</Data></Cell><Cell ss:StyleID="s22"><Data ss:Type="String">-0.001</Data></Cell><Cell ss:StyleID="s22"><Data ss:Type="String">0.000</Data></Cell><Cell ss:StyleID="s22"><Data ss:Type="String">-0.001</Data></Cell><Cell ss:StyleID="s22"><Data ss:Type="String">0.000</Data></Cell><Cell ss:StyleID="s22"><Data ss:Type="String">-0.001</Data></Cell></Row><Row><Cell ss:StyleID="s32"><Data ss:Type="String"></Data></Cell><Cell ss:StyleID="s22"><Data ss:Type="String">(0.002)</Data></Cell><Cell ss:StyleID="s22"><Data ss:Type="String">(0.002)</Data></Cell><Cell ss:StyleID="s22"><Data ss:Type="String">(0.002)</Data></Cell><Cell ss:StyleID="s22"><Data ss:Type="String">(0.002)</Data></Cell><Cell ss:StyleID="s22"><Data ss:Type="String">(0.002)</Data></Cell></Row><Row><Cell ss:StyleID="s32"><Data ss:Type="String">Survey: =1 if female = 1</Data></Cell><Cell ss:StyleID="s22"><Data ss:Type="String">0.032</Data></Cell><Cell ss:StyleID="s22"><Data ss:Type="String">0.015</Data></Cell><Cell ss:StyleID="s22"><Data ss:Type="String">0.032</Data></Cell><Cell ss:StyleID="s22"><Data ss:Type="String">0.015</Data></Cell><Cell ss:StyleID="s22"><Data ss:Type="String">0.004</Data></Cell></Row><Row><Cell ss:StyleID="s32"><Data ss:Type="String"></Data></Cell><Cell ss:StyleID="s22"><Data ss:Type="String">(0.016)</Data></Cell><Cell ss:StyleID="s22"><Data ss:Type="String">(0.015)</Data></Cell><Cell ss:StyleID="s22"><Data ss:Type="String">(0.016)</Data></Cell><Cell ss:StyleID="s22"><Data ss:Type="String">(0.015)</Data></Cell><Cell ss:StyleID="s22"><Data ss:Type="String">(0.016)</Data></Cell></Row><Row><Cell ss:StyleID="s32"><Data ss:Type="String">Survey: =1 if Economics major = 1</Data></Cell><Cell ss:StyleID="s22"><Data ss:Type="String">0.045*</Data></Cell><Cell ss:StyleID="s22"><Data ss:Type="String">0.040*</Data></Cell><Cell ss:StyleID="s22"><Data ss:Type="String">0.045*</Data></Cell><Cell ss:StyleID="s22"><Data ss:Type="String">0.040*</Data></Cell><Cell ss:StyleID="s22"><Data ss:Type="String">0.023</Data></Cell></Row><Row><Cell ss:StyleID="s32"><Data ss:Type="String"></Data></Cell><Cell ss:StyleID="s22"><Data ss:Type="String">(0.020)</Data></Cell><Cell ss:StyleID="s22"><Data ss:Type="String">(0.016)</Data></Cell><Cell ss:StyleID="s22"><Data ss:Type="String">(0.020)</Data></Cell><Cell ss:StyleID="s22"><Data ss:Type="String">(0.016)</Data></Cell><Cell ss:StyleID="s22"><Data ss:Type="String">(0.032)</Data></Cell></Row><Row><Cell ss:StyleID="s32"><Data ss:Type="String">Survey: =1 if postgraduate student = 1</Data></Cell><Cell ss:StyleID="s22"><Data ss:Type="String">-0.002</Data></Cell><Cell ss:StyleID="s22"><Data ss:Type="String">-0.022</Data></Cell><Cell ss:StyleID="s22"><Data ss:Type="String">-0.002</Data></Cell><Cell ss:StyleID="s22"><Data ss:Type="String">-0.022</Data></Cell><Cell ss:StyleID="s22"><Data ss:Type="String">0.012</Data></Cell></Row><Row><Cell ss:StyleID="s32"><Data ss:Type="String"></Data></Cell><Cell ss:StyleID="s22"><Data ss:Type="String">(0.023)</Data></Cell><Cell ss:StyleID="s22"><Data ss:Type="String">(0.021)</Data></Cell><Cell ss:StyleID="s22"><Data ss:Type="String">(0.023)</Data></Cell><Cell ss:StyleID="s22"><Data ss:Type="String">(0.021)</Data></Cell><Cell ss:StyleID="s22"><Data ss:Type="String">(0.027)</Data></Cell></Row><Row><Cell ss:StyleID="s32"><Data ss:Type="String">Survey: =1 if born in Australia = 1</Data></Cell><Cell ss:StyleID="s22"><Data ss:Type="String">-0.046**</Data></Cell><Cell ss:StyleID="s22"><Data ss:Type="String">-0.023</Data></Cell><Cell ss:StyleID="s22"><Data ss:Type="String">-0.046**</Data></Cell><Cell ss:StyleID="s22"><Data ss:Type="String">-0.023</Data></Cell><Cell ss:StyleID="s22"><Data ss:Type="String">-0.036*</Data></Cell></Row><Row><Cell ss:StyleID="s32"><Data ss:Type="String"></Data></Cell><Cell ss:StyleID="s22"><Data ss:Type="String">(0.016)</Data></Cell><Cell ss:StyleID="s22"><Data ss:Type="String">(0.015)</Data></Cell><Cell ss:StyleID="s22"><Data ss:Type="String">(0.016)</Data></Cell><Cell ss:StyleID="s22"><Data ss:Type="String">(0.015)</Data></Cell><Cell ss:StyleID="s22"><Data ss:Type="String">(0.017)</Data></Cell></Row><Row><Cell ss:StyleID="s32"><Data ss:Type="String">Survey: # past experiments participated</Data></Cell><Cell ss:StyleID="s22"><Data ss:Type="String">-0.028**</Data></Cell><Cell ss:StyleID="s22"><Data ss:Type="String">-0.017*</Data></Cell><Cell ss:StyleID="s22"><Data ss:Type="String">-0.028**</Data></Cell><Cell ss:StyleID="s22"><Data ss:Type="String">-0.017*</Data></Cell><Cell ss:StyleID="s22"><Data ss:Type="String">-0.010</Data></Cell></Row><Row><Cell ss:StyleID="s32"><Data ss:Type="String"></Data></Cell><Cell ss:StyleID="s22"><Data ss:Type="String">(0.008)</Data></Cell><Cell ss:StyleID="s22"><Data ss:Type="String">(0.008)</Data></Cell><Cell ss:StyleID="s22"><Data ss:Type="String">(0.008)</Data></Cell><Cell ss:StyleID="s22"><Data ss:Type="String">(0.008)</Data></Cell><Cell ss:StyleID="s22"><Data ss:Type="String">(0.006)</Data></Cell></Row><Row><Cell ss:StyleID="s32"><Data ss:Type="String">Survey: =1 if studied probability/statistics = 1</Data></Cell><Cell ss:StyleID="s22"><Data ss:Type="String">0.044*</Data></Cell><Cell ss:StyleID="s22"><Data ss:Type="String">0.021</Data></Cell><Cell ss:StyleID="s22"><Data ss:Type="String">0.044*</Data></Cell><Cell ss:StyleID="s22"><Data ss:Type="String">0.021</Data></Cell><Cell ss:StyleID="s22"><Data ss:Type="String">0.004</Data></Cell></Row><Row><Cell ss:StyleID="s32"><Data ss:Type="String"></Data></Cell><Cell ss:StyleID="s22"><Data ss:Type="String">(0.020)</Data></Cell><Cell ss:StyleID="s22"><Data ss:Type="String">(0.022)</Data></Cell><Cell ss:StyleID="s22"><Data ss:Type="String">(0.020)</Data></Cell><Cell ss:StyleID="s22"><Data ss:Type="String">(0.022)</Data></Cell><Cell ss:StyleID="s22"><Data ss:Type="String">(0.018)</Data></Cell></Row><Row><Cell ss:StyleID="s32"><Data ss:Type="String">Constant</Data></Cell><Cell ss:StyleID="s22"><Data ss:Type="String">0.255***</Data></Cell><Cell ss:StyleID="s22"><Data ss:Type="String">-0.114*</Data></Cell><Cell ss:StyleID="s22"><Data ss:Type="String">0.300***</Data></Cell><Cell ss:StyleID="s22"><Data ss:Type="String">-0.138**</Data></Cell><Cell ss:StyleID="s22"><Data ss:Type="String">0.093</Data></Cell></Row><Row><Cell ss:StyleID="s32"><Data ss:Type="String"></Data></Cell><Cell ss:StyleID="s22"><Data ss:Type="String">(0.044)</Data></Cell><Cell ss:StyleID="s22"><Data ss:Type="String">(0.045)</Data></Cell><Cell ss:StyleID="s22"><Data ss:Type="String">(0.044)</Data></Cell><Cell ss:StyleID="s22"><Data ss:Type="String">(0.046)</Data></Cell><Cell ss:StyleID="s22"><Data ss:Type="String">(0.072)</Data></Cell></Row><Row><Cell ss:StyleID="s32"><Data ss:Type="String"></Data></Cell><Cell ss:StyleID="s22"><Data ss:Type="String"></Data></Cell><Cell ss:StyleID="s22"><Data ss:Type="String"></Data></Cell><Cell ss:StyleID="s22"><Data ss:Type="String"></Data></Cell><Cell ss:StyleID="s22"><Data ss:Type="String"></Data></Cell><Cell ss:StyleID="s22"><Data ss:Type="String"></Data></Cell></Row><Row><Cell ss:StyleID="s32"><Data ss:Type="String">Observations</Data></Cell><Cell ss:StyleID="s22"><Data ss:Type="String">480</Data></Cell><Cell ss:StyleID="s22"><Data ss:Type="String">480</Data></Cell><Cell ss:StyleID="s22"><Data ss:Type="String">480</Data></Cell><Cell ss:StyleID="s22"><Data ss:Type="String">480</Data></Cell><Cell ss:StyleID="s22"><Data ss:Type="String">120</Data></Cell></Row><Row><Cell ss:StyleID="s32"><Data ss:Type="String">R-squared</Data></Cell><Cell ss:StyleID="s22"><Data ss:Type="String">0.099</Data></Cell><Cell ss:StyleID="s22"><Data ss:Type="String">0.070</Data></Cell><Cell ss:StyleID="s22"><Data ss:Type="String">0.278</Data></Cell><Cell ss:StyleID="s22"><Data ss:Type="String">0.112</Data></Cell><Cell ss:StyleID="s22"><Data ss:Type="String">0.118</Data></Cell></Row><Row><Cell ss:StyleID="s33"><Data ss:Type="String">Control for round</Data></Cell><Cell ss:StyleID="s23"><Data ss:Type="String">Y</Data></Cell><Cell ss:StyleID="s23"><Data ss:Type="String">Y</Data></Cell><Cell ss:StyleID="s23"><Data ss:Type="String">Y</Data></Cell><Cell ss:StyleID="s23"><Data ss:Type="String">Y</Data></Cell><Cell ss:StyleID="s23"><Data ss:Type="String">Y</Data></Cell></Row><Row><Cell ss:StyleID="s24"><Data ss:Type="String">Robust standard errors in parentheses</Data></Cell></Row><Row><Cell ss:StyleID="s24"><Data ss:Type="String">*** p&lt;0.001, ** p&lt;0.01, * p&lt;0.05</Data></Cell></Row></Table><WorksheetOptions xmlns="urn:schemas-microsoft-com:office:excel"><ProtectedObjects>False</ProtectedObjects><ProtectedScenarios>False</ProtectedScenarios></WorksheetOptions></Worksheet></Workbook>