bibkey,paper,task,subject,choice,r,age,gender,soep,country,city,latitude,longitude
Kessel2021,Kessel et al. 2021,IG,1,5,0.7564708303892108,21,0,0,Germany,Berlin,52.51250267430032,13.324436617770202
Kessel2021,Kessel et al. 2021,IG,2,5,0.7564708303892108,19,1,3,Germany,Berlin,52.51250267430032,13.324436617770202
Kessel2021,Kessel et al. 2021,IG,3,0,-1,22,1,2,Germany,Berlin,52.51250267430032,13.324436617770202
Kessel2021,Kessel et al. 2021,IG,4,10,1,21,1,4,Germany,Berlin,52.51250267430032,13.324436617770202
Kessel2021,Kessel et al. 2021,IG,5,10,1,31,0,2,Germany,Berlin,52.51250267430032,13.324436617770202
Kessel2021,Kessel et al. 2021,IG,6,10,1,22,1,5,Germany,Berlin,52.51250267430032,13.324436617770202
Kessel2021,Kessel et al. 2021,IG,7,10,1,23,0,5,Germany,Berlin,52.51250267430032,13.324436617770202
Kessel2021,Kessel et al. 2021,IG,8,3,-2.2342999483419623,20,0,6,Germany,Berlin,52.51250267430032,13.324436617770202
Kessel2021,Kessel et al. 2021,IG,9,5,0.7564708303892108,25,1,3,Germany,Berlin,52.51250267430032,13.324436617770202
Kessel2021,Kessel et al. 2021,IG,10,10,1,21,1,3,Germany,Berlin,52.51250267430032,13.324436617770202
Kessel2021,Kessel et al. 2021,IG,11,5,0.7564708303892108,25,0,7,Germany,Berlin,52.51250267430032,13.324436617770202
Kessel2021,Kessel et al. 2021,IG,12,4,0.5631708387251978,18,1,1,Germany,Berlin,52.51250267430032,13.324436617770202
Kessel2021,Kessel et al. 2021,IG,13,5,0.7564708303892108,20,1,3,Germany,Berlin,52.51250267430032,13.324436617770202
Kessel2021,Kessel et al. 2021,IG,14,10,1,21,0,9,Germany,Berlin,52.51250267430032,13.324436617770202
Kessel2021,Kessel et al. 2021,IG,15,10,1,29,0,4,Germany,Berlin,52.51250267430032,13.324436617770202
Kessel2021,Kessel et al. 2021,IG,16,4,0.5631708387251978,34,0,8,Germany,Berlin,52.51250267430032,13.324436617770202
Kessel2021,Kessel et al. 2021,IG,17,10,1,19,1,1,Germany,Berlin,52.51250267430032,13.324436617770202
Kessel2021,Kessel et al. 2021,IG,18,5,0.7564708303892108,21,1,3,Germany,Berlin,52.51250267430032,13.324436617770202
Kessel2021,Kessel et al. 2021,IG,19,10,1,19,0,3,Germany,Berlin,52.51250267430032,13.324436617770202
Kessel2021,Kessel et al. 2021,IG,20,10,1,21,1,10,Germany,Berlin,52.51250267430032,13.324436617770202
Kessel2021,Kessel et al. 2021,IG,21,2,1.4747697218455962,21,1,3,Germany,Berlin,52.51250267430032,13.324436617770202
Kessel2021,Kessel et al. 2021,IG,22,2,1.4747697218455962,24,1,4,Germany,Berlin,52.51250267430032,13.324436617770202
Kessel2021,Kessel et al. 2021,IG,23,5,0.7564708303892108,19,1,6,Germany,Berlin,52.51250267430032,13.324436617770202
Kessel2021,Kessel et al. 2021,IG,24,10,1,23,0,4,Germany,Berlin,52.51250267430032,13.324436617770202
Kessel2021,Kessel et al. 2021,IG,25,7,0.8734718985173253,22,1,7,Germany,Berlin,52.51250267430032,13.324436617770202
Kessel2021,Kessel et al. 2021,IG,26,10,1,21,0,1,Germany,Berlin,52.51250267430032,13.324436617770202
Kessel2021,Kessel et al. 2021,IG,27,4,0.5631708387251978,32,0,2,Germany,Berlin,52.51250267430032,13.324436617770202
Kessel2021,Kessel et al. 2021,IG,28,10,1,19,0,7,Germany,Berlin,52.51250267430032,13.324436617770202
Kessel2021,Kessel et al. 2021,IG,29,6,0.8311764462715479,20,0,5,Germany,Berlin,52.51250267430032,13.324436617770202
Kessel2021,Kessel et al. 2021,IG,30,10,1,23,0,9,Germany,Berlin,52.51250267430032,13.324436617770202
Kessel2021,Kessel et al. 2021,IG,31,3,-2.2342999483419623,21,0,5,Germany,Berlin,52.51250267430032,13.324436617770202
Kessel2021,Kessel et al. 2021,IG,32,2,1.4747697218455962,25,0,9,Germany,Berlin,52.51250267430032,13.324436617770202
Kessel2021,Kessel et al. 2021,IG,33,4,0.5631708387251978,24,1,3,Germany,Berlin,52.51250267430032,13.324436617770202
Kessel2021,Kessel et al. 2021,IG,34,6,0.8311764462715479,24,1,3,Germany,Berlin,52.51250267430032,13.324436617770202
Kessel2021,Kessel et al. 2021,IG,35,10,1,21,0,10,Germany,Berlin,52.51250267430032,13.324436617770202
Kessel2021,Kessel et al. 2021,IG,36,10,1,21,0,6,Germany,Berlin,52.51250267430032,13.324436617770202
Kessel2021,Kessel et al. 2021,IG,37,0,-1,22,1,3,Germany,Berlin,52.51250267430032,13.324436617770202
Kessel2021,Kessel et al. 2021,IG,38,3,-2.2342999483419623,27,1,3,Germany,Berlin,52.51250267430032,13.324436617770202
Kessel2021,Kessel et al. 2021,IG,39,10,1,23,0,3,Germany,Berlin,52.51250267430032,13.324436617770202
Kessel2021,Kessel et al. 2021,IG,40,10,1,33,1,8,Germany,Berlin,52.51250267430032,13.324436617770202
Kessel2021,Kessel et al. 2021,IG,41,7,0.8734718985173253,20,0,7,Germany,Berlin,52.51250267430032,13.324436617770202
Kessel2021,Kessel et al. 2021,IG,42,10,1,18,0,2,Germany,Berlin,52.51250267430032,13.324436617770202
Kessel2021,Kessel et al. 2021,IG,43,5,0.7564708303892108,21,0,8,Germany,Berlin,52.51250267430032,13.324436617770202
Kessel2021,Kessel et al. 2021,IG,44,10,1,20,1,6,Germany,Berlin,52.51250267430032,13.324436617770202
Kessel2021,Kessel et al. 2021,IG,45,0,-1,20,0,3,Germany,Berlin,52.51250267430032,13.324436617770202
Kessel2021,Kessel et al. 2021,IG,46,10,1,23,1,6,Germany,Berlin,52.51250267430032,13.324436617770202
Kessel2021,Kessel et al. 2021,IG,47,3,-2.2342999483419623,27,1,4,Germany,Berlin,52.51250267430032,13.324436617770202
Kessel2021,Kessel et al. 2021,IG,48,5,0.7564708303892108,23,1,5,Germany,Berlin,52.51250267430032,13.324436617770202
Kessel2021,Kessel et al. 2021,IG,49,7,0.8734718985173253,25,0,8,Germany,Berlin,52.51250267430032,13.324436617770202
Kessel2021,Kessel et al. 2021,IG,50,6,0.8311764462715479,28,1,3,Germany,Berlin,52.51250267430032,13.324436617770202
Kessel2021,Kessel et al. 2021,IG,51,10,1,24,0,3,Germany,Berlin,52.51250267430032,13.324436617770202
Kessel2021,Kessel et al. 2021,IG,52,3,-2.2342999483419623,19,1,5,Germany,Berlin,52.51250267430032,13.324436617770202
Kessel2021,Kessel et al. 2021,IG,53,5,0.7564708303892108,21,1,0,Germany,Berlin,52.51250267430032,13.324436617770202
Kessel2021,Kessel et al. 2021,IG,54,10,1,20,1,3,Germany,Berlin,52.51250267430032,13.324436617770202
Kessel2021,Kessel et al. 2021,IG,55,0,-1,21,1,3,Germany,Berlin,52.51250267430032,13.324436617770202
Kessel2021,Kessel et al. 2021,IG,56,10,1,22,1,10,Germany,Berlin,52.51250267430032,13.324436617770202
Kessel2021,Kessel et al. 2021,IG,57,6,0.8311764462715479,25,1,4,Germany,Berlin,52.51250267430032,13.324436617770202
Kessel2021,Kessel et al. 2021,IG,58,10,1,19,0,5,Germany,Berlin,52.51250267430032,13.324436617770202
Kessel2021,Kessel et al. 2021,IG,59,10,1,24,1,7,Germany,Berlin,52.51250267430032,13.324436617770202
Kessel2021,Kessel et al. 2021,IG,60,10,1,28,1,7,Germany,Berlin,52.51250267430032,13.324436617770202
Kessel2021,Kessel et al. 2021,IG,61,3,-2.2342999483419623,22,1,1,Germany,Berlin,52.51250267430032,13.324436617770202
Kessel2021,Kessel et al. 2021,IG,62,6,0.8311764462715479,27,0,5,Germany,Berlin,52.51250267430032,13.324436617770202
Kessel2021,Kessel et al. 2021,IG,63,5,0.7564708303892108,28,0,2,Germany,Berlin,52.51250267430032,13.324436617770202
Kessel2021,Kessel et al. 2021,IG,64,0,-1,25,1,5,Germany,Berlin,52.51250267430032,13.324436617770202
Kessel2021,Kessel et al. 2021,IG,65,10,1,20,1,3,Germany,Berlin,52.51250267430032,13.324436617770202
Kessel2021,Kessel et al. 2021,IG,66,3,-2.2342999483419623,21,0,1,Germany,Berlin,52.51250267430032,13.324436617770202
Kessel2021,Kessel et al. 2021,IG,67,10,1,19,0,7,Germany,Berlin,52.51250267430032,13.324436617770202
Kessel2021,Kessel et al. 2021,IG,68,10,1,21,0,2,Germany,Berlin,52.51250267430032,13.324436617770202
Kessel2021,Kessel et al. 2021,IG,69,5,0.7564708303892108,22,1,4,Germany,Berlin,52.51250267430032,13.324436617770202
Kessel2021,Kessel et al. 2021,IG,70,0,-1,19,1,8,Germany,Berlin,52.51250267430032,13.324436617770202
Kessel2021,Kessel et al. 2021,IG,71,10,1,51,0,2,Germany,Berlin,52.51250267430032,13.324436617770202
Kessel2021,Kessel et al. 2021,IG,72,5,0.7564708303892108,28,1,0,Germany,Berlin,52.51250267430032,13.324436617770202
Kessel2021,Kessel et al. 2021,IG,73,6,0.8311764462715479,20,1,2,Germany,Berlin,52.51250267430032,13.324436617770202
Kessel2021,Kessel et al. 2021,IG,74,10,1,23,0,3,Germany,Berlin,52.51250267430032,13.324436617770202
Kessel2021,Kessel et al. 2021,IG,75,1,1.17420376948941,41,1,7,Germany,Berlin,52.51250267430032,13.324436617770202
Kessel2021,Kessel et al. 2021,IG,76,10,1,34,1,5,Germany,Berlin,52.51250267430032,13.324436617770202
Kessel2021,Kessel et al. 2021,IG,77,10,1,20,0,2,Germany,Berlin,52.51250267430032,13.324436617770202
Kessel2021,Kessel et al. 2021,IG,78,10,1,20,1,1,Germany,Berlin,52.51250267430032,13.324436617770202
Kessel2021,Kessel et al. 2021,IG,79,10,1,20,0,8,Germany,Berlin,52.51250267430032,13.324436617770202
Kessel2021,Kessel et al. 2021,IG,80,10,1,21,0,7,Germany,Berlin,52.51250267430032,13.324436617770202
Kessel2021,Kessel et al. 2021,IG,81,5,0.7564708303892108,20,1,1,Germany,Berlin,52.51250267430032,13.324436617770202
Kessel2021,Kessel et al. 2021,IG,82,5,0.7564708303892108,22,0,5,Germany,Berlin,52.51250267430032,13.324436617770202
Kessel2021,Kessel et al. 2021,IG,83,10,1,20,1,3,Germany,Berlin,52.51250267430032,13.324436617770202
Kessel2021,Kessel et al. 2021,IG,84,5,0.7564708303892108,21,1,3,Germany,Berlin,52.51250267430032,13.324436617770202
Kessel2021,Kessel et al. 2021,IG,85,5,0.7564708303892108,18,1,8,Germany,Berlin,52.51250267430032,13.324436617770202
Kessel2021,Kessel et al. 2021,IG,86,8,0.9030900026802242,19,1,6,Germany,Berlin,52.51250267430032,13.324436617770202
Kessel2021,Kessel et al. 2021,IG,87,10,1,23,1,4,Germany,Berlin,52.51250267430032,13.324436617770202
Kessel2021,Kessel et al. 2021,IG,88,10,1,19,1,8,Germany,Berlin,52.51250267430032,13.324436617770202
Kessel2021,Kessel et al. 2021,IG,89,5,0.7564708303892108,23,0,6,Germany,Berlin,52.51250267430032,13.324436617770202
Kessel2021,Kessel et al. 2021,IG,90,10,1,18,0,6,Germany,Berlin,52.51250267430032,13.324436617770202
Kessel2021,Kessel et al. 2021,IG,91,10,1,24,0,9,Germany,Berlin,52.51250267430032,13.324436617770202
Kessel2021,Kessel et al. 2021,IG,92,10,1,35,0,6,Germany,Berlin,52.51250267430032,13.324436617770202
Kessel2021,Kessel et al. 2021,IG,93,5,0.7564708303892108,19,0,3,Germany,Berlin,52.51250267430032,13.324436617770202
Kessel2021,Kessel et al. 2021,IG,94,5,0.7564708303892108,22,1,2,Germany,Berlin,52.51250267430032,13.324436617770202
Kessel2021,Kessel et al. 2021,IG,95,6,0.8311764462715479,22,1,2,Germany,Berlin,52.51250267430032,13.324436617770202
Kessel2021,Kessel et al. 2021,IG,96,10,1,24,0,3,Germany,Berlin,52.51250267430032,13.324436617770202
Kessel2021,Kessel et al. 2021,IG,97,10,1,20,1,8,Germany,Berlin,52.51250267430032,13.324436617770202
Kessel2021,Kessel et al. 2021,IG,98,0,-1,20,1,3,Germany,Berlin,52.51250267430032,13.324436617770202
Kessel2021,Kessel et al. 2021,IG,99,6,0.8311764462715479,21,0,4,Germany,Berlin,52.51250267430032,13.324436617770202
Kessel2021,Kessel et al. 2021,IG,100,0,-1,19,0,7,Germany,Berlin,52.51250267430032,13.324436617770202
Kessel2021,Kessel et al. 2021,IG,101,5,0.7564708303892108,26,0,5,Germany,Berlin,52.51250267430032,13.324436617770202
Kessel2021,Kessel et al. 2021,IG,102,10,1,20,1,4,Germany,Berlin,52.51250267430032,13.324436617770202
Kessel2021,Kessel et al. 2021,IG,103,5,0.7564708303892108,20,0,2,Germany,Berlin,52.51250267430032,13.324436617770202
Kessel2021,Kessel et al. 2021,IG,104,5,0.7564708303892108,19,1,2,Germany,Berlin,52.51250267430032,13.324436617770202
Kessel2021,Kessel et al. 2021,IG,105,0,-1,21,0,2,Germany,Berlin,52.51250267430032,13.324436617770202
Kessel2021,Kessel et al. 2021,IG,106,3,-2.2342999483419623,25,0,2,Germany,Berlin,52.51250267430032,13.324436617770202
Kessel2021,Kessel et al. 2021,IG,107,5,0.7564708303892108,21,1,3,Germany,Berlin,52.51250267430032,13.324436617770202
Kessel2021,Kessel et al. 2021,IG,108,0,-1,19,1,1,Germany,Berlin,52.51250267430032,13.324436617770202
Kessel2021,Kessel et al. 2021,IG,109,10,1,21,0,2,Germany,Berlin,52.51250267430032,13.324436617770202
Kessel2021,Kessel et al. 2021,IG,110,10,1,27,1,5,Germany,Berlin,52.51250267430032,13.324436617770202
Kessel2021,Kessel et al. 2021,IG,111,5,0.7564708303892108,18,0,2,Germany,Berlin,52.51250267430032,13.324436617770202
Kessel2021,Kessel et al. 2021,IG,112,4,0.5631708387251978,20,1,0,Germany,Berlin,52.51250267430032,13.324436617770202
Kessel2021,Kessel et al. 2021,IG,113,10,1,22,0,9,Germany,Berlin,52.51250267430032,13.324436617770202
Kessel2021,Kessel et al. 2021,IG,114,5,0.7564708303892108,24,1,4,Germany,Berlin,52.51250267430032,13.324436617770202
Kessel2021,Kessel et al. 2021,IG,115,10,1,17,0,5,Germany,Berlin,52.51250267430032,13.324436617770202
Kessel2021,Kessel et al. 2021,IG,116,10,1,21,1,3,Germany,Berlin,52.51250267430032,13.324436617770202
Kessel2021,Kessel et al. 2021,IG,117,4,0.5631708387251978,24,0,3,Germany,Berlin,52.51250267430032,13.324436617770202
Kessel2021,Kessel et al. 2021,IG,118,0,-1,19,1,0,Germany,Berlin,52.51250267430032,13.324436617770202
Kessel2021,Kessel et al. 2021,IG,119,10,1,21,0,7,Germany,Berlin,52.51250267430032,13.324436617770202
Kessel2021,Kessel et al. 2021,IG,120,10,1,29,1,7,Germany,Berlin,52.51250267430032,13.324436617770202
Kessel2021,Kessel et al. 2021,IG,121,10,1,29,0,6,Germany,Berlin,52.51250267430032,13.324436617770202
Kessel2021,Kessel et al. 2021,IG,122,4,0.5631708387251978,21,1,2,Germany,Berlin,52.51250267430032,13.324436617770202
Kessel2021,Kessel et al. 2021,IG,123,10,1,20,1,3,Germany,Berlin,52.51250267430032,13.324436617770202
Kessel2021,Kessel et al. 2021,IG,124,5,0.7564708303892108,23,1,3,Germany,Berlin,52.51250267430032,13.324436617770202
Kessel2021,Kessel et al. 2021,IG,125,0,-1,22,0,0,Germany,Berlin,52.51250267430032,13.324436617770202
Kessel2021,Kessel et al. 2021,IG,126,5,0.7564708303892108,30,1,6,Germany,Berlin,52.51250267430032,13.324436617770202
Kessel2021,Kessel et al. 2021,IG,127,10,1,29,1,7,Germany,Berlin,52.51250267430032,13.324436617770202
Kessel2021,Kessel et al. 2021,IG,128,5,0.7564708303892108,22,0,8,Germany,Berlin,52.51250267430032,13.324436617770202
Kessel2021,Kessel et al. 2021,IG,129,10,1,21,0,2,Germany,Berlin,52.51250267430032,13.324436617770202
Kessel2021,Kessel et al. 2021,IG,130,10,1,26,0,4,Germany,Berlin,52.51250267430032,13.324436617770202
Kessel2021,Kessel et al. 2021,IG,131,10,1,23,0,7,Germany,Berlin,52.51250267430032,13.324436617770202
Kessel2021,Kessel et al. 2021,IG,132,2,1.4747697218455962,22,1,9,Germany,Berlin,52.51250267430032,13.324436617770202
Kessel2021,Kessel et al. 2021,IG,133,6,0.8311764462715479,20,0,0,Germany,Berlin,52.51250267430032,13.324436617770202
Kessel2021,Kessel et al. 2021,IG,134,10,1,28,0,4,Germany,Berlin,52.51250267430032,13.324436617770202
Kessel2021,Kessel et al. 2021,IG,135,7,0.8734718985173253,24,1,3,Germany,Berlin,52.51250267430032,13.324436617770202
Kessel2021,Kessel et al. 2021,IG,136,5,0.7564708303892108,21,1,2,Germany,Berlin,52.51250267430032,13.324436617770202
Kessel2021,Kessel et al. 2021,IG,137,10,1,24,0,8,Germany,Berlin,52.51250267430032,13.324436617770202
Kessel2021,Kessel et al. 2021,IG,138,5,0.7564708303892108,23,0,5,Germany,Berlin,52.51250267430032,13.324436617770202
Kessel2021,Kessel et al. 2021,IG,139,5,0.7564708303892108,23,1,4,Germany,Berlin,52.51250267430032,13.324436617770202
Kessel2021,Kessel et al. 2021,IG,140,10,1,25,0,8,Germany,Berlin,52.51250267430032,13.324436617770202
Kessel2021,Kessel et al. 2021,IG,141,10,1,22,0,7,Germany,Berlin,52.51250267430032,13.324436617770202
Kessel2021,Kessel et al. 2021,IG,142,2,1.4747697218455962,20,1,0,Germany,Berlin,52.51250267430032,13.324436617770202
Kessel2021,Kessel et al. 2021,IG,143,10,1,20,1,3,Germany,Berlin,52.51250267430032,13.324436617770202
Kessel2021,Kessel et al. 2021,IG,144,10,1,19,1,7,Germany,Berlin,52.51250267430032,13.324436617770202
Kessel2021,Kessel et al. 2021,IG,145,5,0.7564708303892108,22,0,7,Germany,Berlin,52.51250267430032,13.324436617770202
Kessel2021,Kessel et al. 2021,IG,146,10,1,21,1,4,Germany,Berlin,52.51250267430032,13.324436617770202
Kessel2021,Kessel et al. 2021,IG,147,0,-1,27,1,3,Germany,Berlin,52.51250267430032,13.324436617770202
Kessel2021,Kessel et al. 2021,IG,148,10,1,28,1,1,Germany,Berlin,52.51250267430032,13.324436617770202
Kessel2021,Kessel et al. 2021,IG,149,10,1,24,0,10,Germany,Berlin,52.51250267430032,13.324436617770202
Kessel2021,Kessel et al. 2021,IG,150,10,1,20,0,5,Germany,Berlin,52.51250267430032,13.324436617770202
Kessel2021,Kessel et al. 2021,IG,151,10,1,23,0,3,Germany,Berlin,52.51250267430032,13.324436617770202
Kessel2021,Kessel et al. 2021,IG,152,5,0.7564708303892108,19,1,2,Germany,Berlin,52.51250267430032,13.324436617770202
Kessel2021,Kessel et al. 2021,IG,153,7,0.8734718985173253,21,0,8,Germany,Berlin,52.51250267430032,13.324436617770202
Kessel2021,Kessel et al. 2021,IG,154,5,0.7564708303892108,20,1,2,Germany,Berlin,52.51250267430032,13.324436617770202
Kessel2021,Kessel et al. 2021,IG,155,10,1,24,1,3,Germany,Berlin,52.51250267430032,13.324436617770202
Kessel2021,Kessel et al. 2021,IG,156,4,0.5631708387251978,20,1,4,Germany,Berlin,52.51250267430032,13.324436617770202
Kessel2021,Kessel et al. 2021,IG,157,10,1,19,0,7,Germany,Berlin,52.51250267430032,13.324436617770202
Kessel2021,Kessel et al. 2021,IG,158,5,0.7564708303892108,24,0,7,Germany,Berlin,52.51250267430032,13.324436617770202
Kessel2021,Kessel et al. 2021,IG,159,10,1,24,0,4,Germany,Berlin,52.51250267430032,13.324436617770202
Kessel2021,Kessel et al. 2021,IG,160,7,0.8734718985173253,29,1,6,Germany,Berlin,52.51250267430032,13.324436617770202
Kessel2021,Kessel et al. 2021,IG,161,3,-2.2342999483419623,23,1,3,Germany,Berlin,52.51250267430032,13.324436617770202
Kessel2021,Kessel et al. 2021,IG,162,10,1,21,0,4,Germany,Berlin,52.51250267430032,13.324436617770202
Kessel2021,Kessel et al. 2021,IG,163,6,0.8311764462715479,26,1,7,Germany,Berlin,52.51250267430032,13.324436617770202
Kessel2021,Kessel et al. 2021,IG,164,4,0.5631708387251978,20,1,10,Germany,Berlin,52.51250267430032,13.324436617770202
Kessel2021,Kessel et al. 2021,IG,165,10,1,20,0,3,Germany,Berlin,52.51250267430032,13.324436617770202
Kessel2021,Kessel et al. 2021,IG,166,5,0.7564708303892108,20,0,6,Germany,Berlin,52.51250267430032,13.324436617770202
Kessel2021,Kessel et al. 2021,IG,167,10,1,27,1,4,Germany,Berlin,52.51250267430032,13.324436617770202
Kessel2021,Kessel et al. 2021,IG,168,2,1.4747697218455962,23,0,5,Germany,Berlin,52.51250267430032,13.324436617770202
Kessel2021,Kessel et al. 2021,IG,169,10,1,89,1,0,Germany,Berlin,52.51250267430032,13.324436617770202
Kessel2021,Kessel et al. 2021,IG,170,5,0.7564708303892108,23,0,9,Germany,Berlin,52.51250267430032,13.324436617770202
Kessel2021,Kessel et al. 2021,IG,171,10,1,24,0,6,Germany,Berlin,52.51250267430032,13.324436617770202
Kessel2021,Kessel et al. 2021,IG,172,10,1,25,0,10,Germany,Berlin,52.51250267430032,13.324436617770202
Kessel2021,Kessel et al. 2021,IG,173,10,1,33,0,3,Germany,Berlin,52.51250267430032,13.324436617770202
Kessel2021,Kessel et al. 2021,IG,174,10,1,22,0,7,Germany,Berlin,52.51250267430032,13.324436617770202
Kessel2021,Kessel et al. 2021,IG,175,5,0.7564708303892108,21,1,3,Germany,Berlin,52.51250267430032,13.324436617770202
Kessel2021,Kessel et al. 2021,IG,176,6,0.8311764462715479,39,0,6,Germany,Berlin,52.51250267430032,13.324436617770202
Kessel2021,Kessel et al. 2021,IG,177,10,1,20,1,3,Germany,Berlin,52.51250267430032,13.324436617770202
Kessel2021,Kessel et al. 2021,IG,178,7,0.8734718985173253,19,0,3,Germany,Berlin,52.51250267430032,13.324436617770202
Kessel2021,Kessel et al. 2021,IG,179,5,0.7564708303892108,23,1,3,Germany,Berlin,52.51250267430032,13.324436617770202
Kessel2021,Kessel et al. 2021,IG,180,3,-2.2342999483419623,25,1,2,Germany,Berlin,52.51250267430032,13.324436617770202
Kessel2021,Kessel et al. 2021,IG,181,4,0.5631708387251978,21,1,3,Germany,Berlin,52.51250267430032,13.324436617770202
Kessel2021,Kessel et al. 2021,IG,182,10,1,30,0,7,Germany,Berlin,52.51250267430032,13.324436617770202
Kessel2021,Kessel et al. 2021,IG,183,5,0.7564708303892108,22,1,9,Germany,Berlin,52.51250267430032,13.324436617770202
Kessel2021,Kessel et al. 2021,IG,184,10,1,25,1,2,Germany,Berlin,52.51250267430032,13.324436617770202
Kessel2021,Kessel et al. 2021,IG,185,10,1,22,0,9,Germany,Berlin,52.51250267430032,13.324436617770202
Kessel2021,Kessel et al. 2021,IG,186,6,0.8311764462715479,19,1,2,Germany,Berlin,52.51250267430032,13.324436617770202
Kessel2021,Kessel et al. 2021,IG,187,5,0.7564708303892108,25,1,1,Germany,Berlin,52.51250267430032,13.324436617770202
Kessel2021,Kessel et al. 2021,IG,188,5,0.7564708303892108,23,1,5,Germany,Berlin,52.51250267430032,13.324436617770202
Kessel2021,Kessel et al. 2021,IG,189,10,1,20,0,7,Germany,Berlin,52.51250267430032,13.324436617770202
Kessel2021,Kessel et al. 2021,IG,190,5,0.7564708303892108,25,1,2,Germany,Berlin,52.51250267430032,13.324436617770202
Kessel2021,Kessel et al. 2021,IG,191,1,1.17420376948941,27,1,0,Germany,Berlin,52.51250267430032,13.324436617770202
Kessel2021,Kessel et al. 2021,IG,192,6,0.8311764462715479,18,1,5,Germany,Berlin,52.51250267430032,13.324436617770202
Kessel2021,Kessel et al. 2021,IG,193,3,-2.2342999483419623,23,0,9,Germany,Berlin,52.51250267430032,13.324436617770202
Kessel2021,Kessel et al. 2021,IG,194,10,1,22,1,5,Germany,Berlin,52.51250267430032,13.324436617770202
Kessel2021,Kessel et al. 2021,IG,195,3,-2.2342999483419623,19,1,5,Germany,Berlin,52.51250267430032,13.324436617770202
Kessel2021,Kessel et al. 2021,IG,196,1,1.17420376948941,20,1,2,Germany,Berlin,52.51250267430032,13.324436617770202
Kessel2021,Kessel et al. 2021,IG,197,10,1,19,0,9,Germany,Berlin,52.51250267430032,13.324436617770202
Kessel2021,Kessel et al. 2021,IG,198,3,-2.2342999483419623,24,1,2,Germany,Berlin,52.51250267430032,13.324436617770202
Kessel2021,Kessel et al. 2021,IG,199,10,1,24,0,8,Germany,Berlin,52.51250267430032,13.324436617770202
Kessel2021,Kessel et al. 2021,IG,200,10,1,21,0,6,Germany,Berlin,52.51250267430032,13.324436617770202
Kessel2021,Kessel et al. 2021,IG,201,0,-1,28,1,7,Germany,Berlin,52.51250267430032,13.324436617770202
Kessel2021,Kessel et al. 2021,IG,202,5,0.7564708303892108,21,1,2,Germany,Berlin,52.51250267430032,13.324436617770202
Kessel2021,Kessel et al. 2021,IG,203,0,-1,20,0,2,Germany,Berlin,52.51250267430032,13.324436617770202
Kessel2021,Kessel et al. 2021,IG,204,10,1,23,1,8,Germany,Berlin,52.51250267430032,13.324436617770202
Kessel2021,Kessel et al. 2021,IG,205,5,0.7564708303892108,24,1,2,Germany,Berlin,52.51250267430032,13.324436617770202
Kessel2021,Kessel et al. 2021,IG,206,10,1,25,0,5,Germany,Berlin,52.51250267430032,13.324436617770202
Kessel2021,Kessel et al. 2021,IG,207,10,1,19,0,7,Germany,Berlin,52.51250267430032,13.324436617770202
Kessel2021,Kessel et al. 2021,IG,208,10,1,18,0,3,Germany,Berlin,52.51250267430032,13.324436617770202
Kessel2021,Kessel et al. 2021,IG,209,5,0.7564708303892108,27,1,8,Germany,Berlin,52.51250267430032,13.324436617770202
Kessel2021,Kessel et al. 2021,IG,210,8,0.9030900026802242,27,1,2,Germany,Berlin,52.51250267430032,13.324436617770202
Kessel2021,Kessel et al. 2021,IG,211,5,0.7564708303892108,19,1,0,Germany,Berlin,52.51250267430032,13.324436617770202
Kessel2021,Kessel et al. 2021,IG,212,0,-1,18,0,3,Germany,Berlin,52.51250267430032,13.324436617770202
Kessel2021,Kessel et al. 2021,IG,213,4,0.5631708387251978,19,1,6,Germany,Berlin,52.51250267430032,13.324436617770202
Kessel2021,Kessel et al. 2021,IG,214,10,1,17,0,8,Germany,Berlin,52.51250267430032,13.324436617770202
Kessel2021,Kessel et al. 2021,IG,215,10,1,24,1,2,Germany,Berlin,52.51250267430032,13.324436617770202
Kessel2021,Kessel et al. 2021,IG,216,10,1,22,1,1,Germany,Berlin,52.51250267430032,13.324436617770202
Kessel2021,Kessel et al. 2021,IG,217,10,1,19,1,2,Germany,Berlin,52.51250267430032,13.324436617770202
Kessel2021,Kessel et al. 2021,IG,218,10,1,21,0,7,Germany,Berlin,52.51250267430032,13.324436617770202
Kessel2021,Kessel et al. 2021,IG,219,10,1,20,0,2,Germany,Berlin,52.51250267430032,13.324436617770202
Kessel2021,Kessel et al. 2021,IG,220,3,-2.2342999483419623,18,1,7,Germany,Berlin,52.51250267430032,13.324436617770202
Kessel2021,Kessel et al. 2021,IG,221,5,0.7564708303892108,18,1,4,Germany,Berlin,52.51250267430032,13.324436617770202
Kessel2021,Kessel et al. 2021,IG,222,5,0.7564708303892108,30,1,2,Germany,Berlin,52.51250267430032,13.324436617770202
Kessel2021,Kessel et al. 2021,IG,223,4,0.5631708387251978,20,1,6,Germany,Berlin,52.51250267430032,13.324436617770202
Kessel2021,Kessel et al. 2021,IG,224,0,-1,18,0,5,Germany,Berlin,52.51250267430032,13.324436617770202
Kessel2021,Kessel et al. 2021,IG,225,5,0.7564708303892108,21,1,3,Germany,Berlin,52.51250267430032,13.324436617770202
Kessel2021,Kessel et al. 2021,IG,226,6,0.8311764462715479,22,1,1,Germany,Berlin,52.51250267430032,13.324436617770202
Kessel2021,Kessel et al. 2021,IG,227,5,0.7564708303892108,25,1,6,Germany,Berlin,52.51250267430032,13.324436617770202
Kessel2021,Kessel et al. 2021,IG,228,5,0.7564708303892108,24,0,4,Germany,Berlin,52.51250267430032,13.324436617770202
Kessel2021,Kessel et al. 2021,IG,229,10,1,25,0,7,Germany,Berlin,52.51250267430032,13.324436617770202
Kessel2021,Kessel et al. 2021,IG,230,5,0.7564708303892108,29,1,4,Germany,Berlin,52.51250267430032,13.324436617770202
Kessel2021,Kessel et al. 2021,IG,231,10,1,26,1,2,Germany,Berlin,52.51250267430032,13.324436617770202
Kessel2021,Kessel et al. 2021,IG,232,5,0.7564708303892108,22,1,2,Germany,Berlin,52.51250267430032,13.324436617770202
Kessel2021,Kessel et al. 2021,IG,233,10,1,23,0,7,Germany,Berlin,52.51250267430032,13.324436617770202
Kessel2021,Kessel et al. 2021,IG,234,5,0.7564708303892108,19,1,3,Germany,Berlin,52.51250267430032,13.324436617770202
Kessel2021,Kessel et al. 2021,IG,235,5,0.7564708303892108,20,0,3,Germany,Berlin,52.51250267430032,13.324436617770202
Kessel2021,Kessel et al. 2021,IG,236,10,1,19,0,8,Germany,Berlin,52.51250267430032,13.324436617770202
Kessel2021,Kessel et al. 2021,IG,237,5,0.7564708303892108,27,1,3,Germany,Berlin,52.51250267430032,13.324436617770202
Kessel2021,Kessel et al. 2021,IG,238,10,1,23,0,4,Germany,Berlin,52.51250267430032,13.324436617770202
Kessel2021,Kessel et al. 2021,IG,239,10,1,23,0,8,Germany,Berlin,52.51250267430032,13.324436617770202
Kessel2021,Kessel et al. 2021,IG,240,10,1,35,1,3,Germany,Berlin,52.51250267430032,13.324436617770202
Kessel2021,Kessel et al. 2021,IG,241,2,1.4747697218455962,19,1,4,Germany,Berlin,52.51250267430032,13.324436617770202
Kessel2021,Kessel et al. 2021,IG,242,7,0.8734718985173253,19,1,3,Germany,Berlin,52.51250267430032,13.324436617770202
Kessel2021,Kessel et al. 2021,IG,243,10,1,22,1,10,Germany,Berlin,52.51250267430032,13.324436617770202
Kessel2021,Kessel et al. 2021,IG,244,5,0.7564708303892108,23,1,4,Germany,Berlin,52.51250267430032,13.324436617770202
Kessel2021,Kessel et al. 2021,IG,245,10,1,27,1,8,Germany,Berlin,52.51250267430032,13.324436617770202
Kessel2021,Kessel et al. 2021,IG,246,10,1,18,0,4,Germany,Berlin,52.51250267430032,13.324436617770202
Kessel2021,Kessel et al. 2021,IG,247,10,1,19,0,3,Germany,Berlin,52.51250267430032,13.324436617770202
Kessel2021,Kessel et al. 2021,IG,248,5,0.7564708303892108,19,1,7,Germany,Berlin,52.51250267430032,13.324436617770202
Kessel2021,Kessel et al. 2021,IG,249,10,1,19,0,7,Germany,Berlin,52.51250267430032,13.324436617770202
Kessel2021,Kessel et al. 2021,IG,250,0,-1,22,1,7,Germany,Berlin,52.51250267430032,13.324436617770202
Kessel2021,Kessel et al. 2021,IG,251,2,1.4747697218455962,20,0,3,Germany,Berlin,52.51250267430032,13.324436617770202
Kessel2021,Kessel et al. 2021,IG,252,10,1,23,0,2,Germany,Berlin,52.51250267430032,13.324436617770202
Kessel2021,Kessel et al. 2021,IG,253,10,1,19,1,5,Germany,Berlin,52.51250267430032,13.324436617770202
Kessel2021,Kessel et al. 2021,IG,254,5,0.7564708303892108,23,1,6,Germany,Berlin,52.51250267430032,13.324436617770202
Kessel2021,Kessel et al. 2021,IG,255,5,0.7564708303892108,27,0,6,Germany,Berlin,52.51250267430032,13.324436617770202
Kessel2021,Kessel et al. 2021,IG,256,10,1,23,1,1,Germany,Berlin,52.51250267430032,13.324436617770202
Kessel2021,Kessel et al. 2021,IG,257,9,0.9283306834815038,27,1,3,Germany,Berlin,52.51250267430032,13.324436617770202
Kessel2021,Kessel et al. 2021,IG,258,8,0.9030900026802242,30,1,2,Germany,Berlin,52.51250267430032,13.324436617770202
Kessel2021,Kessel et al. 2021,IG,259,5,0.7564708303892108,28,0,3,Germany,Berlin,52.51250267430032,13.324436617770202
Kessel2021,Kessel et al. 2021,IG,260,6,0.8311764462715479,24,0,6,Germany,Berlin,52.51250267430032,13.324436617770202
Kessel2021,Kessel et al. 2021,IG,261,10,1,21,0,9,Germany,Berlin,52.51250267430032,13.324436617770202
Kessel2021,Kessel et al. 2021,IG,262,10,1,31,0,1,Germany,Berlin,52.51250267430032,13.324436617770202
Kessel2021,Kessel et al. 2021,IG,263,4,0.5631708387251978,25,0,3,Germany,Berlin,52.51250267430032,13.324436617770202
Kessel2021,Kessel et al. 2021,IG,264,1,1.17420376948941,40,1,2,Germany,Berlin,52.51250267430032,13.324436617770202
Kessel2021,Kessel et al. 2021,IG,265,8,0.9030900026802242,33,0,7,Germany,Berlin,52.51250267430032,13.324436617770202
Kessel2021,Kessel et al. 2021,IG,266,4,0.5631708387251978,34,0,5,Germany,Berlin,52.51250267430032,13.324436617770202
Kessel2021,Kessel et al. 2021,IG,267,6,0.8311764462715479,20,1,9,Germany,Berlin,52.51250267430032,13.324436617770202
Kessel2021,Kessel et al. 2021,IG,268,5,0.7564708303892108,19,0,7,Germany,Berlin,52.51250267430032,13.324436617770202
Kessel2021,Kessel et al. 2021,IG,269,5,0.7564708303892108,17,0,7,Germany,Berlin,52.51250267430032,13.324436617770202
Kessel2021,Kessel et al. 2021,IG,270,5,0.7564708303892108,25,0,7,Germany,Berlin,52.51250267430032,13.324436617770202
Kessel2021,Kessel et al. 2021,IG,271,10,1,24,0,9,Germany,Berlin,52.51250267430032,13.324436617770202
Kessel2021,Kessel et al. 2021,IG,272,6,0.8311764462715479,22,0,8,Germany,Berlin,52.51250267430032,13.324436617770202
Kessel2021,Kessel et al. 2021,IG,273,10,1,26,1,6,Germany,Berlin,52.51250267430032,13.324436617770202
Kessel2021,Kessel et al. 2021,IG,274,10,1,17,0,5,Germany,Berlin,52.51250267430032,13.324436617770202
Kessel2021,Kessel et al. 2021,IG,275,10,1,27,0,6,Germany,Berlin,52.51250267430032,13.324436617770202
Kessel2021,Kessel et al. 2021,IG,276,10,1,23,1,7,Germany,Berlin,52.51250267430032,13.324436617770202
Kessel2021,Kessel et al. 2021,IG,277,5,0.7564708303892108,22,0,7,Germany,Berlin,52.51250267430032,13.324436617770202
Kessel2021,Kessel et al. 2021,IG,278,10,1,22,0,7,Germany,Berlin,52.51250267430032,13.324436617770202
Kessel2021,Kessel et al. 2021,IG,279,5,0.7564708303892108,23,1,6,Germany,Berlin,52.51250267430032,13.324436617770202
Kessel2021,Kessel et al. 2021,IG,280,5,0.7564708303892108,22,1,4,Germany,Berlin,52.51250267430032,13.324436617770202
Kessel2021,Kessel et al. 2021,IG,281,10,1,23,0,8,Germany,Berlin,52.51250267430032,13.324436617770202
Kessel2021,Kessel et al. 2021,IG,282,10,1,18,1,3,Germany,Berlin,52.51250267430032,13.324436617770202
Kessel2021,Kessel et al. 2021,IG,283,7,0.8734718985173253,25,1,8,Germany,Berlin,52.51250267430032,13.324436617770202
Kessel2021,Kessel et al. 2021,IG,284,2,1.4747697218455962,26,1,2,Germany,Berlin,52.51250267430032,13.324436617770202
Kessel2021,Kessel et al. 2021,IG,285,10,1,22,0,5,Germany,Berlin,52.51250267430032,13.324436617770202
Kessel2021,Kessel et al. 2021,IG,286,6,0.8311764462715479,18,0,7,Germany,Berlin,52.51250267430032,13.324436617770202
Kessel2021,Kessel et al. 2021,IG,287,10,1,19,1,4,Germany,Berlin,52.51250267430032,13.324436617770202
Kessel2021,Kessel et al. 2021,IG,288,4,0.5631708387251978,33,1,4,Germany,Berlin,52.51250267430032,13.324436617770202
Kessel2021,Kessel et al. 2021,IG,289,3,-2.2342999483419623,29,0,8,Germany,Berlin,52.51250267430032,13.324436617770202
Kessel2021,Kessel et al. 2021,IG,290,5,0.7564708303892108,22,1,2,Germany,Berlin,52.51250267430032,13.324436617770202
Kessel2021,Kessel et al. 2021,IG,291,5,0.7564708303892108,21,0,6,Germany,Berlin,52.51250267430032,13.324436617770202
Kessel2021,Kessel et al. 2021,IG,292,10,1,21,1,2,Germany,Berlin,52.51250267430032,13.324436617770202
Kessel2021,Kessel et al. 2021,IG,293,4,0.5631708387251978,25,0,7,Germany,Berlin,52.51250267430032,13.324436617770202
Kessel2021,Kessel et al. 2021,IG,294,7,0.8734718985173253,20,1,1,Germany,Berlin,52.51250267430032,13.324436617770202
Kessel2021,Kessel et al. 2021,IG,295,5,0.7564708303892108,22,1,3,Germany,Berlin,52.51250267430032,13.324436617770202
Kessel2021,Kessel et al. 2021,IG,296,10,1,28,1,0,Germany,Berlin,52.51250267430032,13.324436617770202
Kessel2021,Kessel et al. 2021,IG,297,4,0.5631708387251978,23,1,5,Germany,Berlin,52.51250267430032,13.324436617770202
Kessel2021,Kessel et al. 2021,IG,298,5,0.7564708303892108,24,1,1,Germany,Berlin,52.51250267430032,13.324436617770202
Kessel2021,Kessel et al. 2021,IG,299,10,1,26,0,5,Germany,Berlin,52.51250267430032,13.324436617770202
Kessel2021,Kessel et al. 2021,IG,300,6,0.8311764462715479,21,1,2,Germany,Berlin,52.51250267430032,13.324436617770202
Kessel2021,Kessel et al. 2021,IG,301,10,1,33,1,2,Germany,Berlin,52.51250267430032,13.324436617770202
Kessel2021,Kessel et al. 2021,IG,302,10,1,24,0,7,Germany,Berlin,52.51250267430032,13.324436617770202
Kessel2021,Kessel et al. 2021,IG,303,10,1,30,1,4,Germany,Berlin,52.51250267430032,13.324436617770202
Kessel2021,Kessel et al. 2021,IG,304,5,0.7564708303892108,34,0,8,Germany,Berlin,52.51250267430032,13.324436617770202
Kessel2021,Kessel et al. 2021,IG,305,10,1,24,0,9,Germany,Berlin,52.51250267430032,13.324436617770202
Kessel2021,Kessel et al. 2021,IG,306,10,1,19,0,8,Germany,Berlin,52.51250267430032,13.324436617770202
Kessel2021,Kessel et al. 2021,IG,307,7,0.8734718985173253,21,1,2,Germany,Berlin,52.51250267430032,13.324436617770202
Kessel2021,Kessel et al. 2021,IG,308,10,1,27,0,7,Germany,Berlin,52.51250267430032,13.324436617770202
Kessel2021,Kessel et al. 2021,IG,309,10,1,20,0,2,Germany,Berlin,52.51250267430032,13.324436617770202
Kessel2021,Kessel et al. 2021,IG,310,10,1,26,0,2,Germany,Berlin,52.51250267430032,13.324436617770202
Kessel2021,Kessel et al. 2021,IG,311,7,0.8734718985173253,26,1,6,Germany,Berlin,52.51250267430032,13.324436617770202
Kessel2021,Kessel et al. 2021,IG,312,10,1,27,0,6,Germany,Berlin,52.51250267430032,13.324436617770202
Kessel2021,Kessel et al. 2021,IG,313,10,1,24,0,6,Germany,Berlin,52.51250267430032,13.324436617770202
Kessel2021,Kessel et al. 2021,IG,314,9,0.9283306834815038,22,0,5,Germany,Berlin,52.51250267430032,13.324436617770202
Kessel2021,Kessel et al. 2021,IG,315,10,1,23,0,8,Germany,Berlin,52.51250267430032,13.324436617770202
Kessel2021,Kessel et al. 2021,IG,316,6,0.8311764462715479,34,0,7,Germany,Berlin,52.51250267430032,13.324436617770202
Kessel2021,Kessel et al. 2021,IG,317,5,0.7564708303892108,22,1,2,Germany,Berlin,52.51250267430032,13.324436617770202
Kessel2021,Kessel et al. 2021,IG,318,10,1,27,0,3,Germany,Berlin,52.51250267430032,13.324436617770202
Kessel2021,Kessel et al. 2021,IG,319,10,1,18,1,6,Germany,Berlin,52.51250267430032,13.324436617770202
Kessel2021,Kessel et al. 2021,IG,320,5,0.7564708303892108,24,1,5,Germany,Berlin,52.51250267430032,13.324436617770202
Kessel2021,Kessel et al. 2021,IG,321,5,0.7564708303892108,22,0,7,Germany,Berlin,52.51250267430032,13.324436617770202
Kessel2021,Kessel et al. 2021,IG,322,10,1,31,0,5,Germany,Berlin,52.51250267430032,13.324436617770202
Kessel2021,Kessel et al. 2021,IG,323,4,0.5631708387251978,20,0,3,Germany,Berlin,52.51250267430032,13.324436617770202
Kessel2021,Kessel et al. 2021,IG,324,4,0.5631708387251978,19,0,3,Germany,Berlin,52.51250267430032,13.324436617770202
Kessel2021,Kessel et al. 2021,IG,325,5,0.7564708303892108,29,1,3,Germany,Berlin,52.51250267430032,13.324436617770202
Kessel2021,Kessel et al. 2021,IG,326,5,0.7564708303892108,23,1,7,Germany,Berlin,52.51250267430032,13.324436617770202
Kessel2021,Kessel et al. 2021,IG,327,10,1,24,1,6,Germany,Berlin,52.51250267430032,13.324436617770202
Kessel2021,Kessel et al. 2021,IG,328,10,1,21,0,8,Germany,Berlin,52.51250267430032,13.324436617770202
Kessel2021,Kessel et al. 2021,IG,329,4,0.5631708387251978,22,0,10,Germany,Berlin,52.51250267430032,13.324436617770202
Kessel2021,Kessel et al. 2021,IG,330,10,1,25,1,4,Germany,Berlin,52.51250267430032,13.324436617770202
Kessel2021,Kessel et al. 2021,IG,331,5,0.7564708303892108,26,1,3,Germany,Berlin,52.51250267430032,13.324436617770202
Kessel2021,Kessel et al. 2021,IG,332,10,1,29,1,8,Germany,Berlin,52.51250267430032,13.324436617770202
Kessel2021,Kessel et al. 2021,IG,333,2,1.4747697218455962,23,0,3,Germany,Berlin,52.51250267430032,13.324436617770202
Kessel2021,Kessel et al. 2021,IG,334,6,0.8311764462715479,20,1,3,Germany,Berlin,52.51250267430032,13.324436617770202
Kessel2021,Kessel et al. 2021,IG,335,5,0.7564708303892108,38,0,9,Germany,Berlin,52.51250267430032,13.324436617770202
Kessel2021,Kessel et al. 2021,IG,336,10,1,25,1,3,Germany,Berlin,52.51250267430032,13.324436617770202
Kessel2021,Kessel et al. 2021,IG,337,5,0.7564708303892108,26,0,8,Germany,Berlin,52.51250267430032,13.324436617770202
Kessel2021,Kessel et al. 2021,IG,338,4,0.5631708387251978,27,0,7,Germany,Berlin,52.51250267430032,13.324436617770202
Kessel2021,Kessel et al. 2021,IG,339,7,0.8734718985173253,33,0,4,Germany,Berlin,52.51250267430032,13.324436617770202
Kessel2021,Kessel et al. 2021,IG,340,0,-1,21,1,8,Germany,Berlin,52.51250267430032,13.324436617770202
Kessel2021,Kessel et al. 2021,IG,341,10,1,23,0,4,Germany,Berlin,52.51250267430032,13.324436617770202
Kessel2021,Kessel et al. 2021,IG,342,10,1,25,0,9,Germany,Berlin,52.51250267430032,13.324436617770202
Kessel2021,Kessel et al. 2021,IG,343,5,0.7564708303892108,23,1,4,Germany,Berlin,52.51250267430032,13.324436617770202
Kessel2021,Kessel et al. 2021,IG,344,10,1,25,0,7,Germany,Berlin,52.51250267430032,13.324436617770202
Kessel2021,Kessel et al. 2021,IG,345,10,1,22,1,8,Germany,Berlin,52.51250267430032,13.324436617770202
Kessel2021,Kessel et al. 2021,IG,346,10,1,21,0,8,Germany,Berlin,52.51250267430032,13.324436617770202
Kessel2021,Kessel et al. 2021,IG,347,5,0.7564708303892108,23,1,5,Germany,Berlin,52.51250267430032,13.324436617770202
Kessel2021,Kessel et al. 2021,IG,348,4,0.5631708387251978,16,1,8,Germany,Berlin,52.51250267430032,13.324436617770202
Kessel2021,Kessel et al. 2021,IG,349,2,1.4747697218455962,28,1,1,Germany,Berlin,52.51250267430032,13.324436617770202
Kessel2021,Kessel et al. 2021,IG,350,5,0.7564708303892108,22,0,7,Germany,Berlin,52.51250267430032,13.324436617770202
Kessel2021,Kessel et al. 2021,IG,351,10,1,22,0,9,Germany,Berlin,52.51250267430032,13.324436617770202
Kessel2021,Kessel et al. 2021,IG,352,4,0.5631708387251978,25,1,5,Germany,Berlin,52.51250267430032,13.324436617770202
Kessel2021,Kessel et al. 2021,IG,353,5,0.7564708303892108,21,0,2,Germany,Berlin,52.51250267430032,13.324436617770202
Kessel2021,Kessel et al. 2021,IG,354,10,1,25,0,2,Germany,Berlin,52.51250267430032,13.324436617770202
Kessel2021,Kessel et al. 2021,IG,355,10,1,18,0,8,Germany,Berlin,52.51250267430032,13.324436617770202
Kessel2021,Kessel et al. 2021,IG,356,10,1,21,0,6,Germany,Berlin,52.51250267430032,13.324436617770202
Kessel2021,Kessel et al. 2021,IG,357,3,-2.2342999483419623,21,1,3,Germany,Berlin,52.51250267430032,13.324436617770202
Kessel2021,Kessel et al. 2021,IG,358,10,1,18,0,4,Germany,Berlin,52.51250267430032,13.324436617770202
Kessel2021,Kessel et al. 2021,IG,359,5,0.7564708303892108,26,1,3,Germany,Berlin,52.51250267430032,13.324436617770202
Kessel2021,Kessel et al. 2021,IG,360,10,1,18,0,5,Germany,Berlin,52.51250267430032,13.324436617770202
Kessel2021,Kessel et al. 2021,IG,361,10,1,28,0,6,Germany,Berlin,52.51250267430032,13.324436617770202
Kessel2021,Kessel et al. 2021,IG,362,5,0.7564708303892108,35,1,1,Germany,Berlin,52.51250267430032,13.324436617770202
Kessel2021,Kessel et al. 2021,IG,363,5,0.7564708303892108,22,0,5,Germany,Berlin,52.51250267430032,13.324436617770202
Kessel2021,Kessel et al. 2021,IG,364,10,1,22,0,8,Germany,Berlin,52.51250267430032,13.324436617770202
Kessel2021,Kessel et al. 2021,IG,365,10,1,21,0,5,Germany,Berlin,52.51250267430032,13.324436617770202
Kessel2021,Kessel et al. 2021,IG,366,10,1,18,0,10,Germany,Berlin,52.51250267430032,13.324436617770202
Kessel2021,Kessel et al. 2021,IG,367,10,1,19,0,7,Germany,Berlin,52.51250267430032,13.324436617770202
Kessel2021,Kessel et al. 2021,IG,368,10,1,27,0,2,Germany,Berlin,52.51250267430032,13.324436617770202
Kessel2021,Kessel et al. 2021,IG,369,0,-1,25,0,5,Germany,Berlin,52.51250267430032,13.324436617770202
Kessel2021,Kessel et al. 2021,IG,370,10,1,20,0,5,Germany,Berlin,52.51250267430032,13.324436617770202
Kessel2021,Kessel et al. 2021,IG,371,5,0.7564708303892108,22,1,0,Germany,Berlin,52.51250267430032,13.324436617770202
Kessel2021,Kessel et al. 2021,IG,372,10,1,24,1,7,Germany,Berlin,52.51250267430032,13.324436617770202
Kessel2021,Kessel et al. 2021,IG,373,6,0.8311764462715479,27,0,2,Germany,Berlin,52.51250267430032,13.324436617770202
Kessel2021,Kessel et al. 2021,IG,374,6,0.8311764462715479,23,1,6,Germany,Berlin,52.51250267430032,13.324436617770202
