"partid","R","H","CV"
64000401,0.54,0.74,0.32
64004701,0.7,0.74,0.34
64006401,0.5,0.74,0.34
64006901,0.48,0.66,0.5
64007901,0.4,0.76,0.36
64008701,0.38,0.82,0.3
64011501,0.38,0.86,0.38
64015601,0.48,0.76,0.42
64016901,0.48,0.8,0.34
64018301,0.34,0.62,0.5
64020401,0.42,0.9,0.34
64020501,0.46,0.78,0.26
64021901,0.44,0.8,0.4
64022901,0.66,0.64,0.4
64025601,0.44,0.86,0.3
64026901,0.46,0.78,0.42
64027801,0.52,0.82,0.3
64029901,0.52,0.54,0.58
64031301,0.44,0.78,0.36
64034901,0.4,0.74,0.4
64036201,0.62,0.42,0.58
64036701,0.36,0.62,0.4
64037701,0.48,0.82,0.22
64039601,0.52,0.7,0.36
64042701,0.48,0.44,0.48
64046301,0.46,0.86,0.3
64047801,0.36,0.66,0.44
64049601,0.52,0.54,0.18
64049701,0.4,0.76,0.26
64051301,0.4,0.76,0.28
64051501,0.42,0.8,0.36
64052901,0.4,0.68,0.42
64053701,0.42,0.8,0.32
64055001,0.44,0.8,0.36
64056701,0.54,0.72,0.38
64057101,0.36,0.78,0.34
64057201,0.52,0.76,0.46
64057901,0.42,0.82,0.4
64058101,0.3,0.76,0.4
64058701,0.38,0.78,0.32
64059001,0.44,0.78,0.34
64060701,0.5,0.86,0.38
64061701,0.48,0.8,0.34
64061901,0.32,0.36,0.64
64063501,0.58,0.86,0.3
64063601,0.4,0.74,0.4
64066601,0.5,0.84,0.32
64067701,0.42,0.8,0.32
64068201,0.6,0.62,0.44
64069001,0.42,0.86,0.28
64069401,0.48,0.86,0.34
64069501,0.46,0.64,0.42
64069601,0.46,0.82,0.38
64070201,0.48,0.76,0.4
64070601,0.44,0.76,0.32
64071401,0.38,0.72,0.32
64072601,0.5,0.64,0.54
64072701,0.48,0.72,0.32
64072901,0.54,0.86,0.3
64073001,0.52,0.86,0.18
64073201,0.6,0.42,0.54
64073501,0.34,0.72,0.28
64075601,0.38,0.44,0.58
64075801,0.4,0.7,0.3
64076301,0.44,0.74,0.34
64079401,0.38,0.76,0.36
64079601,0.38,0.84,0.32
64079801,0.54,0.62,0.48
64080101,0.42,0.74,0.3
64081701,0.48,0.82,0.3
64082001,0.44,0.78,0.46
64082301,0.44,0.76,0.4
64083001,0.32,0.64,0.42
64083901,0.56,0.6,0.52
64084601,0.48,0.9,0.34
64085501,0.5,0.56,0.64
64086301,0.48,0.9,0.34
64088601,0.48,0.76,0.44
64089401,0.54,0.76,0.38
64089701,0.46,0.68,0.46
64090101,0.48,0.92,0.28
64090301,0.5,0.7,0.32
64090901,0.54,0.68,0.5
64092901,0.4,0.76,0.36
64093501,0.52,0.76,0.3
64094201,0.44,0.72,0.5
64096601,0.32,0.68,0.38
64098201,0.36,0.68,0.54
64099201,0.46,0.9,0.3
64100101,0.46,0.9,0.34
64100701,0.46,0.64,0.54
64100901,0.38,0.68,0.46
64101101,0.48,0.76,0.38
64102101,0.38,0.6,0.6
64102401,0.44,0.54,0.42
64102801,0.4,0.78,0.34
64103301,0.36,0.62,0.5
64103801,0.46,0.8,0.42
64104501,0.5,0.74,0.48
64104601,0.28,0.62,0.46
64105101,0.42,0.74,0.38
64109601,0.42,0.64,0.34
64110701,0.48,0.64,0.44
64111001,0.42,0.82,0.36
64111201,0.58,0.76,0.28
64112901,0.48,0.8,0.32
64113001,0.52,0.54,0.6
64114801,0.4,0.6,0.44
64115101,0.44,0.76,0.26
64115601,0.46,0.84,0.36
64116101,0.48,0.66,0.38
64116201,0.42,0.7,0.38
64116301,0.48,0.84,0.4
64116901,0.44,0.74,0.44
64117601,0.46,0.82,0.32
64118001,0.38,0.72,0.52
64118401,0.56,0.46,0.7
64118601,0.46,0.76,0.44
64120001,0.42,0.8,0.28
64120201,0.56,0.56,0.38
64120701,0.5,0.66,0.48
64121001,0.58,0.74,0.34
64121601,0.42,0.7,0.4
64122901,0.42,0.7,0.46
64124501,0.46,0.82,0.26
64125001,0.54,0.78,0.36
64125601,0.5,0.78,0.42
64126601,0.46,0.62,0.5
64126701,0.4,0.78,0.34
64127001,0.32,0.76,0.4
64127201,0.42,0.68,0.32
64127301,0.5,0.72,0.5
64129001,0.5,0.84,0.36
64129201,0.38,0.82,0.36
64129701,0.48,0.82,0.34
64130101,0.52,0.82,0.34
64130201,0.44,0.56,0.5
64130901,0.56,0.74,0.36
64131001,0.44,0.82,0.38
64131501,0.58,0.76,0.44
64134301,0.46,0.9,0.32
64134801,0.48,0.46,0.64
64135001,0.5,0.44,0.54
64136701,0.54,0.8,0.42
64136801,0.3,0.6,0.48
64137401,0.48,0.66,0.54
64138101,0.46,0.66,0.42
64138301,0.42,0.8,0.36
64139201,0.5,0.8,0.34
64139301,0.46,0.7,0.42
64139401,0.48,0.88,0.34
64141301,0.44,0.7,0.46
64141701,0.44,0.74,0.38
64142601,0.44,0.8,0.32
64143401,0.58,0.74,0.36
64144101,0.4,0.76,0.28
64144501,0.48,0.78,0.46
64144601,0.42,0.86,0.38
64146301,0.42,0.78,0.4
64146901,0.4,0.56,0.6
64148301,0.44,0.66,0.34
64148601,0.5,0.82,0.38
64148801,0.52,0.84,0.34
64149401,0.42,0.72,0.32
64149901,0.48,0.84,0.4
64150101,0.44,0.78,0.42
64150401,0.6,0.66,0.34
64151401,0.52,0.74,0.36
64152701,0.42,0.8,0.36
64153601,0.4,0.74,0.34
64153801,0.46,0.7,0.4
64154201,0.4,0.76,0.24
64154401,0.42,0.76,0.32
64154501,0.44,0.74,0.46
64154901,0.46,0.3,0.78
64155101,0.54,0.48,0.54
64155301,0.54,0.84,0.36
64156501,0.44,0.44,0.66
64156901,0.5,0.72,0.5
64157801,0.34,0.76,0.38
64158001,0.5,0.54,0.64
64158201,0.58,0.74,0.26
64159301,0.48,0.86,0.34
64160101,0.38,0.78,0.34
64161401,0.46,0.8,0.4
64161601,0.4,0.6,0.36
64162001,0.42,0.88,0.28
64162701,0.42,0.8,0.36
64163801,0.48,0.7,0.38
64164801,0.56,0.82,0.36
64165001,0.62,0.72,0.3
64165601,0.3,0.72,0.4
64165701,0.48,0.64,0.4
64166501,0.46,0.76,0.38
64166701,0.36,0.62,0.48
64167601,0.58,0.66,0.48
64167801,0.54,0.72,0.22
64167901,0.6,0.74,0.44
64168101,0.5,0.78,0.46
64169101,0.5,0.86,0.4
64170001,0.46,0.68,0.32
64170601,0.36,0.72,0.3
64171101,0.56,0.42,0.44
64171601,0.44,0.74,0.42
64171801,0.46,0.8,0.44
64172901,0.44,0.78,0.42
64173401,0.42,0.78,0.4
64173601,0.48,0.48,0.56
64174501,0.56,0.7,0.34
64174801,0.6,0.82,0.34
64174901,0.36,0.76,0.34
64175001,0.54,0.8,0.3
64175101,0.48,0.84,0.38
64176001,0.5,0.5,0.62
64176201,0.46,0.92,0.32
64176401,0.44,0.46,0.66
64176501,0.3,0.74,0.4
64176601,0.5,0.72,0.5
64176801,0.56,0.62,0.5
64177901,0.5,0.76,0.32
64178801,0.38,0.82,0.3
64179101,0.52,0.72,0.42
64179301,0.42,0.78,0.3
64179701,0.38,0.78,0.46
64180001,0.6,0.84,0.32
64180601,0.38,0.56,0.5
64181101,0.4,0.74,0.5
64181301,0.36,0.46,0.66
64181801,0.36,0.7,0.4
64181901,0.5,0.84,0.34
64182001,0.44,0.46,0.54
64182201,0.44,0.84,0.3
64182301,0.6,0.84,0.38
64182501,0.4,0.74,0.38
64182701,0.46,0.4,0.72
64182801,0.36,0.72,0.36
64183001,0.44,0.74,0.38
64183101,0.46,0.8,0.28
64183201,0.38,0.62,0.42
64183301,0.56,0.66,0.42
64183501,0.42,0.68,0.48
64184101,0.38,0.66,0.44
64184701,0.34,0.46,0.66
64184901,0.58,0.68,0.42
64185101,0.48,0.76,0.34
64186001,0.66,0.72,0.4
64186401,0.44,0.66,0.56
64186801,0.58,0.72,0.38
64187001,0.54,0.7,0.48
64187101,0.4,0.76,0.34
64187301,0.58,0.78,0.38
64188401,0.34,0.8,0.4
64188901,0.5,0.76,0.4
64189101,0.52,0.72,0.38
64189201,0.5,0.84,0.34
64190101,0.5,0.72,0.32
64190201,0.36,0.8,0.4
64190401,0.52,0.82,0.26
64190501,0.36,0.76,0.36
64191901,0.5,0.64,0.48
64192101,0.36,0.74,0.38
64192801,0.58,0.8,0.3
64193501,0.46,0.86,0.3
64193601,0.42,0.78,0.42
64194201,0.42,0.84,0.32
64194501,0.58,0.52,0.5
64194701,0.46,0.76,0.32
64195101,0.46,0.86,0.38
64195201,0.4,0.78,0.36
64195501,0.52,0.76,0.46
64195601,0.5,0.78,0.46
64196601,0.42,0.82,0.44
64196701,0.58,0.74,0.38
64197801,0.46,0.84,0.4
64198101,0.34,0.66,0.52
64198701,0.46,0.82,0.3
64199201,0.44,0.7,0.42
64199301,0.52,0.58,0.58
64199601,0.6,0.84,0.34
64200501,0.56,0.6,0.42
64200601,0.44,0.72,0.28
64200901,0.48,0.82,0.34
64202001,0.54,0.8,0.36
64202201,0.52,0.86,0.34
64202501,0.44,0.66,0.38
64202601,0.44,0.84,0.28
64202701,0.42,0.8,0.36
64202901,0.42,0.48,0.54
64204201,0.38,0.82,0.38
64204501,0.42,0.78,0.3
64204601,0.4,0.66,0.46
64204701,0.6,0.78,0.36
64205801,0.46,0.8,0.38
64205901,0.46,0.84,0.28
64206701,0.4,0.82,0.42
64207301,0.62,0.44,0.6
64207801,0.34,0.8,0.38
64207901,0.5,0.8,0.28
64209301,0.44,0.78,0.34
64211001,0.52,0.74,0.34
64212701,0.48,0.88,0.32
65000201,0.52,0.88,0.34
65000301,0.56,0.84,0.32
65000501,0.5,0.62,0.46
65000601,0.48,0.7,0.42
65000701,0.52,0.64,0.38
65000801,0.54,0.8,0.36
65000901,0.48,0.82,0.34
65001001,0.54,0.8,0.32
65001101,0.48,0.86,0.34
65001201,0.46,0.7,0.34
65001301,0.4,0.82,0.34
65001401,0.42,0.78,0.36
65001501,0.54,0.8,0.34
65001601,0.52,0.9,0.36
65001701,0.48,0.84,0.36
65001801,0.42,0.86,0.38
65001901,0.4,0.76,0.38
65002001,0.4,0.88,0.4
65002101,0.54,0.78,0.48
65002201,0.52,0.86,0.36
65002301,0.6,0.72,0.4
65002401,0.5,0.82,0.3
65002501,0.5,0.88,0.34
65002601,0.6,0.32,0.76
65002701,0.44,0.74,0.38
65002801,0.5,0.82,0.4
65002901,0.46,0.76,0.36
65003001,0.36,0.62,0.44
65003101,0.44,0.7,0.38
65003201,0.44,0.72,0.5
65003301,0.32,0.76,0.44
65003401,0.48,0.92,0.32
65003501,0.42,0.82,0.34
65003601,0.42,0.78,0.34
65003701,0.42,0.82,0.42
65003801,0.44,0.86,0.4
65003901,0.46,0.6,0.56
65004001,0.46,0.84,0.4
65004101,0.58,0.68,0.46
65004201,0.52,0.72,0.38
65004301,0.44,0.76,0.42
65004401,0.38,0.68,0.4
65004501,0.66,0.62,0.24
65004601,0.42,0.78,0.38
65004701,0.46,0.9,0.36
65004801,0.48,0.74,0.36
65004901,0.52,0.84,0.3
65005001,0.42,0.74,0.32
65005101,0.52,0.86,0.32
65005201,0.44,0.68,0.42
65005301,0.48,0.86,0.22
65005401,0.48,0.86,0.34
65005501,0.62,0.74,0.42
65005601,0.56,0.88,0.3
65005701,0.52,0.64,0.4
65005801,0.48,0.74,0.42
65005901,0.5,0.62,0.48
65006001,0.4,0.74,0.3
65006101,0.52,0.9,0.34
65006201,0.38,0.44,0.62
65006301,0.38,0.46,0.52
65006401,0.5,0.8,0.4
65006501,0.5,0.76,0.28
65006601,0.5,0.72,0.36
65006701,0.46,0.8,0.46
65006801,0.5,0.84,0.3
65006901,0.46,0.72,0.42
65007001,0.52,0.84,0.3
65007101,0.38,0.82,0.3
65007201,0.56,0.72,0.48
65007301,0.38,0.72,0.46
65007401,0.54,0.86,0.3
65007501,0.52,0.76,0.44
65007601,0.38,0.62,0.5
65007701,0.52,0.8,0.3
65007801,0.54,0.74,0.36
65007901,0.5,0.76,0.36
65008001,0.6,0.84,0.3
65008101,0.44,0.72,0.36
65008201,0.38,0.84,0.32
65008301,0.74,0.34,0.64
65008401,0.38,0.86,0.3
65008501,0.42,0.78,0.38
65008601,0.48,0.9,0.34
65008701,0.54,0.78,0.36
65008901,0.52,0.58,0.48
65009001,0.38,0.82,0.3
65009101,0.48,0.7,0.38
65009201,0.48,0.8,0.34
65009301,0.56,0.5,0.68
65009401,0.52,0.82,0.34
65009501,0.44,0.72,0.4
65009601,0.48,0.84,0.36
65009701,0.38,0.84,0.4
65009801,0.52,0.82,0.32
65009901,0.5,0.66,0.42
65010001,0.44,0.46,0.56
65010101,0.48,0.74,0.44
65010201,0.44,0.8,0.36
65010301,0.5,0.76,0.28
65010401,0.46,0.84,0.3
65010601,0.5,0.76,0.38
65011001,0.48,0.8,0.42
65011101,0.44,0.8,0.3
65011201,0.4,0.74,0.42
65011301,0.52,0.88,0.26
65011401,0.46,0.76,0.34
65011501,0.52,0.84,0.26
65011601,0.4,0.86,0.42
65011701,0.54,0.66,0.28
65011801,0.44,0.88,0.36
65011901,0.44,0.7,0.46
65012001,0.46,0.52,0.6
65012101,0.44,0.74,0.42
65012201,0.48,0.74,0.48
65012301,0.32,0.66,0.42
65012401,0.54,0.72,0.36
65012501,0.48,0.78,0.42
65012601,0.42,0.68,0.36
65012701,0.44,0.66,0.36
65012801,0.48,0.68,0.36
65012901,0.44,0.84,0.36
65013001,0.48,0.8,0.44
65013101,0.44,0.8,0.26
65013201,0.44,0.48,0.7
65013301,0.52,0.72,0.22
65013401,0.4,0.82,0.34
65013501,0.46,0.72,0.4
65013601,0.42,0.68,0.46
65013701,0.46,0.8,0.36
65013801,0.36,0.76,0.4
65013901,0.46,0.84,0.36
65014001,0.46,0.7,0.34
65014101,0.62,0.74,0.42
65014201,0.62,0.68,0.42
65014401,0.38,0.8,0.4
65014501,0.42,0.42,0.38
65014601,0.38,0.76,0.4
65014701,0.52,0.82,0.34
65014801,0.48,0.88,0.32
65014901,0.52,0.72,0.42
65015401,0.36,0.74,0.38
65015501,0.3,0.66,0.42
65015601,0.38,0.86,0.34
65015801,0.46,0.76,0.36
65015901,0.44,0.68,0.36
65016001,0.48,0.6,0.42
65016101,0.58,0.78,0.34
65016201,0.44,0.8,0.36
65016301,0.4,0.76,0.38
65016401,0.46,0.82,0.3
65016501,0.54,0.74,0.4
65016601,0.46,0.76,0.42
65016701,0.46,0.86,0.22
65016801,0.5,0.84,0.38
65016901,0.52,0.82,0.38
65017001,0.54,0.96,0.24
65017101,0.44,0.64,0.38
65017201,0.5,0.86,0.34
65017301,0.5,0.84,0.32
65017401,0.54,0.9,0.3
65017501,0.42,0.84,0.46
65017601,0.44,0.62,0.42
65017701,0.46,0.82,0.34
65017801,0.52,0.84,0.32
65017901,0.48,0.78,0.32
65018001,0.44,0.78,0.34
65018101,0.44,0.78,0.34
65018201,0.5,0.72,0.34
65018301,0.48,0.86,0.34
65018401,0.52,0.4,0.7
65018501,0.54,0.5,0.64
65018601,0.52,0.54,0.3
65018701,0.44,0.74,0.38
65018801,0.58,0.74,0.32
65018901,0.42,0.88,0.24
65019001,0.4,0.74,0.38
65019101,0.66,0.16,0.82
65019201,0.42,0.7,0.3
65019301,0.48,0.62,0.5
65019401,0.5,0.62,0.4
65019501,0.56,0.76,0.4
65019601,0.46,0.68,0.48
65019701,0.36,0.7,0.38
65019801,0.48,0.72,0.4
65019901,0.52,0.94,0.26
65020001,0.44,0.76,0.44
65020101,0.3,0.78,0.38
65020201,0.48,0.74,0.44
65020301,0.24,0.34,0.68
65020401,0.44,0.9,0.3
65020501,0.42,0.74,0.48
65020601,0.58,0.78,0.48
65020701,0.4,0.78,0.4
65020801,0.46,0.64,0.56
65020901,0.44,0.66,0.42
65021001,0.38,0.74,0.36
65021101,0.44,0.86,0.3
65021201,0.54,0.8,0.42
65021301,0.54,0.74,0.44
65021401,0.48,0.8,0.32
65021501,0.42,0.72,0.4
65021601,0.5,0.52,0.48
65021701,0.42,0.64,0.46
65021801,0.4,0.76,0.28
65022001,0.54,0.8,0.38
65022101,0.42,0.76,0.42
65022201,0.46,0.86,0.32
65022301,0.42,0.76,0.32
65022401,0.56,0.48,0.64
65022501,0.54,0.72,0.38
65022601,0.52,0.68,0.46
65022701,0.4,0.76,0.36
65022801,0.48,0.74,0.34
65022901,0.48,0.7,0.5
65023001,0.6,0.64,0.42
65023101,0.5,0.88,0.28
65023201,0.46,0.72,0.48
65023301,0.44,0.82,0.3
65023401,0.56,0.72,0.38
65023501,0.44,0.82,0.34
65023601,0.46,0.7,0.3
65023701,0.54,0.76,0.32
65023801,0.5,0.7,0.38
65023901,0.48,0.76,0.28
65024001,0.42,0.82,0.34
65024101,0.48,0.66,0.32
65024201,0.44,0.72,0.4
65024301,0.42,0.86,0.38
65024401,0.36,0.74,0.48
65024501,0.36,0.7,0.3
65024601,0.56,0.68,0.46
65024701,0.44,0.94,0.34
65024801,0.56,0.88,0.28
65024901,0.44,0.76,0.38
65025001,0.52,0.8,0.32
65025101,0.48,0.94,0.3
65025201,0.52,0.48,0.7
65025301,0.44,0.74,0.3
65025401,0.44,0.82,0.34
65025601,0.48,0.78,0.26
65025701,0.36,0.62,0.42
65025801,0.62,0.6,0.44
65025901,0.48,0.74,0.46
65026001,0.52,0.64,0.42
65026101,0.48,0.82,0.26
65026201,0.48,0.82,0.38
65026301,0.44,0.74,0.3
65026401,0.48,0.84,0.42
65026501,0.68,0.48,0.56
65026601,0.52,0.86,0.36
65026701,0.42,0.6,0.46
65026801,0.46,0.72,0.42
65026901,0.46,0.8,0.32
65027001,0.42,0.72,0.32
65027101,0.42,0.72,0.36
65027201,0.4,0.74,0.34
65027301,0.48,0.72,0.26
65027401,0.46,0.8,0.34
65027501,0.38,0.76,0.48
65027601,0.42,0.74,0.46
65027701,0.5,0.76,0.48
65027801,0.46,0.78,0.38
65027901,0.48,0.7,0.22
65028001,0.4,0.66,0.46
65028101,0.4,0.7,0.44
65028201,0.54,0.52,0.62
65028301,0.44,0.82,0.26
65028401,0.52,0.76,0.28
65028501,0.42,0.66,0.4
65028601,0.48,0.78,0.22
65028701,0.48,0.72,0.34
65028801,0.44,0.86,0.36
65028901,0.42,0.74,0.26
65029001,0.46,0.78,0.24
65029101,0.42,0.68,0.36
65029201,0.48,0.76,0.38
65029301,0.5,0.8,0.32
65029401,0.54,0.78,0.36
65029501,0.46,0.76,0.36
65029601,0.54,0.88,0.42
65029701,0.48,0.7,0.38
65029801,0.46,0.44,0.48
65029901,0.34,0.66,0.48
65030001,0.5,0.84,0.24
65030101,0.44,0.8,0.28
65030201,0.52,0.88,0.34
65030301,0.38,0.8,0.28
65030401,0.52,0.84,0.38
65030501,0.44,0.88,0.24
65030601,0.42,0.8,0.38
65030701,0.56,0.78,0.36
65030801,0.44,0.72,0.4
65030901,0.4,0.78,0.42
65031001,0.52,0.72,0.48
65031101,0.54,0.84,0.34
65031201,0.38,0.76,0.42
65031301,0.4,0.68,0.42
65031401,0.44,0.8,0.42
65031501,0.52,0.92,0.34
65031601,0.46,0.66,0.4
65031701,0.5,0.9,0.3
65031801,0.46,0.86,0.34
65031901,0.46,0.76,0.32
65032001,0.48,0.74,0.46
65032101,0.46,0.72,0.32
65032201,0.5,0.72,0.32
65032301,0.44,0.82,0.26
65032401,0.52,0.76,0.46
65032501,0.5,0.92,0.28
65032601,0.52,0.84,0.38
65032701,0.48,0.68,0.5
65032801,0.44,0.88,0.32
65032901,0.46,0.86,0.34
65033001,0.5,0.72,0.44
65033101,0.52,0.82,0.38
65033201,0.5,0.82,0.26
65033301,0.54,0.74,0.4
65033401,0.52,0.68,0.44
65033501,0.44,0.88,0.32
65033601,0.48,0.88,0.32
65033701,0.48,0.84,0.28
65033801,0.56,0.68,0.52
65033901,0.4,0.74,0.34
65034001,0.5,0.58,0.48
65034101,0.54,0.48,0.44
65034201,0.44,0.78,0.3
65034301,0.56,0.9,0.26
65034401,0.5,0.9,0.34
65034501,0.3,0.74,0.42
65034601,0.52,0.84,0.3
65034701,0.48,0.76,0.32
65034801,0.48,0.82,0.34
65034901,0.42,0.8,0.34
65035001,0.5,0.8,0.32
65035101,0.48,0.68,0.42
65035201,0.44,0.7,0.3
65035301,0.46,0.74,0.36
65035401,0.5,0.8,0.24
65035501,0.62,0.68,0.48
65035601,0.42,0.74,0.4
65035701,0.52,0.72,0.4
65035801,0.42,0.82,0.34
65035901,0.44,0.84,0.24
65036001,0.4,0.7,0.38
65036101,0.44,0.82,0.34
65036201,0.54,0.28,0.82
65036301,0.52,0.76,0.38
65036401,0.48,0.82,0.32
65036501,0.42,0.7,0.4
65036601,0.52,0.78,0.36
65036701,0.5,0.88,0.3
65036801,0.4,0.8,0.32
65036901,0.46,0.66,0.38
65037001,0.5,0.82,0.4
65037101,0.46,0.84,0.24
65037201,0.4,0.76,0.48
65037301,0.4,0.6,0.38
65037401,0.4,0.82,0.26
65037501,0.48,0.46,0.74
65037601,0.36,0.72,0.38
65037701,0.5,0.78,0.34
65037801,0.4,0.8,0.36
65037901,0.56,0.5,0.5
65038001,0.6,0.42,0.48
65038101,0.52,0.84,0.22
65038201,0.5,0.84,0.24
65038301,0.48,0.8,0.36
65038401,0.48,0.9,0.26
65038501,0.5,0.82,0.38
65038601,0.34,0.66,0.32
65038701,0.44,0.66,0.5
65038801,0.44,0.86,0.34
65038901,0.36,0.74,0.48
65039001,0.4,0.82,0.3
65039101,0.4,0.74,0.42
65039201,0.48,0.7,0.34
65039301,0.46,0.76,0.46
65039401,0.46,0.86,0.34
65039501,0.5,0.76,0.28
65039601,0.52,0.88,0.36
65039701,0.48,0.86,0.34
65039801,0.5,0.8,0.42
65039901,0.44,0.78,0.34
65040001,0.46,0.66,0.5
65040201,0.52,0.78,0.34
65040301,0.42,0.74,0.38
65040401,0.52,0.82,0.38
65040501,0.54,0.84,0.38
65040601,0.44,0.72,0.36
65040701,0.5,0.44,0.72
65040801,0.46,0.88,0.3
65040901,0.5,0.68,0.34
65041001,0.54,0.78,0.42
65041101,0.4,0.48,0.58
65041201,0.48,0.72,0.42
65041301,0.44,0.8,0.4
65041401,0.38,0.78,0.34
65041501,0.36,0.72,0.32
65041601,0.42,0.88,0.36
65041801,0.44,0.76,0.3
65041901,0.52,0.44,0.54
65042001,0.58,0.76,0.42
65042101,0.46,0.84,0.32
65042201,0.44,0.76,0.36
65042301,0.6,0.64,0.46
65042401,0.48,0.84,0.36
65042501,0.46,0.8,0.4
65042601,0.44,0.76,0.38
65042701,0.44,0.72,0.36
65042801,0.42,0.64,0.42
65042901,0.36,0.74,0.5
65043101,0.4,0.68,0.46
65043401,0.44,0.66,0.42
65043501,0.52,0.46,0.54
65043601,0.46,0.74,0.46
65043801,0.48,0.72,0.36
65043901,0.44,0.76,0.42
65044001,0.42,0.76,0.48
65044101,0.5,0.9,0.38
65044201,0.52,0.78,0.42
65044301,0.52,0.52,0.46
65044401,0.38,0.74,0.38
65044501,0.46,0.88,0.36
65044601,0.48,0.7,0.48
65044701,0.44,0.7,0.38
65044801,0.4,0.62,0.56
65044901,0.52,0.76,0.4
65045001,0.46,0.84,0.28
65045101,0.62,0.54,0.52
65045201,0.54,0.82,0.32
65045301,0.5,0.94,0.36
65045401,0.46,0.78,0.34
65045501,0.5,0.84,0.38
65045601,0.42,0.86,0.26
65045701,0.44,0.74,0.44
65045801,0.46,0.88,0.36
65045901,0.5,0.8,0.36
65046001,0.52,0.8,0.34
65046101,0.48,0.7,0.42
65046201,0.36,0.62,0.4
65046301,0.62,0.6,0.34
65046401,0.48,0.72,0.48
65046601,0.5,0.78,0.36
65046701,0.36,0.48,0.62
65046801,0.46,0.78,0.26
65046901,0.4,0.82,0.36
65047001,0.4,0.76,0.36
65047101,0.48,0.84,0.32
65047201,0.46,0.6,0.52
65047301,0.44,0.84,0.42
65047401,0.46,0.78,0.36
65047501,0.46,0.84,0.28
65047601,0.54,0.46,0.56
65047701,0.36,0.82,0.36
65047901,0.4,0.74,0.38
65048001,0.54,0.76,0.32
65048101,0.48,0.74,0.32
65048201,0.42,0.7,0.34
65048301,0.44,0.66,0.48
65048401,0.34,0.72,0.36
65048501,0.5,0.7,0.38
65048601,0.54,0.84,0.32
65048701,0.44,0.72,0.48
65048801,0.46,0.8,0.4
65048901,0.42,0.74,0.44
65049001,0.48,0.52,0.5
65049101,0.46,0.84,0.32
65049301,0.48,0.7,0.46
65049401,0.44,0.74,0.32
65049501,0.44,0.74,0.36
65049601,0.38,0.86,0.34
65049701,0.46,0.94,0.34
65049801,0.54,0.68,0.4
65049901,0.44,0.8,0.34
65050001,0.44,0.82,0.32
65050101,0.46,0.86,0.3
65050301,0.4,0.7,0.4
65050401,0.48,0.86,0.4
65050501,0.48,0.78,0.2
65050601,0.42,0.78,0.32
65050701,0.52,0.56,0.46
65050801,0.5,0.82,0.36
65050901,0.48,0.72,0.38
65051001,0.58,0.78,0.28
65051101,0.4,0.8,0.44
65051201,0.34,0.68,0.36
65051301,0.48,0.8,0.38
65051401,0.56,0.7,0.52
65051501,0.6,0.6,0.34
65051601,0.4,0.64,0.5
65051701,0.42,0.8,0.3
65051901,0.48,0.88,0.3
65052001,0.54,0.78,0.32
65052101,0.52,0.8,0.28
65052201,0.44,0.64,0.46
65052301,0.4,0.76,0.36
65052401,0.36,0.58,0.58
65052501,0.42,0.6,0.54
65052601,0.44,0.68,0.4
65052701,0.5,0.74,0.38
65052801,0.4,0.76,0.4
65052901,0.42,0.66,0.5
65053001,0.46,0.84,0.34
65053101,0.56,0.76,0.46
65053201,0.46,0.92,0.28
65053301,0.5,0.94,0.32
65053401,0.44,0.72,0.5
65053501,0.42,0.86,0.3
65053601,0.4,0.82,0.36
65053701,0.34,0.66,0.52
65053801,0.52,0.8,0.34
65053901,0.52,0.7,0.48
65054001,0.48,0.76,0.5
65054101,0.52,0.9,0.34
65054201,0.46,0.84,0.36
65054301,0.3,0.72,0.4
65054401,0.46,0.7,0.4
65054501,0.46,0.66,0.44
65054601,0.34,0.64,0.56
65054701,0.42,0.78,0.3
65054801,0.46,0.82,0.44
65054901,0.44,0.8,0.28
65055001,0.46,0.92,0.28
65055101,0.46,0.8,0.44
65055201,0.64,0.64,0.3
65055401,0.52,0.8,0.28
65055501,0.52,0.66,0.46
65055601,0.38,0.72,0.44
65055701,0.46,0.66,0.54
65055801,0.42,0.76,0.4
65055901,0.44,0.9,0.3
65056101,0.44,0.78,0.26
65056201,0.4,0.84,0.36
65056301,0.52,0.82,0.34
65056401,0.42,0.56,0.52
65056501,0.5,0.72,0.38
65056601,0.58,0.82,0.42
65056701,0.42,0.86,0.36
65056801,0.44,0.72,0.44
65056901,0.58,0.44,0.68
65057101,0.56,0.86,0.38
65057301,0.5,0.5,0.62
65057401,0.5,0.58,0.46
65057501,0.4,0.72,0.4
65057601,0.56,0.76,0.32
65057801,0.52,0.68,0.46
65057901,0.44,0.68,0.44
65058001,0.38,0.54,0.4
65058201,0.54,0.88,0.32
65058401,0.46,0.92,0.24
65058501,0.5,0.54,0.56
65058601,0.6,0.72,0.34
65058701,0.5,0.72,0.42
65058901,0.46,0.78,0.28
65059001,0.64,0.64,0.44
65059101,0.46,0.88,0.4
65059201,0.4,0.82,0.3
65059301,0.62,0.72,0.36
65059401,0.56,0.64,0.48
65059501,0.5,0.86,0.34
65059601,0.46,0.74,0.4
65059801,0.46,0.82,0.38
65059901,0.44,0.88,0.28
65060001,0.4,0.78,0.34
65060101,0.38,0.82,0.34
65060201,0.5,0.72,0.42
65060301,0.5,0.86,0.34
65060401,0.44,0.78,0.34
65060501,0.48,0.78,0.38
65060601,0.48,0.82,0.28
65060701,0.54,0.9,0.34
65060801,0.44,0.82,0.34
65060901,0.36,0.72,0.36
65061001,0.52,0.74,0.44
65061101,0.4,0.8,0.32
65061201,0.42,0.76,0.32
65061301,0.46,0.88,0.32
65061401,0.52,0.78,0.38
65061501,0.54,0.82,0.32
65061601,0.4,0.74,0.38
65061701,0.54,0.7,0.22
65061801,0.5,0.7,0.34
65061901,0.58,0.84,0.3
65062001,0.56,0.5,0.6
65062101,0.42,0.72,0.38
65062201,0.54,0.7,0.3
65062301,0.56,0.74,0.34
65062401,0.58,0.88,0.28
65062501,0.44,0.76,0.46
65062601,0.46,0.68,0.4
65062701,0.5,0.84,0.3
65062801,0.48,0.8,0.38
65062901,0.42,0.84,0.36
65063001,0.46,0.76,0.36
65063101,0.46,0.7,0.5
65063201,0.54,0.78,0.42
65063301,0.44,0.84,0.24
65063401,0.58,0.64,0.42
65063501,0.44,0.66,0.44
65063601,0.44,0.76,0.42
65063701,0.34,0.84,0.32
65063801,0.58,0.7,0.32
65063901,0.42,0.78,0.3
65064001,0.38,0.84,0.38
65064101,0.4,0.78,0.34
65064201,0.5,0.78,0.4
65064301,0.56,0.8,0.34
65064401,0.36,0.78,0.42
65064501,0.48,0.72,0.46
65064601,0.6,0.76,0.42
65064701,0.5,0.72,0.38
65064801,0.46,0.66,0.54
65064901,0.4,0.86,0.3
65065001,0.4,0.76,0.28
65065101,0.48,0.78,0.36
65065201,0.54,0.82,0.3
65065301,0.4,0.82,0.3
65065401,0.42,0.66,0.38
65065501,0.56,0.7,0.34
65065601,0.48,0.9,0.3
65065701,0.48,0.76,0.34
65065801,0.46,0.72,0.4
65065901,0.46,0.76,0.4
65066001,0.4,0.76,0.28
65066101,0.54,0.76,0.4
65066201,0.5,0.74,0.44
65066301,0.46,0.9,0.28
65066401,0.52,0.72,0.42
65066501,0.44,0.8,0.46
65066601,0.4,0.78,0.32
65066701,0.3,0.7,0.38
65066801,0.4,0.86,0.38
65066901,0.42,0.88,0.36
65067001,0.54,0.8,0.32
65067101,0.46,0.88,0.32
65067201,0.48,0.82,0.38
65067301,0.42,0.82,0.26
65067401,0.34,0.54,0.56
65067501,0.44,0.76,0.28
65067601,0.36,0.78,0.34
65067701,0.56,0.84,0.3
65067801,0.46,0.78,0.42
65067901,0.5,0.86,0.38
65068001,0.42,0.76,0.32
65068101,0.38,0.76,0.28
65068201,0.46,0.68,0.32
65068301,0.4,0.38,0.78
65068401,0.38,0.88,0.36
65068501,0.62,0.5,0.46
65068601,0.44,0.8,0.4
65068701,0.5,0.78,0.26
65068801,0.46,0.74,0.42
65068901,0.36,0.74,0.34
65069001,0.48,0.74,0.38
65069101,0.5,0.8,0.4
65069201,0.56,0.74,0.44
65069301,0.34,0.76,0.4
65069401,0.52,0.74,0.44
65069501,0.44,0.78,0.42
65069601,0.46,0.78,0.4
65069701,0.56,0.58,0.52
65069801,0.46,0.78,0.4
65069901,0.5,0.96,0.24
65070001,0.54,0.82,0.4
65070101,0.38,0.78,0.3
65070201,0.48,0.82,0.34
65070301,0.56,0.6,0.48
65070401,0.5,0.84,0.28
65070501,0.5,0.48,0.54
65070601,0.36,0.58,0.5
65070701,0.5,0.76,0.5
65070801,0.54,0.86,0.3
65070901,0.52,0.94,0.26
65071001,0.5,0.84,0.4
65071101,0.54,0.78,0.28
65071201,0.5,0.62,0.46
65071301,0.42,0.76,0.44
65071401,0.58,0.76,0.34
65071501,0.44,0.86,0.34
65071601,0.5,0.76,0.3
65071701,0.58,0.68,0.48
65071801,0.4,0.74,0.44
65071901,0.42,0.88,0.24
65072001,0.5,0.78,0.44
65072101,0.48,0.9,0.36
65072201,0.38,0.88,0.28
65072301,0.52,0.88,0.32
65072401,0.38,0.74,0.3
65072501,0.48,0.58,0.46
65072601,0.5,0.82,0.46
65072701,0.44,0.74,0.34
65072801,0.4,0.8,0.36
65072901,0.48,0.74,0.42
65073001,0.32,0.76,0.4
65073101,0.42,0.82,0.4
65073201,0.48,0.8,0.34
65073301,0.38,0.78,0.36
65073401,0.46,0.78,0.22
65073501,0.48,0.84,0.28
65073601,0.54,0.72,0.24
65073701,0.44,0.66,0.38
65073801,0.48,0.72,0.34
65073901,0.48,0.86,0.38
65074001,0.48,0.7,0.38
65074101,0.5,0.82,0.26
65074201,0.5,0.8,0.34
65074301,0.48,0.78,0.48
65074401,0.46,0.82,0.32
65074501,0.48,0.66,0.52
65074601,0.62,0.76,0.32
65074701,0.72,0.58,0.48
65074801,0.56,0.76,0.42
65074901,0.48,0.66,0.3
65075001,0.48,0.76,0.4
65075101,0.48,0.74,0.32
65075201,0.46,0.68,0.38
65075301,0.44,0.82,0.34
65075401,0.36,0.68,0.36
65075501,0.44,0.82,0.36
65075601,0.5,0.68,0.42
65075701,0.52,0.82,0.4
65075801,0.48,0.82,0.34
65075901,0.4,0.74,0.44
65076001,0.48,0.74,0.46
65076101,0.44,0.74,0.44
65076201,0.4,0.9,0.3
65076301,0.42,0.72,0.32
65076401,0.4,0.8,0.34
65076501,0.5,0.74,0.42
65076601,0.44,0.78,0.38
65076701,0.56,0.64,0.52
65076801,0.44,0.8,0.38
65076901,0.44,0.86,0.22
65077001,0.48,0.76,0.38
65077101,0.46,0.78,0.42
65077201,0.42,0.82,0.28
65077301,0.46,0.82,0.4
65077401,0.4,0.74,0.38
65077501,0.42,0.84,0.38
65077601,0.5,0.86,0.28
65077701,0.5,0.64,0.44
65077801,0.4,0.68,0.38
65077901,0.42,0.64,0.42
65078001,0.44,0.84,0.34
65078101,0.46,0.86,0.38
65078201,0.42,0.78,0.32
65078301,0.46,0.9,0.38
65078401,0.32,0.66,0.44
65078501,0.48,0.7,0.42
65078601,0.5,0.7,0.46
65078701,0.4,0.78,0.26
65078801,0.52,0.62,0.26
65078901,0.4,0.84,0.24
65079001,0.38,0.78,0.26
65079101,0.48,0.8,0.4
65079201,0.38,0.82,0.38
65079301,0.4,0.86,0.34
65079401,0.46,0.74,0.4
65079501,0.44,0.72,0.32
65079601,0.36,0.82,0.36
68000201,0.52,0.8,0.38
68000301,0.44,0.78,0.4
68000401,0.5,0.82,0.28
68000601,0.42,0.66,0.26
68000801,0.52,0.84,0.28
68000901,0.44,0.8,0.38
68001001,0.44,0.78,0.38
68001101,0.46,0.8,0.38
68001201,0.44,0.68,0.3
68001301,0.48,0.9,0.3
68001401,0.46,0.86,0.38
68001501,0.54,0.82,0.32
68001601,0.42,0.56,0.48
68001701,0.44,0.78,0.46
68001901,0.52,0.84,0.42
68002001,0.44,0.64,0.52
68002101,0.3,0.42,0.56
68002201,0.38,0.38,0.54
68002301,0.56,0.64,0.48
68002401,0.44,0.82,0.26
68002501,0.42,0.7,0.54
68002601,0.54,0.82,0.36
68002701,0.46,0.72,0.44
68002801,0.66,0.72,0.52
68002901,0.46,0.86,0.26
68003101,0.4,0.62,0.46
68003301,0.32,0.6,0.44
68003401,0.52,0.66,0.46
68003501,0.42,0.74,0.26
68003701,0.46,0.84,0.28
68003801,0.52,0.9,0.34
68003901,0.46,0.76,0.44
68004001,0.56,0.78,0.36
68004101,0.48,0.68,0.44
68004201,0.44,0.8,0.38
68004301,0.5,0.74,0.3
68004401,0.44,0.82,0.44
68004501,0.54,0.7,0.5
68004601,0.38,0.78,0.38
68004701,0.54,0.58,0.58
68004801,0.44,0.72,0.3
68004901,0.42,0.84,0.36
68005001,0.48,0.8,0.28
68005201,0.46,0.74,0.4
68005301,0.5,0.78,0.22
68005401,0.34,0.68,0.5
68005501,0.46,0.88,0.24
68005601,0.3,0.66,0.38
68005701,0.32,0.7,0.42
68005801,0.46,0.8,0.34
68005901,0.44,0.64,0.44
68006001,0.52,0.66,0.34
68006101,0.46,0.64,0.48
68006201,0.5,0.8,0.38
68006301,0.44,0.78,0.32
68006401,0.42,0.74,0.34
68006501,0.42,0.84,0.28
68006601,0.46,0.62,0.44
68006901,0.46,0.82,0.32
68007001,0.38,0.7,0.5
68007101,0.54,0.74,0.38
68007201,0.4,0.7,0.38
68007301,0.58,0.72,0.5
68007401,0.4,0.78,0.44
68007501,0.44,0.76,0.4
68007701,0.52,0.84,0.32
68007801,0.58,0.4,0.5
68007901,0.48,0.74,0.48
68008001,0.54,0.52,0.64
68008201,0.44,0.78,0.36
68008401,0.58,0.66,0.42
68008601,0.46,0.74,0.32
68008701,0.46,0.78,0.36
68008801,0.48,0.76,0.44
68008901,0.44,0.74,0.34
68009001,0.4,0.76,0.38
68009101,0.38,0.76,0.44
68009201,0.42,0.72,0.38
68009401,0.44,0.76,0.42
68009501,0.5,0.7,0.38
68009601,0.3,0.6,0.5
68009701,0.48,0.72,0.44
68009801,0.42,0.38,0.62
68009901,0.54,0.82,0.32
68010001,0.44,0.82,0.34
68010101,0.38,0.7,0.34
68010201,0.5,0.86,0.22
68010301,0.34,0.78,0.4
68010401,0.5,0.8,0.4
68010501,0.46,0.72,0.42
68010601,0.48,0.62,0.52
68010701,0.38,0.72,0.4
68010801,0.58,0.88,0.36
68010901,0.38,0.86,0.42
68011001,0.44,0.7,0.34
68011101,0.48,0.98,0.3
68011201,0.44,0.78,0.34
68011301,0.52,0.76,0.46
68011401,0.44,0.7,0.46
68011501,0.54,0.88,0.24
68011601,0.42,0.74,0.42
68011701,0.48,0.44,0.68
68011801,0.4,0.74,0.34
68011901,0.52,0.56,0.5
68012101,0.46,0.7,0.52
68012201,0.62,0.68,0.46
68012301,0.4,0.76,0.5
68012401,0.32,0.7,0.36
68012501,0.46,0.72,0.34
68012601,0.42,0.72,0.36
68012701,0.42,0.76,0.36
68012901,0.48,0.78,0.38
68013001,0.46,0.82,0.34
68013101,0.44,0.78,0.3
68013201,0.46,0.76,0.32
68013501,0.46,0.78,0.34
68013601,0.42,0.7,0.34
68013801,0.5,0.86,0.34
68013901,0.48,0.62,0.48
68014101,0.52,0.9,0.3
68014201,0.52,0.76,0.4
68014301,0.54,0.68,0.34
68014401,0.48,0.84,0.3
68014501,0.42,0.84,0.28
68014601,0.4,0.66,0.32
68014701,0.48,0.76,0.3
68014801,0.36,0.76,0.4
68014901,0.42,0.72,0.5
68015001,0.56,0.68,0.4
68015101,0.48,0.7,0.46
68015201,0.46,0.78,0.4
68015301,0.4,0.62,0.48
68015401,0.4,0.78,0.38
68015501,0.46,0.8,0.2
68015601,0.46,0.8,0.28
68015701,0.48,0.66,0.46
68015801,0.46,0.84,0.32
68015901,0.52,0.84,0.26
68016001,0.52,0.78,0.24
68016101,0.48,0.88,0.4
68016201,0.52,0.9,0.26
68016301,0.44,0.56,0.58
68016401,0.38,0.76,0.32
68016501,0.46,0.8,0.34
68016601,0.42,0.72,0.42
68016701,0.42,0.86,0.34
68016801,0.48,0.7,0.44
68016901,0.42,0.72,0.48
68017001,0.4,0.68,0.52
68017101,0.38,0.68,0.48
68017201,0.56,0.54,0.6
68017301,0.5,0.74,0.38
68017601,0.38,0.66,0.4
68017701,0.46,0.64,0.5
68017801,0.42,0.78,0.26
68017901,0.46,0.94,0.3
68018001,0.44,0.74,0.34
68018101,0.38,0.72,0.5
68018201,0.36,0.78,0.34
68018401,0.58,0.9,0.26
68018501,0.44,0.76,0.34
68018601,0.46,0.64,0.44
68018701,0.52,0.82,0.38
68018801,0.5,0.76,0.34
68018901,0.36,0.68,0.44
68019001,0.52,0.64,0.42
68019201,0.34,0.66,0.5
68019301,0.52,0.72,0.42
68019401,0.5,0.78,0.3
68019501,0.4,0.82,0.38
68019601,0.48,0.7,0.42
68019701,0.46,0.62,0.6
68019901,0.54,0.82,0.34
68020101,0.46,0.72,0.46
68020201,0.38,0.72,0.36
68020301,0.52,0.7,0.44
68020401,0.5,0.8,0.44
68020601,0.38,0.56,0.46
68020801,0.42,0.7,0.36
68020901,0.4,0.78,0.3
68021001,0.5,0.72,0.38
68021101,0.5,0.76,0.34
68021201,0.38,0.74,0.38
68021301,0.44,0.64,0.38
68021401,0.6,0.74,0.36
68021501,0.42,0.84,0.34
68021601,0.46,0.8,0.42
68021701,0.36,0.8,0.36
68021801,0.4,0.68,0.42
68021901,0.64,0.68,0.42
68022001,0.5,0.64,0.4
68022101,0.48,0.58,0.56
68022201,0.46,0.86,0.3
68022301,0.42,0.8,0.4
68022401,0.46,0.9,0.28
68022501,0.56,0.78,0.4
68022601,0.42,0.76,0.34
68022701,0.44,0.84,0.36
68022801,0.44,0.66,0.54
68022901,0.48,0.78,0.4
68023001,0.56,0.7,0.42
68023101,0.54,0.7,0.32
68023201,0.48,0.84,0.26
68023301,0.52,0.86,0.34
68023401,0.5,0.82,0.38
68023501,0.48,0.78,0.42
68023801,0.5,0.74,0.46
68023901,0.4,0.64,0.44
68024001,0.46,0.7,0.34
68024101,0.56,0.84,0.26
68024201,0.6,0.46,0.46
68024401,0.46,0.48,0.5
68024501,0.48,0.7,0.38
68024601,0.44,0.74,0.18
68024701,0.44,0.78,0.28
68024801,0.58,0.86,0.32
68025001,0.5,0.76,0.4
68025101,0.32,0.74,0.34
68025201,0.46,0.74,0.32
68025301,0.42,0.86,0.34
68025401,0.54,0.8,0.3
68025501,0.44,0.86,0.38
68025701,0.42,0.76,0.32
68025801,0.6,0.78,0.36
68025901,0.36,0.78,0.34
68026001,0.58,0.8,0.3
68026101,0.52,0.68,0.32
68026201,0.42,0.8,0.36
68026301,0.44,0.62,0.46
68026401,0.42,0.84,0.32
68026501,0.4,0.66,0.4
68026601,0.42,0.44,0.58
68026801,0.5,0.76,0.34
68026901,0.68,0.44,0.48
68027001,0.54,0.48,0.58
68027101,0.48,0.44,0.66
68027201,0.42,0.76,0.36
68027301,0.42,0.7,0.48
68027401,0.46,0.66,0.48
68027601,0.44,0.62,0.5
68027701,0.4,0.7,0.36
68027901,0.48,0.88,0.34
68028001,0.38,0.6,0.48
68028101,0.42,0.54,0.56
68028201,0.3,0.64,0.44
68028301,0.48,0.7,0.34
68028701,0.46,0.4,0.66
68028901,0.46,0.64,0.48
68029001,0.4,0.72,0.34
68029101,0.46,0.68,0.28
68029201,0.6,0.78,0.4
68029401,0.46,0.9,0.34
68029501,0.5,0.68,0.4
68029601,0.52,0.78,0.3
68029701,0.52,0.74,0.42
68029801,0.42,0.8,0.44
68029901,0.4,0.78,0.34
68030001,0.52,0.9,0.34
68030101,0.52,0.8,0.36
68030201,0.56,0.8,0.34
68030301,0.46,0.76,0.4
68030401,0.52,0.86,0.3
68030501,0.5,0.7,0.38
68030601,0.46,0.74,0.36
68030701,0.4,0.68,0.48
68030801,0.48,0.84,0.34
68030901,0.48,0.8,0.3
68031001,0.44,0.78,0.38
68031101,0.44,0.86,0.38
68031201,0.34,0.64,0.4
68031301,0.4,0.84,0.36
68031401,0.46,0.88,0.24
68031501,0.5,0.76,0.44
68031601,0.3,0.66,0.4
68031701,0.46,0.8,0.38
68031801,0.48,0.9,0.3
68031901,0.58,0.84,0.28
68032001,0.42,0.8,0.36
68032101,0.42,0.76,0.32
68032201,0.5,0.92,0.24
68032301,0.48,0.86,0.34
68032401,0.54,0.86,0.28
68032501,0.56,0.9,0.28
68032601,0.6,0.78,0.42
68032701,0.52,0.74,0.44
68032801,0.46,0.86,0.34
68032901,0.38,0.86,0.3
68033001,0.48,0.84,0.42
68033101,0.46,0.74,0.32
68033201,0.38,0.76,0.4
68033301,0.44,0.72,0.36
68033401,0.46,0.76,0.4
68033501,0.42,0.74,0.38
68033601,0.46,0.78,0.3
68033701,0.4,0.76,0.32
68033801,0.54,0.76,0.4
68033901,0.46,0.64,0.34
68034001,0.4,0.76,0.38
68034101,0.38,0.74,0.36
68034201,0.44,0.76,0.32
68034301,0.48,0.68,0.42
68034401,0.44,0.86,0.4
68034801,0.54,0.76,0.32
68034901,0.46,0.88,0.32
68035001,0.44,0.78,0.18
68035101,0.46,0.82,0.34
68035301,0.36,0.7,0.38
68035501,0.48,0.52,0.52
68035601,0.4,0.76,0.36
68035701,0.4,0.84,0.36
68035801,0.38,0.84,0.36
68035901,0.54,0.8,0.22
68036101,0.48,0.88,0.32
68036201,0.4,0.58,0.48
68036301,0.5,0.64,0.36
68036501,0.48,0.76,0.4
68036601,0.48,0.8,0.32
68036701,0.54,0.72,0.38
68036801,0.5,0.74,0.46
68036901,0.42,0.76,0.38
68037001,0.52,0.96,0.28
68037101,0.46,0.78,0.22
68037301,0.46,0.72,0.36
68037401,0.58,0.36,0.74
68037501,0.54,0.84,0.24
68037601,0.54,0.76,0.3
68037701,0.5,0.84,0.34
68037801,0.52,0.72,0.44
68037901,0.44,0.64,0.46
68038001,0.52,0.86,0.4
68038101,0.4,0.8,0.32
68038201,0.36,0.76,0.36
68038301,0.38,0.64,0.36
68038401,0.28,0.68,0.44
68038501,0.44,0.48,0.48
68038601,0.38,0.7,0.32
68038701,0.54,0.64,0.5
68038801,0.64,0.56,0.48
68038901,0.62,0.48,0.6
68039001,0.46,0.92,0.32
68039101,0.62,0.74,0.4
68039201,0.42,0.82,0.28
68039301,0.46,0.82,0.3
68039401,0.42,0.74,0.22
68039501,0.46,0.7,0.46
68039601,0.36,0.7,0.3
68039701,0.52,0.74,0.34
68039801,0.46,0.84,0.44
68039901,0.4,0.82,0.32
68040001,0.46,0.78,0.44
68040301,0.38,0.76,0.36
68040501,0.68,0.66,0.42
68040601,0.42,0.72,0.44
68040701,0.46,0.8,0.36
68040801,0.52,0.84,0.36
68040901,0.44,0.82,0.38
68041001,0.44,0.72,0.4
68041301,0.42,0.8,0.42
68041501,0.38,0.48,0.58
68041601,0.36,0.68,0.32
68041701,0.36,0.72,0.38
68041801,0.52,0.74,0.4
68041901,0.36,0.7,0.36
68042001,0.38,0.82,0.42
68042101,0.48,0.76,0.26
68042201,0.48,0.74,0.46
68042301,0.38,0.64,0.6
68042401,0.48,0.52,0.62
68042601,0.46,0.78,0.46
68042801,0.42,0.72,0.38
68042901,0.4,0.82,0.34
68043001,0.38,0.76,0.46
68043101,0.42,0.84,0.28
68043201,0.5,0.68,0.4
68043401,0.56,0.7,0.34
68043601,0.44,0.8,0.28
68043701,0.52,0.92,0.28
68043901,0.52,0.84,0.32
68044001,0.36,0.7,0.36
68044101,0.42,0.68,0.38
68044201,0.46,0.78,0.36
68044301,0.48,0.74,0.3
68044401,0.46,0.78,0.26
68044501,0.48,0.88,0.28
68044601,0.42,0.62,0.44
68044801,0.54,0.96,0.28
68044901,0.46,0.88,0.28
68045001,0.46,0.74,0.38
68045101,0.4,0.78,0.34
68045201,0.42,0.72,0.28
68045301,0.34,0.6,0.56
68045401,0.44,0.84,0.42
68045501,0.44,0.8,0.44
68045701,0.38,0.78,0.3
68045801,0.42,0.86,0.3
68045901,0.46,0.82,0.32
68046001,0.4,0.62,0.26
68046101,0.52,0.8,0.42
68046201,0.52,0.82,0.36
68046301,0.46,0.6,0.54
68046401,0.48,0.88,0.28
68046501,0.32,0.78,0.3
68046601,0.4,0.86,0.3
68046701,0.48,0.78,0.34
68046901,0.36,0.64,0.38
68047001,0.42,0.84,0.2
68047101,0.38,0.52,0.62
68047201,0.48,0.68,0.5
68047301,0.44,0.74,0.46
68047401,0.44,0.84,0.32
68047501,0.44,0.66,0.3
68047601,0.4,0.78,0.4
68047701,0.48,0.72,0.28
68047901,0.42,0.78,0.3
68048001,0.44,0.86,0.38
68048101,0.5,0.8,0.32
68048201,0.46,0.8,0.38
68048301,0.46,0.84,0.4
68048401,0.38,0.56,0.38
68048501,0.44,0.7,0.5
68048601,0.5,0.82,0.34
68048701,0.48,0.88,0.38
68048801,0.4,0.64,0.48
68049001,0.5,0.78,0.4
68049101,0.4,0.64,0.46
68049201,0.44,0.78,0.38
68049301,0.42,0.56,0.44
68049401,0.44,0.64,0.48
68049501,0.42,0.7,0.38
68049701,0.5,0.68,0.28
68049801,0.38,0.8,0.4
68049901,0.58,0.7,0.34
68050001,0.44,0.72,0.26
68050101,0.5,0.62,0.46
68050201,0.38,0.82,0.42
68050301,0.42,0.88,0.28
68050401,0.52,0.76,0.28
68050501,0.46,0.6,0.5
68050601,0.48,0.86,0.3
68050701,0.48,0.76,0.32
68050801,0.4,0.76,0.46
68050901,0.42,0.74,0.44
68051101,0.5,0.76,0.46
68051301,0.44,0.78,0.3
68051401,0.5,0.96,0.32
