bibkey,paper,task,subject,age,gender,choice,r,treatment,inconsistent,soep,dosocial,dohealth,doinvest,dogamble,doethic,dorecre,doall,key
Crosetto2016,Crosetto and Filippin EXEC 2016,BART,10951,22,0,40,0.6666666666666666, ,NA,6,5.5,3.6666667461395264,2.6666667461395264,1,1.8333333730697632,5,3.277777910232544,pump
Crosetto2016,Crosetto and Filippin EXEC 2016,BART,11312,21,1,61,1.564102564102564, ,NA,8,3.6666667461395264,3,4,2.3333332538604736,3.5,4.333333492279053,3.472222328186035,pump
Crosetto2016,Crosetto and Filippin EXEC 2016,BART,11509,28,0,61,1.564102564102564, ,NA,4,5,5,1.6666666269302368,1,3.3333332538604736,4.333333492279053,3.3888888359069824,pump
Crosetto2016,Crosetto and Filippin EXEC 2016,BART,20951,28,1,35,0.5384615384615384, ,NA,1,4.833333492279053,2.3333332538604736,2.6666667461395264,1.3333333730697632,1.1666666269302368,3.6666667461395264,2.6666667461395264,pump
Crosetto2016,Crosetto and Filippin EXEC 2016,BART,21312,22,0,61,1.564102564102564, ,NA,10,5.5,6.5,5,7,5.5,6.5,6,pump
Crosetto2016,Crosetto and Filippin EXEC 2016,BART,21509,22,1,61,1.564102564102564, ,NA,7,4.666666507720947,4.5,2.3333332538604736,1.3333333730697632,2.6666667461395264,3.3333332538604736,3.1388888359069824,pump
Crosetto2016,Crosetto and Filippin EXEC 2016,BART,30951,28,0,61,1.564102564102564, ,NA,8,4.333333492279053,2,3,3.6666667461395264,1.5,2.3333332538604736,2.805555582046509,pump
Crosetto2016,Crosetto and Filippin EXEC 2016,BART,31312,24,1,50,1, ,NA,3,4.166666507720947,1,1.3333333730697632,1,3.1666667461395264,3.6666667461395264,2.3888888359069824,pump
Crosetto2016,Crosetto and Filippin EXEC 2016,BART,31509,21,0,61,1.564102564102564, ,NA,8,5.5,5.5,3.6666667461395264,1.6666666269302368,1.8333333730697632,5.666666507720947,3.972222328186035,pump
Crosetto2016,Crosetto and Filippin EXEC 2016,BART,40951,25,0,29,0.4084507042253521, ,NA,3,5.666666507720947,2.8333332538604736,3,2,2.1666667461395264,4,3.277777671813965,pump
Crosetto2016,Crosetto and Filippin EXEC 2016,BART,41312,20,1,40,0.6666666666666666, ,NA,1,6.5,2.1666667461395264,1.6666666269302368,1.6666666269302368,1.1666666269302368,3.8333332538604736,2.8333332538604736,pump
Crosetto2016,Crosetto and Filippin EXEC 2016,BART,41509,22,0,61,1.564102564102564, ,NA,5,4.5,3,4.666666507720947,5,3,5.5,4.277777671813965,pump
Crosetto2016,Crosetto and Filippin EXEC 2016,BART,50951,22,1,61,1.564102564102564, ,NA,5,2.8333332538604736,2,3.3333332538604736,1,1.5,3.1666667461395264,2.305555582046509,pump
Crosetto2016,Crosetto and Filippin EXEC 2016,BART,51312,26,0,61,1.564102564102564, ,NA,8,5,3.1666667461395264,5,4.666666507720947,2.3333332538604736,5.666666507720947,4.30555534362793,pump
Crosetto2016,Crosetto and Filippin EXEC 2016,BART,51509,21,1,19,0.2345679012345679, ,NA,2,5.333333492279053,2.3333332538604736,2.6666667461395264,2.6666667461395264,2.1666667461395264,4,3.194444417953491,pump
Crosetto2016,Crosetto and Filippin EXEC 2016,BART,61312,26,1,35,0.5384615384615384, ,NA,1,3.5,1.5,3.3333332538604736,1.6666666269302368,2.5,3,2.5833332538604736,pump
Crosetto2016,Crosetto and Filippin EXEC 2016,BART,61509,19,1,54,1.173913043478261, ,NA,6,3.6666667461395264,2.6666667461395264,2.6666667461395264,1,1.1666666269302368,4,2.527777910232544,pump
Crosetto2016,Crosetto and Filippin EXEC 2016,BART,70951,28,0,41,0.6949152542372882, ,NA,7,4.833333492279053,2.8333332538604736,4.333333492279053,4.666666507720947,2.1666667461395264,4.5,3.8888888359069824,pump
Crosetto2016,Crosetto and Filippin EXEC 2016,BART,71312,23,0,50,1, ,NA,7,6.166666507720947,4.333333492279053,5.333333492279053,4.333333492279053,2.3333332538604736,3.5,4.333333492279053,pump
Crosetto2016,Crosetto and Filippin EXEC 2016,BART,71509,25,1,61,1.564102564102564, ,NA,7,3.8333332538604736,3.8333332538604736,2,1,1.8333333730697632,3.3333332538604736,2.6388888359069824,pump
Crosetto2016,Crosetto and Filippin EXEC 2016,BART,80951,21,1,40,0.6666666666666666, ,NA,4,5.166666507720947,3.3333332538604736,4.333333492279053,2,3.3333332538604736,4,3.694444417953491,pump
Crosetto2016,Crosetto and Filippin EXEC 2016,BART,81312,22,1,40,0.6666666666666666, ,NA,6,4.666666507720947,3.6666667461395264,3.3333332538604736,2.3333332538604736,1.6666666269302368,3.8333332538604736,3.25,pump
Crosetto2016,Crosetto and Filippin EXEC 2016,BART,81509,21,1,14,0.16279069767441862, ,NA,4,4.666666507720947,4.666666507720947,3.3333332538604736,3,2.8333332538604736,5.5,4,pump
Crosetto2016,Crosetto and Filippin EXEC 2016,BART,90951,26,1,61,1.564102564102564, ,NA,5,4.833333492279053,3.8333332538604736,2.3333332538604736,3.3333332538604736,3.3333332538604736,3.3333332538604736,3.5,pump
Crosetto2016,Crosetto and Filippin EXEC 2016,BART,91312,23,0,40,0.6666666666666666, ,NA,6,5.833333492279053,4.166666507720947,2.3333332538604736,1,4,4.833333492279053,3.694444417953491,pump
Crosetto2016,Crosetto and Filippin EXEC 2016,BART,100951,26,0,61,1.564102564102564, ,NA,2,5,2.8333332538604736,1.3333333730697632,1,1.1666666269302368,2.5,2.305555582046509,pump
Crosetto2016,Crosetto and Filippin EXEC 2016,BART,101312,20,1,40,0.6666666666666666, ,NA,3,5,3.5,4,1,3,2.8333332538604736,3.222222328186035,pump
Crosetto2016,Crosetto and Filippin EXEC 2016,BART,101509,22,1,61,1.564102564102564, ,NA,4,5.166666507720947,3,1,2.3333332538604736,1.8333333730697632,3.1666667461395264,2.75,pump
Crosetto2016,Crosetto and Filippin EXEC 2016,BART,110951,24,1,35,0.5384615384615384, ,NA,3,4.166666507720947,3.6666667461395264,4.333333492279053,1,1.8333333730697632,1.3333333730697632,2.722222328186035,pump
Crosetto2016,Crosetto and Filippin EXEC 2016,BART,111312,25,1,22,0.28205128205128205, ,NA,6,4.666666507720947,4,2.3333332538604736,1.6666666269302368,3.5,3.8333332538604736,3.3333332538604736,pump
Crosetto2016,Crosetto and Filippin EXEC 2016,BART,111509,20,1,61,1.564102564102564, ,NA,5,5.333333492279053,2.5,2.6666667461395264,1,2.1666667461395264,3,2.777777910232544,pump
Crosetto2016,Crosetto and Filippin EXEC 2016,BART,120951,20,1,61,1.564102564102564, ,NA,6,4.5,3.1666667461395264,2,1,3.3333332538604736,2,2.6666667461395264,pump
Crosetto2016,Crosetto and Filippin EXEC 2016,BART,121312,20,1,39,0.639344262295082, ,NA,3,5.5,3.1666667461395264,4,1,2.1666667461395264,2.3333332538604736,3.027777671813965,pump
Crosetto2016,Crosetto and Filippin EXEC 2016,BART,121509,21,0,61,1.564102564102564, ,NA,9,5.833333492279053,4.5,6.333333492279053,5,1.8333333730697632,4.833333492279053,4.722222328186035,pump
Crosetto2016,Crosetto and Filippin EXEC 2016,BART,130951,28,0,61,1.564102564102564, ,NA,7,5.333333492279053,3.8333332538604736,3.3333332538604736,1,2.6666667461395264,2.3333332538604736,3.0833332538604736,pump
Crosetto2016,Crosetto and Filippin EXEC 2016,BART,131312,20,0,30,0.42857142857142855, ,NA,8,5.333333492279053,5.333333492279053,5.333333492279053,5,3.6666667461395264,1.5,4.361111164093018,pump
Crosetto2016,Crosetto and Filippin EXEC 2016,BART,131509,24,1,61,1.564102564102564, ,NA,6,5.666666507720947,3.6666667461395264,3,2.6666667461395264,2.1666667461395264,5,3.694444417953491,pump
Crosetto2016,Crosetto and Filippin EXEC 2016,BART,140951,23,1,43,0.7543859649122807, ,NA,3,4.5,3,2,2.3333332538604736,2.3333332538604736,1.1666666269302368,2.555555582046509,pump
Crosetto2016,Crosetto and Filippin EXEC 2016,BART,141312,24,1,57,1.3255813953488371, ,NA,2,4.833333492279053,2.6666667461395264,1.6666666269302368,1.6666666269302368,1.8333333730697632,4.166666507720947,2.805555582046509,pump
Crosetto2016,Crosetto and Filippin EXEC 2016,BART,141509,25,0,61,1.564102564102564, ,NA,7,5.5,5.333333492279053,3,2,3.5,4,3.8888888359069824,pump
Crosetto2016,Crosetto and Filippin EXEC 2016,BART,150951,23,0,51,1.0408163265306123, ,NA,8,5.666666507720947,3.5,2.3333332538604736,3.6666667461395264,5,4.666666507720947,4.138888835906982,pump
Crosetto2016,Crosetto and Filippin EXEC 2016,BART,151312,19,0,57,1.3255813953488371, ,NA,6,4.833333492279053,3.3333332538604736,3.3333332538604736,2.6666667461395264,1.6666666269302368,5.666666507720947,3.5833332538604736,pump
Crosetto2016,Crosetto and Filippin EXEC 2016,BART,151509,22,1,61,1.564102564102564, ,NA,6,4.333333492279053,3.5,2,1,2.8333332538604736,2.8333332538604736,2.75,pump
Crosetto2016,Crosetto and Filippin EXEC 2016,BART,160951,32,0,61,1.564102564102564, ,NA,8,5.166666507720947,3.6666667461395264,3.3333332538604736,2,3.3333332538604736,6.333333492279053,3.972222328186035,pump
Crosetto2016,Crosetto and Filippin EXEC 2016,BART,161312,19,1,56,1.2727272727272727, ,NA,8,6.166666507720947,4,3,2,2.6666667461395264,6,3.972222328186035,pump
Crosetto2016,Crosetto and Filippin EXEC 2016,BART,161509,21,1,40,0.6666666666666666, ,NA,4,4.166666507720947,2.8333332538604736,2,1.6666666269302368,1.8333333730697632,2.6666667461395264,2.527777671813965,pump
Crosetto2016,Crosetto and Filippin EXEC 2016,BART,170951,23,1,37,0.5873015873015873, ,NA,6,5,4.5,2.3333332538604736,3.3333332538604736,2.5,4,3.6111111640930176,pump
Crosetto2016,Crosetto and Filippin EXEC 2016,BART,171312,21,0,48,0.9230769230769231, ,NA,4,6.166666507720947,3.5,3,2.6666667461395264,2.1666667461395264,5.833333492279053,3.8888888359069824,pump
Crosetto2016,Crosetto and Filippin EXEC 2016,BART,171509,26,0,35,0.5384615384615384, ,NA,5,4.833333492279053,3.6666667461395264,3.6666667461395264,2.3333332538604736,2,3.3333332538604736,3.305555582046509,pump
Crosetto2016,Crosetto and Filippin EXEC 2016,BART,180951,30,1,61,1.564102564102564, ,NA,8,4.5,2.8333332538604736,2.3333332538604736,2.6666667461395264,1.6666666269302368,4,3,pump
Crosetto2016,Crosetto and Filippin EXEC 2016,BART,181312,25,1,23,0.2987012987012987, ,NA,4,5.833333492279053,5,1.6666666269302368,1,2.1666667461395264,3,3.1111111640930176,pump
Crosetto2016,Crosetto and Filippin EXEC 2016,BART,181509,18,1,48,0.9230769230769231, ,NA,5,5.333333492279053,3.1666667461395264,3.6666667461395264,2,2.1666667461395264,2.5,3.1388888359069824,pump
Crosetto2016,Crosetto and Filippin EXEC 2016,BART,190951,25,1,43,0.7543859649122807, ,NA,6,5.5,4,2,1,2.8333332538604736,4.833333492279053,3.3611111640930176,pump
Crosetto2016,Crosetto and Filippin EXEC 2016,BART,191312,21,0,61,1.564102564102564, ,NA,10,5.5,6,2.3333332538604736,5.333333492279053,4,5.333333492279053,4.75,pump
Crosetto2016,Crosetto and Filippin EXEC 2016,BART,191509,19,1,61,1.564102564102564, ,NA,7,5,4.5,4.333333492279053,3.3333332538604736,2.6666667461395264,5.166666507720947,4.166666507720947,pump
Crosetto2016,Crosetto and Filippin EXEC 2016,BART,200951,28,0,61,1.564102564102564, ,NA,4,4.166666507720947,3.6666667461395264,2.3333332538604736,1.3333333730697632,2.8333332538604736,2.8333332538604736,2.8611111640930176,pump
Crosetto2016,Crosetto and Filippin EXEC 2016,BART,201312,27,0,61,1.564102564102564, ,NA,7,5.833333492279053,4.666666507720947,3.3333332538604736,4.666666507720947,4.166666507720947,5,4.611111164093018,pump
Crosetto2016,Crosetto and Filippin EXEC 2016,BART,201509,24,1,51,1.0408163265306123, ,NA,7,6.333333492279053,3.8333332538604736,3,2,2.6666667461395264,3,3.472222328186035,pump
Crosetto2016,Crosetto and Filippin EXEC 2016,BART,210951,27,1,53,1.127659574468085, ,NA,3,6,3,3,1.6666666269302368,2,2.3333332538604736,3,pump
Crosetto2016,Crosetto and Filippin EXEC 2016,BART,211312,24,1,47,0.8867924528301887, ,NA,5,5.166666507720947,2.5,4.333333492279053,2,2.1666667461395264,2.6666667461395264,3.1388888359069824,pump
Crosetto2016,Crosetto and Filippin EXEC 2016,BART,211509,21,1,34,0.5151515151515151, ,NA,2,2.8333332538604736,2.6666667461395264,3.3333332538604736,1,2.1666667461395264,3,2.5,pump
Crosetto2016,Crosetto and Filippin EXEC 2016,BART,220951,25,1,55,1.2222222222222223, ,NA,6,5.166666507720947,4.5,3.3333332538604736,3.3333332538604736,3.6666667461395264,4,4,pump
Crosetto2016,Crosetto and Filippin EXEC 2016,BART,221312,23,1,60,1.5, ,NA,4,4.833333492279053,3.1666667461395264,2,2.3333332538604736,1.6666666269302368,2.5,2.75,pump
Crosetto2016,Crosetto and Filippin EXEC 2016,BART,221509,20,1,61,1.564102564102564, ,NA,5,4.166666507720947,3.8333332538604736,3,1,3.1666667461395264,3.1666667461395264,3.055555582046509,pump
Crosetto2016,Crosetto and Filippin EXEC 2016,BART,230951,22,0,61,1.564102564102564, ,NA,10,6.5,3.3333332538604736,3.3333332538604736,3,3.1666667461395264,6.666666507720947,4.333333492279053,pump
Crosetto2016,Crosetto and Filippin EXEC 2016,BART,231312,29,0,45,0.8181818181818182, ,NA,6,5.5,2.6666667461395264,5,2,2.3333332538604736,4.166666507720947,3.6111111640930176,pump
Crosetto2016,Crosetto and Filippin EXEC 2016,BART,231509,24,1,40,0.6666666666666666, ,NA,4,5.166666507720947,4.166666507720947,2.3333332538604736,2.3333332538604736,2.1666667461395264,3,3.194444417953491,pump
Crosetto2016,Crosetto and Filippin EXEC 2016,BART,240951,21,1,54,1.173913043478261, ,NA,8,5.666666507720947,3.6666667461395264,4.333333492279053,1.3333333730697632,1.5,6.5,3.8333332538604736,pump
Crosetto2016,Crosetto and Filippin EXEC 2016,BART,241312,26,1,61,1.564102564102564, ,NA,3,5,1.5,3,1,1.5,2.1666667461395264,2.3611111640930176,pump
Crosetto2016,Crosetto and Filippin EXEC 2016,BART,241509,21,1,61,1.564102564102564, ,NA,3,5.333333492279053,3.3333332538604736,3.3333332538604736,2.3333332538604736,2.5,1.5,3.055555582046509,pump
Crosetto2016,Crosetto and Filippin EXEC 2016,BART,250951,23,0,61,1.564102564102564, ,NA,9,4.833333492279053,2.6666667461395264,4.666666507720947,1,1.1666666269302368,2,2.722222328186035,pump
Crosetto2016,Crosetto and Filippin EXEC 2016,BART,251312,21,1,61,1.564102564102564, ,NA,5,5,5.166666507720947,3,1,4,2.3333332538604736,3.4166665077209473,pump
Crosetto2016,Crosetto and Filippin EXEC 2016,BART,251509,25,1,61,1.564102564102564, ,NA,5,4,2.6666667461395264,2,1.6666666269302368,1.8333333730697632,1.8333333730697632,2.3333332538604736,pump
Crosetto2016,Crosetto and Filippin EXEC 2016,BART,260951,24,1,61,1.564102564102564, ,NA,4,5.166666507720947,2.8333332538604736,1.6666666269302368,2.6666667461395264,3.5,1.8333333730697632,2.944444417953491,pump
Crosetto2016,Crosetto and Filippin EXEC 2016,BART,261312,22,1,61,1.564102564102564, ,NA,5,4.5,3,3.3333332538604736,2.3333332538604736,3,3.3333332538604736,3.25,pump
Crosetto2016,Crosetto and Filippin EXEC 2016,BART,261509,19,1,61,1.564102564102564, ,NA,1,4.833333492279053,2.5,4.333333492279053,1,3.5,2.6666667461395264,3.1388888359069824,pump
Crosetto2016,Crosetto and Filippin EXEC 2016,BART,270951,22,1,35,0.5384615384615384, ,NA,1,3.5,3.5,2.6666667461395264,1.6666666269302368,2.6666667461395264,1.8333333730697632,2.6388888359069824,pump
Crosetto2016,Crosetto and Filippin EXEC 2016,BART,271312,20,1,19,0.2345679012345679, ,NA,6,4.166666507720947,3,3.3333332538604736,2,2.1666667461395264,2.3333332538604736,2.8333332538604736,pump
Crosetto2016,Crosetto and Filippin EXEC 2016,BART,271509,23,0,60,1.5, ,NA,8,4.333333492279053,3,4.666666507720947,3,2.1666667461395264,3.1666667461395264,3.3888888359069824,pump
Crosetto2016,Crosetto and Filippin EXEC 2016,BART,280951,23,1,61,1.564102564102564, ,NA,4,4.166666507720947,4,2.6666667461395264,2,2.8333332538604736,5,3.444444417953491,pump
Crosetto2016,Crosetto and Filippin EXEC 2016,BART,281312,25,1,61,1.564102564102564, ,NA,7,6,2.6666667461395264,2,3.6666667461395264,3.6666667461395264,2.5,3.4166667461395264,pump
Crosetto2016,Crosetto and Filippin EXEC 2016,BART,281509,22,1,49,0.9607843137254902, ,NA,5,4.833333492279053,4,2.3333332538604736,1.6666666269302368,2.3333332538604736,3.1666667461395264,3.055555582046509,pump
Crosetto2016,Crosetto and Filippin EXEC 2016,BART,290951,23,1,1,0.010101010101010102, ,NA,2,5.833333492279053,4.166666507720947,3.3333332538604736,1,3,2.5,3.305555582046509,pump
Crosetto2016,Crosetto and Filippin EXEC 2016,BART,291312,22,0,61,1.564102564102564, ,NA,7,4.833333492279053,4,3.6666667461395264,4.333333492279053,3.6666667461395264,4.333333492279053,4.138888835906982,pump
Crosetto2016,Crosetto and Filippin EXEC 2016,BART,291509,22,1,32,0.47058823529411764, ,NA,2,5.166666507720947,4,3.3333332538604736,1.3333333730697632,3.3333332538604736,3,3.3611111640930176,pump
Crosetto2016,Crosetto and Filippin EXEC 2016,BART,300951,21,1,27,0.3698630136986301, ,NA,3,5.5,4,3.6666667461395264,1.3333333730697632,2.5,4.666666507720947,3.6111111640930176,pump
Crosetto2016,Crosetto and Filippin EXEC 2016,BART,301312,25,1,45,0.8181818181818182, ,NA,2,4.333333492279053,3.1666667461395264,3,3,3.5,1.8333333730697632,3.1388888359069824,pump
Crosetto2016,Crosetto and Filippin EXEC 2016,BART,301509,25,1,52,1.0833333333333333, ,NA,7,5.666666507720947,4.166666507720947,2,3,2.5,4.166666507720947,3.5833332538604736,pump
Crosetto2016,Crosetto and Filippin EXEC 2016,BART,310951,23,0,61,1.564102564102564, ,NA,4,5,2.5,3.6666667461395264,1.6666666269302368,2,2.6666667461395264,2.9166667461395264,pump
Crosetto2016,Crosetto and Filippin EXEC 2016,BART,311312,23,1,61,1.564102564102564, ,NA,2,5.166666507720947,4.333333492279053,4.333333492279053,3.3333332538604736,3.8333332538604736,1.6666666269302368,3.777777671813965,pump
Crosetto2016,Crosetto and Filippin EXEC 2016,BART,311509,22,0,61,1.564102564102564, ,NA,6,6.166666507720947,3.3333332538604736,3.6666667461395264,1.3333333730697632,1.8333333730697632,5.333333492279053,3.6111111640930176,pump
Crosetto2016,Crosetto and Filippin EXEC 2016,BART,320951,25,1,60,1.5, ,NA,5,5.333333492279053,2,1.6666666269302368,1,2.3333332538604736,3.8333332538604736,2.694444417953491,pump
Crosetto2016,Crosetto and Filippin EXEC 2016,BART,321312,25,0,44,0.7857142857142857, ,NA,5,6,2.6666667461395264,6,1.3333333730697632,4.833333492279053,4.666666507720947,4.25,pump
Crosetto2016,Crosetto and Filippin EXEC 2016,BART,321509,24,1,50,1, ,NA,1,5,2.6666667461395264,3.3333332538604736,2.3333332538604736,3,2.1666667461395264,3.0833332538604736,pump
Crosetto2016,Crosetto and Filippin EXEC 2016,EG,11148,22,1,3,0.46539538634708155, ,NA,6,5.166666507720947,3.6666667461395264,4,2.6666667461395264,2.5,4,3.6666667461395264,eg
Crosetto2016,Crosetto and Filippin EXEC 2016,EG,11709,23,1,3,0.5667718704836443, ,NA,5,4.833333492279053,3.3333332538604736,3.6666667461395264,3.3333332538604736,3.6666667461395264,4,3.805555582046509,eg
Crosetto2016,Crosetto and Filippin EXEC 2016,EG,11747,32,0,3,0.38434764607343824, ,NA,7,5.333333492279053,3.8333332538604736,4,5.333333492279053,3.1666667461395264,5,4.44444465637207,eg
Crosetto2016,Crosetto and Filippin EXEC 2016,EG,21148,22,1,4,0.7294349606335163, ,NA,2,5.666666507720947,3.3333332538604736,2,2,2.6666667461395264,3.6666667461395264,3.222222328186035,eg
Crosetto2016,Crosetto and Filippin EXEC 2016,EG,21709,22,1,3,0.33562676004599784, ,NA,7,6.666666507720947,6,5.333333492279053,1,4.666666507720947,5.333333492279053,4.833333492279053,eg
Crosetto2016,Crosetto and Filippin EXEC 2016,EG,21747,23,1,1,-1, ,NA,6,5.666666507720947,5,3,1.6666666269302368,3,6.666666507720947,4.166666507720947,eg
Crosetto2016,Crosetto and Filippin EXEC 2016,EG,31148,26,0,5,1, ,NA,7,5.5,5.5,5,5.666666507720947,4,5.333333492279053,5.166666507720947,eg
Crosetto2016,Crosetto and Filippin EXEC 2016,EG,31709,23,0,5,1, ,NA,7,6.833333492279053,5.666666507720947,2.6666667461395264,1.6666666269302368,3.6666667461395264,3,3.9166667461395264,eg
Crosetto2016,Crosetto and Filippin EXEC 2016,EG,31747,25,0,3,0.5175189868500456, ,NA,7,4.833333492279053,3.8333332538604736,5.333333492279053,6,2.8333332538604736,4.166666507720947,4.5,eg
Crosetto2016,Crosetto and Filippin EXEC 2016,EG,41148,23,0,1,-1, ,NA,2,4,2,1,1,3.5,3,2.4166667461395264,eg
Crosetto2016,Crosetto and Filippin EXEC 2016,EG,41709,27,0,1,-1, ,NA,6,5.166666507720947,2.3333332538604736,5.666666507720947,1.6666666269302368,1.6666666269302368,3.5,3.3333332538604736,eg
Crosetto2016,Crosetto and Filippin EXEC 2016,EG,41747,20,0,2,0.216727278009057, ,NA,6,3.8333332538604736,4.833333492279053,4.666666507720947,3.3333332538604736,3.1666667461395264,4.833333492279053,4.111111164093018,eg
Crosetto2016,Crosetto and Filippin EXEC 2016,EG,51148,27,1,3,0.37775773292174564, ,NA,5,4.666666507720947,2.6666667461395264,2,1.6666666269302368,2.5,1.3333333730697632,2.472222328186035,eg
Crosetto2016,Crosetto and Filippin EXEC 2016,EG,51709,21,1,2,-0.469143484304659, ,NA,3,3.6666667461395264,5.666666507720947,1.6666666269302368,1,1.8333333730697632,4.833333492279053,3.1111111640930176,eg
Crosetto2016,Crosetto and Filippin EXEC 2016,EG,51747,22,1,3,0.3511392362951301, ,NA,2,5.666666507720947,2.8333332538604736,1.6666666269302368,1,1.5,2.8333332538604736,2.5833332538604736,eg
Crosetto2016,Crosetto and Filippin EXEC 2016,EG,61148,20,1,2,0.19491184217156854, ,NA,6,5.333333492279053,2.6666667461395264,3,3.6666667461395264,2.8333332538604736,4.833333492279053,3.722222328186035,eg
Crosetto2016,Crosetto and Filippin EXEC 2016,EG,61709,22,1,2,-0.7605990234040655, ,NA,2,4,2.5,3,1.3333333730697632,1.6666666269302368,3.3333332538604736,2.6388888359069824,eg
Crosetto2016,Crosetto and Filippin EXEC 2016,EG,61747,20,1,1,-1, ,NA,3,6.166666507720947,1.1666666269302368,3,2,2.5,5.166666507720947,3.3333332538604736,eg
Crosetto2016,Crosetto and Filippin EXEC 2016,EG,71709,19,0,5,1, ,NA,8,5.5,3.8333332538604736,4.666666507720947,4.666666507720947,3.8333332538604736,6.166666507720947,4.777777671813965,eg
Crosetto2016,Crosetto and Filippin EXEC 2016,EG,71747,25,1,2,-0.47785661537433044, ,NA,8,6.833333492279053,4.333333492279053,2.6666667461395264,1.6666666269302368,2.5,3.5,3.5833334922790527,eg
Crosetto2016,Crosetto and Filippin EXEC 2016,EG,81148,21,0,5,1, ,NA,8,5.833333492279053,4.5,4.333333492279053,5,3.1666667461395264,6,4.805555820465088,eg
Crosetto2016,Crosetto and Filippin EXEC 2016,EG,81709,21,0,5,1, ,NA,2,7,3,1,3,1,5,3.3333332538604736,eg
Crosetto2016,Crosetto and Filippin EXEC 2016,EG,81747,22,1,2,0.0118853307003155, ,NA,3,5.833333492279053,3.8333332538604736,4,1,3,3,3.444444417953491,eg
Crosetto2016,Crosetto and Filippin EXEC 2016,EG,91148,27,0,3,0.5287689927499741, ,NA,6,5,3.8333332538604736,2.6666667461395264,2,3,2.8333332538604736,3.222222328186035,eg
Crosetto2016,Crosetto and Filippin EXEC 2016,EG,91709,21,1,1,-1, ,NA,3,4.666666507720947,4.833333492279053,1,1,4.333333492279053,3.6666667461395264,3.25,eg
Crosetto2016,Crosetto and Filippin EXEC 2016,EG,91747,20,1,2,-0.5855867432733066, ,NA,2,3.3333332538604736,4.166666507720947,1.6666666269302368,1.6666666269302368,2.1666667461395264,2.5,2.5833332538604736,eg
Crosetto2016,Crosetto and Filippin EXEC 2016,EG,101148,23,0,2,0.321273685572669, ,NA,5,5.333333492279053,5.166666507720947,1,1,2.3333332538604736,6,3.472222328186035,eg
Crosetto2016,Crosetto and Filippin EXEC 2016,EG,101709,22,1,2,-0.943931812827941, ,NA,10,5.5,3.5,1.3333333730697632,1,2.1666667461395264,5,3.0833332538604736,eg
Crosetto2016,Crosetto and Filippin EXEC 2016,EG,101747,21,0,4,0.7119588800659403, ,NA,7,4.5,3.5,4,1.3333333730697632,3.1666667461395264,5,3.5833332538604736,eg
Crosetto2016,Crosetto and Filippin EXEC 2016,EG,111148,33,0,4,0.7101300985366106, ,NA,7,5.166666507720947,3,4.666666507720947,1,1.6666666269302368,4.166666507720947,3.277777671813965,eg
Crosetto2016,Crosetto and Filippin EXEC 2016,EG,111709,22,0,3,0.35149071998428555, ,NA,4,4.333333492279053,2.1666667461395264,3.3333332538604736,1.6666666269302368,4,4.166666507720947,3.277777671813965,eg
Crosetto2016,Crosetto and Filippin EXEC 2016,EG,111747,20,1,3,0.582059854301624, ,NA,3,5,2.8333332538604736,4,3,2.3333332538604736,3,3.3611111640930176,eg
Crosetto2016,Crosetto and Filippin EXEC 2016,EG,121148,22,1,2,-0.10040204856544732, ,NA,2,5.333333492279053,3.1666667461395264,1.6666666269302368,1.3333333730697632,2.1666667461395264,3.3333332538604736,2.8333334922790527,eg
Crosetto2016,Crosetto and Filippin EXEC 2016,EG,121709,24,1,1,-1, ,NA,6,5,3.1666667461395264,4,3.6666667461395264,4.666666507720947,3.5,4,eg
Crosetto2016,Crosetto and Filippin EXEC 2016,EG,121747,20,0,3,0.4736921517550945, ,NA,4,3.6666667461395264,3.3333332538604736,1,3.3333332538604736,1.6666666269302368,3.1666667461395264,2.694444417953491,eg
Crosetto2016,Crosetto and Filippin EXEC 2016,EG,131148,23,0,3,0.43711565653327855, ,NA,7,5.333333492279053,4.5,4.333333492279053,3,3,6.666666507720947,4.472222328186035,eg
Crosetto2016,Crosetto and Filippin EXEC 2016,EG,131709,38,0,5,1, ,NA,8,5.333333492279053,2.6666667461395264,6,4.333333492279053,1.1666666269302368,6.5,4.333333492279053,eg
Crosetto2016,Crosetto and Filippin EXEC 2016,EG,131747,25,0,5,1, ,NA,4,4.666666507720947,3.6666667461395264,2.3333332538604736,3,3.5,6.166666507720947,3.8888888359069824,eg
Crosetto2016,Crosetto and Filippin EXEC 2016,EG,141148,26,0,3,0.3665623979410157, ,NA,9,5.5,6,4.666666507720947,5.666666507720947,1.3333333730697632,4.833333492279053,4.666666507720947,eg
Crosetto2016,Crosetto and Filippin EXEC 2016,EG,141709,24,1,1,-1, ,NA,2,4.166666507720947,3.3333332538604736,2,1,3.3333332538604736,2.1666667461395264,2.6666665077209473,eg
Crosetto2016,Crosetto and Filippin EXEC 2016,EG,141747,27,1,5,1, ,NA,4,4.5,2.3333332538604736,1.3333333730697632,1.3333333730697632,3,2.3333332538604736,2.472222328186035,eg
Crosetto2016,Crosetto and Filippin EXEC 2016,EG,151148,26,0,5,1, ,NA,6,5.833333492279053,4,4,1.6666666269302368,2.1666667461395264,2,3.277777910232544,eg
Crosetto2016,Crosetto and Filippin EXEC 2016,EG,151709,21,1,2,0.062240147693082726, ,NA,6,4.333333492279053,2.3333332538604736,2.3333332538604736,1,1.8333333730697632,2,2.305555582046509,eg
Crosetto2016,Crosetto and Filippin EXEC 2016,EG,151747,23,0,2,-0.6701751077407971, ,NA,5,6,5,3.3333332538604736,2.3333332538604736,4,5.666666507720947,4.388888835906982,eg
Crosetto2016,Crosetto and Filippin EXEC 2016,EG,161148,29,0,5,1, ,NA,7,5.5,1.8333333730697632,4.666666507720947,5.333333492279053,2.1666667461395264,6,4.25,eg
Crosetto2016,Crosetto and Filippin EXEC 2016,EG,161709,20,1,3,0.47637886927928774, ,NA,6,5.333333492279053,4.5,3,2.3333332538604736,2.6666667461395264,3.5,3.555555582046509,eg
Crosetto2016,Crosetto and Filippin EXEC 2016,EG,161747,23,0,2,-0.984533155229874, ,NA,7,5,3.8333332538604736,4.333333492279053,3.3333332538604736,3.5,6.333333492279053,4.388888835906982,eg
Crosetto2016,Crosetto and Filippin EXEC 2016,EG,171148,19,0,2,-0.7586771411192603, ,NA,5,4.833333492279053,4,3.6666667461395264,3.3333332538604736,2,6,3.972222328186035,eg
Crosetto2016,Crosetto and Filippin EXEC 2016,EG,171709,23,1,2,-0.5572002810775303, ,NA,2,4.833333492279053,4,2.6666667461395264,2,3,1.8333333730697632,3.055555582046509,eg
Crosetto2016,Crosetto and Filippin EXEC 2016,EG,171747,29,0,3,0.41412907632766294, ,NA,5,5.666666507720947,4.333333492279053,4.666666507720947,3,3.6666667461395264,5.333333492279053,4.44444465637207,eg
Crosetto2016,Crosetto and Filippin EXEC 2016,EG,181148,25,1,1,-1, ,NA,2,5.166666507720947,3.5,1,1,1.6666666269302368,2.3333332538604736,2.444444417953491,eg
Crosetto2016,Crosetto and Filippin EXEC 2016,EG,181709,27,0,2,0.23014808102976536, ,NA,7,5.333333492279053,5.166666507720947,5.333333492279053,2,5,6,4.80555534362793,eg
Crosetto2016,Crosetto and Filippin EXEC 2016,EG,181747,25,1,3,0.33527878778055314, ,NA,8,4.5,4,3.6666667461395264,1,2.6666667461395264,5,3.472222328186035,eg
Crosetto2016,Crosetto and Filippin EXEC 2016,EG,191148,22,0,5,1, ,NA,8,5.666666507720947,2.8333332538604736,3,2.3333332538604736,1.8333333730697632,5.333333492279053,3.5,eg
Crosetto2016,Crosetto and Filippin EXEC 2016,EG,201148,24,0,2,-0.8178994586109184, ,NA,3,4.333333492279053,3.1666667461395264,3.3333332538604736,2,2,3.5,3.055555582046509,eg
Crosetto2016,Crosetto and Filippin EXEC 2016,EG,201709,26,1,4,0.7033446724480018, ,NA,4,6.166666507720947,3.6666667461395264,2.3333332538604736,1.3333333730697632,3,3,3.25,eg
Crosetto2016,Crosetto and Filippin EXEC 2016,EG,201747,22,1,2,-0.5759742475883104, ,NA,8,5.833333492279053,3.1666667461395264,2.3333332538604736,3,4,5.5,3.972222328186035,eg
Crosetto2016,Crosetto and Filippin EXEC 2016,EG,211148,23,0,3,0.4828818269399926, ,NA,6,5.333333492279053,3.5,1.6666666269302368,1.3333333730697632,2,4.5,3.055555582046509,eg
Crosetto2016,Crosetto and Filippin EXEC 2016,EG,211709,20,1,4,0.6604275602987036, ,NA,2,5.5,4.833333492279053,3.3333332538604736,1.6666666269302368,1.6666666269302368,2,3.1666667461395264,eg
Crosetto2016,Crosetto and Filippin EXEC 2016,EG,221148,24,1,2,-0.8224914673692547, ,NA,5,4.166666507720947,3.5,3.6666667461395264,1,3.3333332538604736,5.166666507720947,3.472222089767456,eg
Crosetto2016,Crosetto and Filippin EXEC 2016,EG,221709,25,1,3,0.5433638814184815, ,NA,1,3.6666667461395264,2.8333332538604736,2.3333332538604736,1.3333333730697632,2.1666667461395264,1.8333333730697632,2.3611111640930176,eg
Crosetto2016,Crosetto and Filippin EXEC 2016,EG,221747,21,1,2,-0.3457645637728274, ,NA,5,5.666666507720947,2.8333332538604736,4.666666507720947,1.6666666269302368,1.6666666269302368,6.166666507720947,3.777777671813965,eg
Crosetto2016,Crosetto and Filippin EXEC 2016,EG,231148,24,0,2,-0.7326882858574391, ,NA,4,5,4.5,3,2.6666667461395264,3.5,2.8333332538604736,3.5833332538604736,eg
Crosetto2016,Crosetto and Filippin EXEC 2016,EG,231709,21,0,2,-0.24018928700592368, ,NA,1,4.5,2.8333332538604736,4.333333492279053,1.3333333730697632,2.5,2.6666667461395264,3.027777910232544,eg
Crosetto2016,Crosetto and Filippin EXEC 2016,EG,231747,31,0,2,0.09691171720391156, ,NA,8,6.5,3.5,4,2.6666667461395264,3.1666667461395264,6,4.30555534362793,eg
Crosetto2016,Crosetto and Filippin EXEC 2016,EG,241148,29,0,5,1, ,NA,7,6.166666507720947,3.6666667461395264,3.6666667461395264,2.3333332538604736,3,5.166666507720947,4,eg
Crosetto2016,Crosetto and Filippin EXEC 2016,EG,241709,24,0,2,0.035341663358267494, ,NA,7,5.833333492279053,3.6666667461395264,4,3,1.8333333730697632,5.666666507720947,4,eg
Crosetto2016,Crosetto and Filippin EXEC 2016,EG,241747,25,0,5,1, ,NA,8,6,4.666666507720947,6.333333492279053,3,2.6666667461395264,7,4.94444465637207,eg
Crosetto2016,Crosetto and Filippin EXEC 2016,EG,251148,24,1,2,0.23752851005643616, ,NA,6,5.166666507720947,3.5,2.6666667461395264,1,3.3333332538604736,4.5,3.3611111640930176,eg
Crosetto2016,Crosetto and Filippin EXEC 2016,EG,251709,21,0,2,0.2744270736072214, ,NA,5,4.333333492279053,3.8333332538604736,2.3333332538604736,2.6666667461395264,3.5,3.3333332538604736,3.3333332538604736,eg
Crosetto2016,Crosetto and Filippin EXEC 2016,EG,251747,22,1,2,0.29792637132108224, ,NA,2,4.833333492279053,3.5,2,1,3.1666667461395264,4.666666507720947,3.194444417953491,eg
Crosetto2016,Crosetto and Filippin EXEC 2016,EG,261148,30,0,1,-1, ,NA,4,3.8333332538604736,2.3333332538604736,5.666666507720947,1,1.3333333730697632,5.833333492279053,3.3333332538604736,eg
Crosetto2016,Crosetto and Filippin EXEC 2016,EG,261709,22,0,2,-0.6135271600191481, ,NA,4,4.666666507720947,4.833333492279053,4,2,3.3333332538604736,4.833333492279053,3.944444417953491,eg
Crosetto2016,Crosetto and Filippin EXEC 2016,EG,261747,29,1,2,0.002977232842240607, ,NA,3,5,2.8333332538604736,2,4.666666507720947,2.3333332538604736,1.1666666269302368,3,eg
Crosetto2016,Crosetto and Filippin EXEC 2016,EG,271148,21,1,2,-0.5754717914387584, ,NA,3,4.5,4.333333492279053,1,1,2.1666667461395264,2.5,2.5833334922790527,eg
Crosetto2016,Crosetto and Filippin EXEC 2016,EG,281709,21,1,4,0.6673043433064595, ,NA,6,5.5,3.5,1,1,2.3333332538604736,3.8333332538604736,2.8611111640930176,eg
Crosetto2016,Crosetto and Filippin EXEC 2016,EG,281747,29,0,5,1, ,NA,5,5.833333492279053,3,4.333333492279053,2.3333332538604736,2,2.5,3.3333334922790527,eg
Crosetto2016,Crosetto and Filippin EXEC 2016,EG,291148,24,0,1,-1, ,NA,4,5.666666507720947,1.6666666269302368,3.3333332538604736,1.6666666269302368,3.1666667461395264,4.5,3.3333332538604736,eg
Crosetto2016,Crosetto and Filippin EXEC 2016,EG,291709,23,1,3,0.5119683512696065, ,NA,6,5,3.3333332538604736,2.6666667461395264,1,1.5,4.333333492279053,2.972222328186035,eg
Crosetto2016,Crosetto and Filippin EXEC 2016,EG,291747,26,1,3,0.3613320530881174, ,NA,8,6.666666507720947,3.1666667461395264,3.3333332538604736,2,1.1666666269302368,5.833333492279053,3.694444417953491,eg
Crosetto2016,Crosetto and Filippin EXEC 2016,EG,301148,21,0,2,-0.775581937409006, ,NA,6,5.5,4,3.3333332538604736,2.6666667461395264,1,3.1666667461395264,3.277777671813965,eg
Crosetto2016,Crosetto and Filippin EXEC 2016,EG,301709,21,0,5,1, ,NA,7,6,3.6666667461395264,5,2,3.3333332538604736,6.833333492279053,4.472222328186035,eg
Crosetto2016,Crosetto and Filippin EXEC 2016,EG,301747,24,0,3,0.43374944472685456, ,NA,6,5.5,4.833333492279053,2.3333332538604736,3,3.6666667461395264,4.5,3.972222328186035,eg
Crosetto2016,Crosetto and Filippin EXEC 2016,EG,311148,22,1,1,-1, ,NA,8,5,3.5,2.6666667461395264,2,3.3333332538604736,3.6666667461395264,3.3611111640930176,eg
Crosetto2016,Crosetto and Filippin EXEC 2016,EG,311709,21,1,2,-0.09890627551358189, ,NA,5,5.166666507720947,4.833333492279053,4.333333492279053,2.6666667461395264,4.5,3.1666667461395264,4.111111164093018,eg
Crosetto2016,Crosetto and Filippin EXEC 2016,EG,311747,26,0,5,1, ,NA,8,4.5,5.333333492279053,4.666666507720947,4.666666507720947,2.6666667461395264,5.666666507720947,4.583333492279053,eg
Crosetto2016,Crosetto and Filippin EXEC 2016,EG,321148,21,1,1,-1, ,NA,6,6,4.333333492279053,3,2.3333332538604736,2.3333332538604736,5.833333492279053,3.972222328186035,eg
Crosetto2016,Crosetto and Filippin EXEC 2016,EG,321709,23,1,3,0.34395322093740105, ,NA,8,5,5.666666507720947,2,1,4.333333492279053,5.333333492279053,3.8888888359069824,eg
Crosetto2016,Crosetto and Filippin EXEC 2016,IG,10858,20,1,2.799999952316284,0.78901942943628, ,NA,7,5,2.6666667461395264,3.3333332538604736,2,3.1666667461395264,5.333333492279053,3.5833334922790527,cgptotal
Crosetto2016,Crosetto and Filippin EXEC 2016,IG,10927,20,0,4,1, ,NA,7,4,3.8333332538604736,4,5.333333492279053,2.5,3,3.777777671813965,cgptotal
Crosetto2016,Crosetto and Filippin EXEC 2016,IG,11815,25,1,4,1, ,NA,9,1.6666666269302368,2.3333332538604736,4,4,2.6666667461395264,4.833333492279053,3.25,cgptotal
Crosetto2016,Crosetto and Filippin EXEC 2016,IG,20858,23,1,2,0.6763433160902347, ,NA,7,5,2.5,1.6666666269302368,1.6666666269302368,1.3333333730697632,3.3333332538604736,2.5833332538604736,cgptotal
Crosetto2016,Crosetto and Filippin EXEC 2016,IG,20927,20,1,2,0.6763433160902347, ,NA,2,5.166666507720947,3.8333332538604736,1.3333333730697632,1,2.6666667461395264,1.6666666269302368,2.6111111640930176,cgptotal
Crosetto2016,Crosetto and Filippin EXEC 2016,IG,21815,22,0,4,1, ,NA,3,4.5,1.8333333730697632,2.6666667461395264,1.3333333730697632,1.5,2.3333332538604736,2.3611111640930176,cgptotal
Crosetto2016,Crosetto and Filippin EXEC 2016,IG,30858,24,1,1.5,0.5574929506502401, ,NA,2,5.333333492279053,4,2.6666667461395264,1.3333333730697632,2.3333332538604736,4.166666507720947,3.305555582046509,cgptotal
Crosetto2016,Crosetto and Filippin EXEC 2016,IG,30927,19,0,2,0.6763433160902347, ,NA,6,4.666666507720947,4.5,4.333333492279053,1.6666666269302368,3,4.333333492279053,3.75,cgptotal
Crosetto2016,Crosetto and Filippin EXEC 2016,IG,31815,33,0,4,1, ,NA,5,5.666666507720947,5.166666507720947,3.6666667461395264,1.3333333730697632,3.6666667461395264,5.333333492279053,4.138888835906982,cgptotal
Crosetto2016,Crosetto and Filippin EXEC 2016,IG,40858,23,1,4,1, ,NA,2,4,1.3333333730697632,2.3333332538604736,1,1.1666666269302368,2,1.9722222089767456,cgptotal
Crosetto2016,Crosetto and Filippin EXEC 2016,IG,40927,25,0,4,1, ,NA,7,5.5,4.833333492279053,6.333333492279053,3.3333332538604736,3.3333332538604736,5.833333492279053,4.861111164093018,cgptotal
Crosetto2016,Crosetto and Filippin EXEC 2016,IG,41815,28,0,3.5,0.8610359944838694, ,NA,5,5.666666507720947,3.5,5.666666507720947,3,1.6666666269302368,2.5,3.6666665077209473,cgptotal
Crosetto2016,Crosetto and Filippin EXEC 2016,IG,50858,27,0,3.5,0.8610359944838694, ,NA,6,4.5,3,5,1.3333333730697632,1.6666666269302368,2.5,3,cgptotal
Crosetto2016,Crosetto and Filippin EXEC 2016,IG,50927,25,1,2,0.6763433160902347, ,NA,7,5.833333492279053,2.5,4.666666507720947,2,2.3333332538604736,4.166666507720947,3.5833332538604736,cgptotal
Crosetto2016,Crosetto and Filippin EXEC 2016,IG,51815,21,1,1.7000000476837158,0.6125719748975675, ,NA,7,5.833333492279053,5.166666507720947,3.6666667461395264,3,2,5.5,4.19444465637207,cgptotal
Crosetto2016,Crosetto and Filippin EXEC 2016,IG,60858,19,1,3,0.8105361810656604, ,NA,3,5.166666507720947,3.1666667461395264,2,1,1.8333333730697632,3.8333332538604736,2.8333332538604736,cgptotal
Crosetto2016,Crosetto and Filippin EXEC 2016,IG,60927,28,1,3,0.8105361810656604, ,NA,7,4.666666507720947,2,4.333333492279053,1.6666666269302368,1.5,3.1666667461395264,2.8888888359069824,cgptotal
Crosetto2016,Crosetto and Filippin EXEC 2016,IG,61815,24,0,2.5,0.7531005600482754, ,NA,8,3.1666667461395264,3.5,5,1.6666666269302368,1.6666666269302368,5.833333492279053,3.472222328186035,cgptotal
Crosetto2016,Crosetto and Filippin EXEC 2016,IG,70858,22,0,2,0.6763433160902347, ,NA,5,3.3333332538604736,4.166666507720947,1.6666666269302368,2.3333332538604736,2.3333332538604736,4,2.972222089767456,cgptotal
Crosetto2016,Crosetto and Filippin EXEC 2016,IG,70927,21,1,2.5,0.7531005600482754, ,NA,5,4.5,4.5,3.6666667461395264,1,2.8333332538604736,4.5,3.5,cgptotal
Crosetto2016,Crosetto and Filippin EXEC 2016,IG,71815,21,0,4,1, ,NA,3,4.166666507720947,3.6666667461395264,4.333333492279053,2,2,3,3.194444417953491,cgptotal
Crosetto2016,Crosetto and Filippin EXEC 2016,IG,80858,24,1,2,0.6763433160902347, ,NA,4,6.166666507720947,2.8333332538604736,4,3,1.6666666269302368,3.1666667461395264,3.472222089767456,cgptotal
Crosetto2016,Crosetto and Filippin EXEC 2016,IG,80927,26,1,2.5,0.7531005600482754, ,NA,3,5.333333492279053,3,3.3333332538604736,1.6666666269302368,3.5,4,3.472222328186035,cgptotal
Crosetto2016,Crosetto and Filippin EXEC 2016,IG,90858,20,1,2,0.6763433160902347, ,NA,2,4.166666507720947,2.1666667461395264,2,2,3,2.3333332538604736,2.6111111640930176,cgptotal
Crosetto2016,Crosetto and Filippin EXEC 2016,IG,90927,21,0,1,0.33106557025693334, ,NA,7,4.333333492279053,3.6666667461395264,1,2.3333332538604736,1.6666666269302368,4.666666507720947,2.944444417953491,cgptotal
Crosetto2016,Crosetto and Filippin EXEC 2016,IG,91815,22,1,2,0.6763433160902347, ,NA,5,4.5,4.166666507720947,4.666666507720947,3.3333332538604736,4.166666507720947,5,4.30555534362793,cgptotal
Crosetto2016,Crosetto and Filippin EXEC 2016,IG,100858,22,1,2.5,0.7531005600482754, ,NA,5,6,4.333333492279053,3.3333332538604736,1.3333333730697632,2.8333332538604736,6.833333492279053,4.111111164093018,cgptotal
Crosetto2016,Crosetto and Filippin EXEC 2016,IG,100927,30,0,1.5,0.5574929506502401, ,NA,7,3,5,2,3.6666667461395264,2.8333332538604736,3.5,3.3333332538604736,cgptotal
Crosetto2016,Crosetto and Filippin EXEC 2016,IG,101815,25,0,3,0.8105361810656604, ,NA,3,5.5,3.3333332538604736,4,2.6666667461395264,2,2.5,3.3333332538604736,cgptotal
Crosetto2016,Crosetto and Filippin EXEC 2016,IG,110858,21,1,2.5,0.7531005600482754, ,NA,4,5.333333492279053,3.1666667461395264,2.3333332538604736,1,2.8333332538604736,3.5,3.027777671813965,cgptotal
Crosetto2016,Crosetto and Filippin EXEC 2016,IG,110927,21,0,3,0.8105361810656604, ,NA,9,4.666666507720947,4.833333492279053,2.6666667461395264,2,1.8333333730697632,4.666666507720947,3.444444417953491,cgptotal
Crosetto2016,Crosetto and Filippin EXEC 2016,IG,111815,25,0,4,1, ,NA,6,5.666666507720947,2.5,4.666666507720947,2.6666667461395264,2.8333332538604736,1.6666666269302368,3.3333332538604736,cgptotal
Crosetto2016,Crosetto and Filippin EXEC 2016,IG,120858,30,0,2,0.6763433160902347, ,NA,3,5.166666507720947,4.166666507720947,4,1,2.5,5.166666507720947,3.6666665077209473,cgptotal
Crosetto2016,Crosetto and Filippin EXEC 2016,IG,120927,20,1,2,0.6763433160902347, ,NA,3,5,3,1.6666666269302368,1,1.8333333730697632,4.166666507720947,2.777777671813965,cgptotal
Crosetto2016,Crosetto and Filippin EXEC 2016,IG,121815,25,0,3,0.8105361810656604, ,NA,9,4.666666507720947,5.333333492279053,4.333333492279053,4,2.3333332538604736,6.166666507720947,4.472222328186035,cgptotal
Crosetto2016,Crosetto and Filippin EXEC 2016,IG,130858,23,0,4,1, ,NA,8,4.5,4,3.6666667461395264,3.3333332538604736,3.5,6,4.166666507720947,cgptotal
Crosetto2016,Crosetto and Filippin EXEC 2016,IG,130927,21,1,2,0.6763433160902347, ,NA,3,5,3.1666667461395264,2.3333332538604736,1,2.6666667461395264,3.5,2.944444417953491,cgptotal
Crosetto2016,Crosetto and Filippin EXEC 2016,IG,131815,23,0,3,0.8105361810656604, ,NA,2,5,3.3333332538604736,3.6666667461395264,1.6666666269302368,3,6,3.777777671813965,cgptotal
Crosetto2016,Crosetto and Filippin EXEC 2016,IG,140858,21,1,2,0.6763433160902347, ,NA,7,4.833333492279053,4.666666507720947,2.3333332538604736,2.6666667461395264,3.3333332538604736,6,3.972222328186035,cgptotal
Crosetto2016,Crosetto and Filippin EXEC 2016,IG,140927,21,1,2.5,0.7531005600482754, ,NA,8,5,2,4,1,1.8333333730697632,5.5,3.222222328186035,cgptotal
Crosetto2016,Crosetto and Filippin EXEC 2016,IG,141815,28,1,1.5,0.5574929506502401, ,NA,1,5.166666507720947,1.1666666269302368,1,1,1.1666666269302368,1,1.75,cgptotal
Crosetto2016,Crosetto and Filippin EXEC 2016,IG,150927,20,1,2,0.6763433160902347, ,NA,6,4.166666507720947,3.1666667461395264,2,2.6666667461395264,1.6666666269302368,4.5,3.027777671813965,cgptotal
Crosetto2016,Crosetto and Filippin EXEC 2016,IG,151815,26,1,2,0.6763433160902347, ,NA,2,4.5,2,2,1,1.3333333730697632,2.5,2.222222328186035,cgptotal
Crosetto2016,Crosetto and Filippin EXEC 2016,IG,160858,22,1,1,0.33106557025693334, ,NA,3,5.333333492279053,3.5,2.3333332538604736,1,2.5,4,3.1111111640930176,cgptotal
Crosetto2016,Crosetto and Filippin EXEC 2016,IG,160927,26,1,1.5,0.5574929506502401, ,NA,8,5.5,2.5,3.6666667461395264,1,2.3333332538604736,6.333333492279053,3.555555582046509,cgptotal
Crosetto2016,Crosetto and Filippin EXEC 2016,IG,161815,22,0,1.5,0.5574929506502401, ,NA,3,5.5,4.5,1.6666666269302368,3,1.3333333730697632,3.8333332538604736,3.305555582046509,cgptotal
Crosetto2016,Crosetto and Filippin EXEC 2016,IG,170858,24,0,4,1, ,NA,6,5.833333492279053,4.166666507720947,4,5,2.8333332538604736,5,4.472222328186035,cgptotal
Crosetto2016,Crosetto and Filippin EXEC 2016,IG,170927,21,1,2.5,0.7531005600482754, ,NA,6,6,4.166666507720947,3.6666667461395264,2,3.8333332538604736,5.166666507720947,4.138888835906982,cgptotal
Crosetto2016,Crosetto and Filippin EXEC 2016,IG,171815,19,1,3,0.8105361810656604, ,NA,4,5.5,4.5,2.6666667461395264,3,3,3.5,3.694444417953491,cgptotal
Crosetto2016,Crosetto and Filippin EXEC 2016,IG,180858,25,1,3.5,0.8610359944838694, ,NA,5,4.166666507720947,2.6666667461395264,1,1,1.6666666269302368,4.5,2.5,cgptotal
Crosetto2016,Crosetto and Filippin EXEC 2016,IG,180927,22,1,1.5,0.5574929506502401, ,NA,3,5.666666507720947,4,3.3333332538604736,1,2.8333332538604736,5.666666507720947,3.75,cgptotal
Crosetto2016,Crosetto and Filippin EXEC 2016,IG,181815,24,1,3,0.8105361810656604, ,NA,2,5.666666507720947,2.6666667461395264,2.3333332538604736,3,1.8333333730697632,2.8333332538604736,3.055555582046509,cgptotal
Crosetto2016,Crosetto and Filippin EXEC 2016,IG,190858,24,1,2,0.6763433160902347, ,NA,6,4.166666507720947,3.8333332538604736,2,1.3333333730697632,2.3333332538604736,4.333333492279053,3,cgptotal
Crosetto2016,Crosetto and Filippin EXEC 2016,IG,191815,21,1,1,0.33106557025693334, ,NA,7,5.833333492279053,4.333333492279053,4.333333492279053,1,4.5,5.833333492279053,4.305555820465088,cgptotal
Crosetto2016,Crosetto and Filippin EXEC 2016,IG,200858,22,0,4,1, ,NA,5,3.8333332538604736,3.3333332538604736,3.6666667461395264,2.6666667461395264,2,5.166666507720947,3.444444417953491,cgptotal
Crosetto2016,Crosetto and Filippin EXEC 2016,IG,200927,29,0,2.5,0.7531005600482754, ,NA,8,4.833333492279053,5.833333492279053,3,2,2.6666667461395264,6.333333492279053,4.111111164093018,cgptotal
Crosetto2016,Crosetto and Filippin EXEC 2016,IG,201815,30,0,3.0999999046325684,0.8208221415979814, ,NA,7,4.666666507720947,5.833333492279053,3,3,3.3333332538604736,6.166666507720947,4.333333492279053,cgptotal
Crosetto2016,Crosetto and Filippin EXEC 2016,IG,210858,21,1,1.5,0.5574929506502401, ,NA,6,4.666666507720947,3.3333332538604736,2,1.6666666269302368,3.8333332538604736,3.8333332538604736,3.222222089767456,cgptotal
Crosetto2016,Crosetto and Filippin EXEC 2016,IG,211815,26,0,2,0.6763433160902347, ,NA,7,5.5,4.833333492279053,3.3333332538604736,3.6666667461395264,5,5.666666507720947,4.666666507720947,cgptotal
Crosetto2016,Crosetto and Filippin EXEC 2016,IG,220858,23,0,3.5,0.8610359944838694, ,NA,8,3.5,5.333333492279053,1.3333333730697632,4,2.6666667461395264,6.333333492279053,3.8611111640930176,cgptotal
Crosetto2016,Crosetto and Filippin EXEC 2016,IG,220927,34,1,3.5,0.8610359944838694, ,NA,3,4.5,4,2.3333332538604736,1,3.1666667461395264,2,2.8333332538604736,cgptotal
Crosetto2016,Crosetto and Filippin EXEC 2016,IG,221815,20,1,2,0.6763433160902347, ,NA,6,5.333333492279053,2.5,2,1,3,3.1666667461395264,2.8333334922790527,cgptotal
Crosetto2016,Crosetto and Filippin EXEC 2016,IG,230858,23,0,2.5,0.7531005600482754, ,NA,7,5.333333492279053,3,4,3,2.6666667461395264,4.833333492279053,3.805555582046509,cgptotal
Crosetto2016,Crosetto and Filippin EXEC 2016,IG,230927,21,0,4,1, ,NA,7,5.333333492279053,5.5,5.333333492279053,1.3333333730697632,2.6666667461395264,5.333333492279053,4.25,cgptotal
Crosetto2016,Crosetto and Filippin EXEC 2016,IG,231815,29,1,2,0.6763433160902347, ,NA,6,6,4.5,3,2.6666667461395264,2,3.3333332538604736,3.5833332538604736,cgptotal
Crosetto2016,Crosetto and Filippin EXEC 2016,IG,240858,21,0,2,0.6763433160902347, ,NA,6,4.833333492279053,4.166666507720947,3.3333332538604736,2.6666667461395264,3.1666667461395264,4.5,3.777777671813965,cgptotal
Crosetto2016,Crosetto and Filippin EXEC 2016,IG,240927,20,1,2.5,0.7531005600482754, ,NA,2,4.666666507720947,1.3333333730697632,3.3333332538604736,2.3333332538604736,1,1.6666666269302368,2.3888888359069824,cgptotal
Crosetto2016,Crosetto and Filippin EXEC 2016,IG,241815,60,1,2.5,0.7531005600482754, ,NA,3,4.166666507720947,2.1666667461395264,2,1,1.8333333730697632,1,2.027777671813965,cgptotal
Crosetto2016,Crosetto and Filippin EXEC 2016,IG,250858,21,0,1.5,0.5574929506502401, ,NA,2,4.666666507720947,2.6666667461395264,4.333333492279053,2,2,3.8333332538604736,3.25,cgptotal
Crosetto2016,Crosetto and Filippin EXEC 2016,IG,250927,20,1,2,0.6763433160902347, ,NA,3,5.166666507720947,3.8333332538604736,4.333333492279053,2,2.8333332538604736,2.5,3.444444417953491,cgptotal
Crosetto2016,Crosetto and Filippin EXEC 2016,IG,251815,27,1,2.5,0.7531005600482754, ,NA,2,3.1666667461395264,1.6666666269302368,2.6666667461395264,3.3333332538604736,3.1666667461395264,1.6666666269302368,2.6111111640930176,cgptotal
Crosetto2016,Crosetto and Filippin EXEC 2016,IG,260858,33,0,4,1, ,NA,5,6,4.666666507720947,5.333333492279053,2.6666667461395264,5,3,4.44444465637207,cgptotal
Crosetto2016,Crosetto and Filippin EXEC 2016,IG,260927,19,1,2.5,0.7531005600482754, ,NA,2,4.5,4.333333492279053,4.666666507720947,2,2.8333332538604736,4.833333492279053,3.8611111640930176,cgptotal
Crosetto2016,Crosetto and Filippin EXEC 2016,IG,261815,23,0,1,0.33106557025693334, ,NA,6,5.666666507720947,5,3.3333332538604736,3.3333332538604736,3.8333332538604736,6,4.527777671813965,cgptotal
Crosetto2016,Crosetto and Filippin EXEC 2016,IG,270858,23,0,4,1, ,NA,9,6.333333492279053,4.833333492279053,7,5.666666507720947,3.8333332538604736,6.333333492279053,5.666666507720947,cgptotal
Crosetto2016,Crosetto and Filippin EXEC 2016,IG,270927,22,1,1.5,0.5574929506502401, ,NA,7,5.333333492279053,4.666666507720947,2.3333332538604736,1,2.1666667461395264,3.6666667461395264,3.194444417953491,cgptotal
Crosetto2016,Crosetto and Filippin EXEC 2016,IG,271815,22,1,1,0.33106557025693334, ,NA,3,4,2.1666667461395264,2.6666667461395264,2.3333332538604736,1.6666666269302368,3.3333332538604736,2.694444417953491,cgptotal
Crosetto2016,Crosetto and Filippin EXEC 2016,IG,280858,21,0,2,0.6763433160902347, ,NA,8,6.166666507720947,5.666666507720947,3.6666667461395264,5.333333492279053,2.3333332538604736,6.333333492279053,4.916666507720947,cgptotal
Crosetto2016,Crosetto and Filippin EXEC 2016,IG,281815,22,0,4,1, ,NA,2,2.6666667461395264,3.6666667461395264,3,6,5.5,2.5,3.8888888359069824,cgptotal
Crosetto2016,Crosetto and Filippin EXEC 2016,IG,290858,23,1,3,0.8105361810656604, ,NA,6,5.666666507720947,3.3333332538604736,4.333333492279053,3.3333332538604736,4,1.8333333730697632,3.75,cgptotal
Crosetto2016,Crosetto and Filippin EXEC 2016,IG,291815,21,0,4,1, ,NA,6,6,3.1666667461395264,4.333333492279053,4.333333492279053,2,3.8333332538604736,3.944444417953491,cgptotal
Crosetto2016,Crosetto and Filippin EXEC 2016,IG,300858,23,1,1,0.33106557025693334, ,NA,5,5.5,3.3333332538604736,3.3333332538604736,1.3333333730697632,2.6666667461395264,2.8333332538604736,3.1666667461395264,cgptotal
Crosetto2016,Crosetto and Filippin EXEC 2016,IG,301815,23,1,4,1, ,NA,8,5.666666507720947,3.6666667461395264,2,2.6666667461395264,2.5,3.6666667461395264,3.3611111640930176,cgptotal
Crosetto2016,Crosetto and Filippin EXEC 2016,IG,311815,27,1,2,0.6763433160902347, ,NA,4,6.166666507720947,3,1.6666666269302368,3.6666667461395264,2.3333332538604736,3.1666667461395264,3.3333332538604736,cgptotal
Crosetto2016,Crosetto and Filippin EXEC 2016,IG,320858,21,1,2,0.6763433160902347, ,NA,5,4.333333492279053,3.5,1.6666666269302368,1.6666666269302368,1.6666666269302368,4.166666507720947,2.8333332538604736,cgptotal
Crosetto2016,Crosetto and Filippin EXEC 2016,IG,321815,23,0,1,0.33106557025693334, ,NA,7,5.333333492279053,4.5,3.6666667461395264,2,4.833333492279053,3.8333332538604736,4.027777671813965,cgptotal
Crosetto2016,Crosetto and Filippin EXEC 2016,HL,11018,19,1,2,-0.2891415421664715, ,0,3,5.166666507720947,4,1.6666666269302368,1.3333333730697632,2.6666667461395264,2.8333332538604736,2.944444417953491,safechoices
Crosetto2016,Crosetto and Filippin EXEC 2016,HL,11108,25,1,4,0.33870434753829615, ,0,4,5.333333492279053,4,5,1,3.1666667461395264,3,3.5833334922790527,safechoices
Crosetto2016,Crosetto and Filippin EXEC 2016,HL,11456,37,1,4,0.3845944182318635, ,0,6,6.166666507720947,3.6666667461395264,4,4.666666507720947,2,3.6666667461395264,4.027777671813965,safechoices
Crosetto2016,Crosetto and Filippin EXEC 2016,HL,21018,23,1,8,1.496411654665135, ,0,6,6.666666507720947,3,3.6666667461395264,2.6666667461395264,3.3333332538604736,6.5,4.30555534362793,safechoices
Crosetto2016,Crosetto and Filippin EXEC 2016,HL,21456,25,0,2,-0.03250410852953789, ,0,8,6.333333492279053,4.666666507720947,2.6666667461395264,4.666666507720947,2.5,6.5,4.55555534362793,safechoices
Crosetto2016,Crosetto and Filippin EXEC 2016,HL,31018,23,1,3,0.08768986365757883, ,0,1,4.5,1.6666666269302368,1,1,1.5,1.1666666269302368,1.8055555820465088,safechoices
Crosetto2016,Crosetto and Filippin EXEC 2016,HL,31108,22,1,4,0.5813993006362579, ,0,7,5,3.1666667461395264,4.666666507720947,2.6666667461395264,3.1666667461395264,5.333333492279053,4,safechoices
Crosetto2016,Crosetto and Filippin EXEC 2016,HL,31456,21,1,1,-0.37, ,0,5,4.833333492279053,5.333333492279053,2.3333332538604736,2,2.5,1.6666666269302368,3.1111111640930176,safechoices
Crosetto2016,Crosetto and Filippin EXEC 2016,HL,41108,21,1,7,1.1613503127591684, ,0,7,5.166666507720947,3.6666667461395264,1,1,1.3333333730697632,4,2.694444417953491,safechoices
Crosetto2016,Crosetto and Filippin EXEC 2016,HL,41456,23,1,6,0.8606861276086419, ,0,4,5.166666507720947,4,4.333333492279053,1.3333333730697632,3,3.3333332538604736,3.527777671813965,safechoices
Crosetto2016,Crosetto and Filippin EXEC 2016,HL,51108,23,0,3,0.058217405267059805, ,0,7,4.333333492279053,6.166666507720947,4.666666507720947,3.6666667461395264,3.1666667461395264,3,4.166666507720947,safechoices
Crosetto2016,Crosetto and Filippin EXEC 2016,HL,71018,20,1,4,0.5045207884651608, ,0,2,5,5.333333492279053,3.3333332538604736,1.6666666269302368,3,4.5,3.805555582046509,safechoices
Crosetto2016,Crosetto and Filippin EXEC 2016,HL,71108,23,0,4,0.43997520741308105, ,0,7,5.166666507720947,3.6666667461395264,3,3.3333332538604736,3,4.5,3.777777671813965,safechoices
Crosetto2016,Crosetto and Filippin EXEC 2016,HL,71456,21,1,2,-0.2093829273059964, ,0,4,5.166666507720947,1.3333333730697632,2.3333332538604736,1.6666666269302368,1.6666666269302368,1.1666666269302368,2.222222089767456,safechoices
Crosetto2016,Crosetto and Filippin EXEC 2016,HL,81018,23,0,3,0.3112355812848546, ,0,7,6.666666507720947,5.5,4.333333492279053,6.666666507720947,4.5,5.5,5.527777671813965,safechoices
Crosetto2016,Crosetto and Filippin EXEC 2016,HL,81108,28,1,3,0.2250871519930661, ,0,4,5.166666507720947,4.5,1.6666666269302368,1.3333333730697632,4,2,3.1111111640930176,safechoices
Crosetto2016,Crosetto and Filippin EXEC 2016,HL,81456,23,0,1,-0.37, ,0,2,4.5,2.5,3,1,2.1666667461395264,2,2.527777671813965,safechoices
Crosetto2016,Crosetto and Filippin EXEC 2016,HL,91018,26,1,7,1.4523082701442762, ,0,1,4.5,3,3,4.666666507720947,1.8333333730697632,1.3333333730697632,3.055555582046509,safechoices
Crosetto2016,Crosetto and Filippin EXEC 2016,HL,91108,24,1,4,0.42758727363776416, ,0,2,6.166666507720947,3.3333332538604736,3.3333332538604736,1.6666666269302368,3.3333332538604736,3.1666667461395264,3.5,safechoices
Crosetto2016,Crosetto and Filippin EXEC 2016,HL,91456,29,0,3,0.3159563632239588, ,0,3,4.833333492279053,4.166666507720947,3,3,3.5,4.5,3.8333332538604736,safechoices
Crosetto2016,Crosetto and Filippin EXEC 2016,HL,111018,20,1,5,0.6925279654422775, ,0,6,4.666666507720947,3.1666667461395264,5.666666507720947,7,3.3333332538604736,2.3333332538604736,4.361111164093018,safechoices
Crosetto2016,Crosetto and Filippin EXEC 2016,HL,111108,22,1,4,0.42379295750288293, ,0,6,5,4,3.3333332538604736,3,2.8333332538604736,3,3.527777671813965,safechoices
Crosetto2016,Crosetto and Filippin EXEC 2016,HL,111456,29,0,3,0.0723908958118409, ,0,6,5.5,3,4.666666507720947,2.6666667461395264,2.3333332538604736,4.833333492279053,3.8333332538604736,safechoices
Crosetto2016,Crosetto and Filippin EXEC 2016,HL,121018,26,1,2,-0.22614839987829327, ,0,5,4.333333492279053,3.3333332538604736,3.3333332538604736,1,2.3333332538604736,2.3333332538604736,2.777777671813965,safechoices
Crosetto2016,Crosetto and Filippin EXEC 2016,HL,121456,20,1,0,-0.37, ,0,7,4.166666507720947,1.8333333730697632,2.3333332538604736,1,1.6666666269302368,6,2.8333332538604736,safechoices
Crosetto2016,Crosetto and Filippin EXEC 2016,HL,131018,24,0,3,0.04766640259418636, ,0,7,4.166666507720947,3.5,4.333333492279053,3.3333332538604736,3.5,5.666666507720947,4.083333492279053,safechoices
Crosetto2016,Crosetto and Filippin EXEC 2016,HL,131108,21,0,5,0.6078936786996201, ,0,7,5.333333492279053,4.5,3.3333332538604736,2.6666667461395264,4,5.166666507720947,4.166666507720947,safechoices
Crosetto2016,Crosetto and Filippin EXEC 2016,HL,131456,24,1,7,1.4715055724745616, ,0,5,5.5,3.3333332538604736,3.6666667461395264,1,1.5,1.8333333730697632,2.805555582046509,safechoices
Crosetto2016,Crosetto and Filippin EXEC 2016,HL,141018,22,0,10,2.71, ,0,8,5.5,5,5,3,2.3333332538604736,6,4.472222328186035,safechoices
Crosetto2016,Crosetto and Filippin EXEC 2016,HL,141456,23,0,6,1.0567934008780866, ,0,7,4.166666507720947,3.6666667461395264,2.6666667461395264,4,3,5.166666507720947,3.777777671813965,safechoices
Crosetto2016,Crosetto and Filippin EXEC 2016,HL,151018,29,0,3,0.10535011631436647, ,0,3,5.333333492279053,3.5,1.3333333730697632,1,2.6666667461395264,3.5,2.8888888359069824,safechoices
Crosetto2016,Crosetto and Filippin EXEC 2016,HL,151456,22,1,4,0.40388049667235465, ,0,4,5.666666507720947,3.1666667461395264,2,1,2.3333332538604736,2.1666667461395264,2.722222328186035,safechoices
Crosetto2016,Crosetto and Filippin EXEC 2016,HL,161018,26,0,3,0.25990971642546357, ,0,6,4.833333492279053,4.166666507720947,3,1,2,4.666666507720947,3.277777671813965,safechoices
Crosetto2016,Crosetto and Filippin EXEC 2016,HL,161108,25,1,0,-0.37, ,0,3,4.666666507720947,3.1666667461395264,3.6666667461395264,1,3.1666667461395264,4.166666507720947,3.305555582046509,safechoices
Crosetto2016,Crosetto and Filippin EXEC 2016,HL,171108,23,1,4,0.502703220937401, ,0,7,4.166666507720947,3,1.6666666269302368,2.3333332538604736,2.1666667461395264,4.5,2.972222089767456,safechoices
Crosetto2016,Crosetto and Filippin EXEC 2016,HL,181018,22,1,4,0.5474317508959211, ,0,9,4,5.666666507720947,2,2.3333332538604736,4.166666507720947,6.333333492279053,4.083333492279053,safechoices
Crosetto2016,Crosetto and Filippin EXEC 2016,HL,181108,26,0,0,-0.37, ,0,8,6.333333492279053,4.833333492279053,2.6666667461395264,1.6666666269302368,2.8333332538604736,5.666666507720947,4,safechoices
Crosetto2016,Crosetto and Filippin EXEC 2016,HL,181456,22,1,3,0.05857936860295013, ,0,6,4.833333492279053,4.5,2.6666667461395264,1.3333333730697632,3.8333332538604736,4.666666507720947,3.6388888359069824,safechoices
Crosetto2016,Crosetto and Filippin EXEC 2016,HL,191018,20,1,1,-0.37, ,0,4,5,3.3333332538604736,3,1,2.3333332538604736,5,3.277777671813965,safechoices
Crosetto2016,Crosetto and Filippin EXEC 2016,HL,191108,25,0,4,0.3971194168063812, ,0,5,5.166666507720947,2.6666667461395264,3.6666667461395264,3.3333332538604736,2.8333332538604736,3.8333332538604736,3.5833332538604736,safechoices
Crosetto2016,Crosetto and Filippin EXEC 2016,HL,191456,23,0,2,-0.17013621244579552, ,0,7,4.333333492279053,5.333333492279053,2.3333332538604736,2,2.5,5.666666507720947,3.694444417953491,safechoices
Crosetto2016,Crosetto and Filippin EXEC 2016,HL,201018,24,1,7,1.481612579599023, ,0,9,6,5.166666507720947,3.3333332538604736,2.6666667461395264,4.166666507720947,6.333333492279053,4.611111164093018,safechoices
Crosetto2016,Crosetto and Filippin EXEC 2016,HL,201456,21,1,4,0.37034763490315525, ,0,7,6.166666507720947,3.5,2.3333332538604736,2.6666667461395264,1.6666666269302368,4.166666507720947,3.4166665077209473,safechoices
Crosetto2016,Crosetto and Filippin EXEC 2016,HL,211018,25,0,3,0.20575658661546187, ,0,7,5.333333492279053,2.8333332538604736,2,1.6666666269302368,2.1666667461395264,3.6666667461395264,2.944444417953491,safechoices
Crosetto2016,Crosetto and Filippin EXEC 2016,HL,211108,20,1,3,0.19570886093191805, ,0,4,5.5,4.166666507720947,3.6666667461395264,2.3333332538604736,2.5,4.5,3.777777671813965,safechoices
Crosetto2016,Crosetto and Filippin EXEC 2016,HL,211456,21,1,3,0.2634696307335981, ,0,5,5,4.166666507720947,3,1.6666666269302368,2.8333332538604736,2.5,3.194444417953491,safechoices
Crosetto2016,Crosetto and Filippin EXEC 2016,HL,221018,26,0,6,1.1053415020229294, ,0,3,4.833333492279053,4.5,1.3333333730697632,2,2.1666667461395264,3.6666667461395264,3.0833334922790527,safechoices
Crosetto2016,Crosetto and Filippin EXEC 2016,HL,221108,21,0,3,0.10612119275378064, ,0,5,5.666666507720947,2.1666667461395264,1.6666666269302368,1,2.1666667461395264,4.5,2.8611111640930176,safechoices
Crosetto2016,Crosetto and Filippin EXEC 2016,HL,221456,25,0,6,1.0188046789262444, ,0,7,5.333333492279053,3.3333332538604736,2.3333332538604736,2.3333332538604736,2.6666667461395264,5.833333492279053,3.6388888359069824,safechoices
Crosetto2016,Crosetto and Filippin EXEC 2016,HL,231018,21,0,4,0.32444376418134196, ,0,10,4.666666507720947,4,4,2,2.8333332538604736,6.333333492279053,3.972222328186035,safechoices
Crosetto2016,Crosetto and Filippin EXEC 2016,HL,231108,47,1,4,0.516974258183036, ,0,3,5.166666507720947,2.1666667461395264,4.333333492279053,2,3,1.8333333730697632,3.0833332538604736,safechoices
Crosetto2016,Crosetto and Filippin EXEC 2016,HL,231456,26,0,5,0.7426836897246539, ,0,5,5,4.833333492279053,3.6666667461395264,2.6666667461395264,4,4.166666507720947,4.05555534362793,safechoices
Crosetto2016,Crosetto and Filippin EXEC 2016,HL,241108,22,1,5,0.6387942972546443, ,0,5,4.333333492279053,3.1666667461395264,3,3,2.3333332538604736,3.1666667461395264,3.1666667461395264,safechoices
Crosetto2016,Crosetto and Filippin EXEC 2016,HL,241456,29,0,4,0.3954285633494146, ,0,8,5.833333492279053,5,3.6666667461395264,2.3333332538604736,3.3333332538604736,5.666666507720947,4.30555534362793,safechoices
Crosetto2016,Crosetto and Filippin EXEC 2016,HL,251018,23,1,4,0.4292837834963575, ,0,4,5,3.3333332538604736,1.3333333730697632,1.6666666269302368,3.5,4.333333492279053,3.194444417953491,safechoices
Crosetto2016,Crosetto and Filippin EXEC 2016,HL,251108,20,1,4,0.4285230742348358, ,0,7,5.333333492279053,3.6666667461395264,4,1.3333333730697632,2.1666667461395264,5,3.5833334922790527,safechoices
Crosetto2016,Crosetto and Filippin EXEC 2016,HL,251456,23,1,3,0.22087564910994845, ,0,5,5.5,1.8333333730697632,5.666666507720947,2.6666667461395264,3.1666667461395264,4,3.805555582046509,safechoices
Crosetto2016,Crosetto and Filippin EXEC 2016,HL,261018,27,0,5,0.816981524634175, ,0,7,5,5.833333492279053,4.666666507720947,1.3333333730697632,2,5.166666507720947,4,safechoices
Crosetto2016,Crosetto and Filippin EXEC 2016,HL,261108,27,0,3,0.12644287386443467, ,0,4,5,4.166666507720947,4,2,2,2.1666667461395264,3.222222328186035,safechoices
Crosetto2016,Crosetto and Filippin EXEC 2016,HL,261456,23,1,3,0.11681627777405085, ,0,6,6.333333492279053,4.166666507720947,1.6666666269302368,2,2,4.166666507720947,3.3888888359069824,safechoices
Crosetto2016,Crosetto and Filippin EXEC 2016,HL,271018,21,1,0,-0.37, ,0,4,3.8333332538604736,3.5,3.3333332538604736,3,2.6666667461395264,3.5,3.305555582046509,safechoices
Crosetto2016,Crosetto and Filippin EXEC 2016,HL,271108,21,0,4,0.3353257043776102, ,0,5,6.166666507720947,4,4.666666507720947,1.3333333730697632,3.5,4.166666507720947,3.972222089767456,safechoices
Crosetto2016,Crosetto and Filippin EXEC 2016,HL,271456,25,1,2,-0.1234493046812713, ,0,6,5.833333492279053,3.5,3,3,1.8333333730697632,5.166666507720947,3.722222328186035,safechoices
Crosetto2016,Crosetto and Filippin EXEC 2016,HL,281018,28,1,3,0.068435017822776, ,0,2,5.333333492279053,1.3333333730697632,3.6666667461395264,1,3,1.6666666269302368,2.6666667461395264,safechoices
Crosetto2016,Crosetto and Filippin EXEC 2016,HL,281108,24,0,4,0.45736459823092446, ,0,4,5.833333492279053,4.166666507720947,4.333333492279053,5,2.8333332538604736,3.6666667461395264,4.30555534362793,safechoices
Crosetto2016,Crosetto and Filippin EXEC 2016,HL,281456,22,0,5,0.7259736359259114, ,0,7,6.833333492279053,4.166666507720947,2,1,4,6,4,safechoices
Crosetto2016,Crosetto and Filippin EXEC 2016,HL,291018,26,1,1,-0.37, ,0,3,6.333333492279053,3.5,2,1.3333333730697632,3.5,2.1666667461395264,3.1388888359069824,safechoices
Crosetto2016,Crosetto and Filippin EXEC 2016,HL,291108,21,0,3,0.040346004804596304, ,0,1,5.166666507720947,3.1666667461395264,2.6666667461395264,2,1.8333333730697632,5.666666507720947,3.4166667461395264,safechoices
Crosetto2016,Crosetto and Filippin EXEC 2016,HL,291456,26,1,4,0.5129691497143358, ,0,6,5.166666507720947,3.6666667461395264,1.6666666269302368,1,2.3333332538604736,1.3333333730697632,2.527777671813965,safechoices
Crosetto2016,Crosetto and Filippin EXEC 2016,HL,301456,24,0,3,0.06456986798672006, ,0,3,4.833333492279053,4,3.6666667461395264,3,3,2.8333332538604736,3.555555582046509,safechoices
Crosetto2016,Crosetto and Filippin EXEC 2016,HL,311018,21,1,7,1.3043529406609013, ,0,7,5.166666507720947,4.333333492279053,3.6666667461395264,2.6666667461395264,3.6666667461395264,5.5,4.166666507720947,safechoices
Crosetto2016,Crosetto and Filippin EXEC 2016,HL,311456,29,0,3,0.1679961399245076, ,0,7,4.833333492279053,3.3333332538604736,4.666666507720947,2,3,5.5,3.8888888359069824,safechoices
Crosetto2016,Crosetto and Filippin EXEC 2016,HL,321456,20,1,0,-0.37, ,0,4,5.333333492279053,2.8333332538604736,5,4,1.8333333730697632,3.5,3.75,safechoices
