bibkey,paper,task,subject,choice,r,Subject,gender,age,country,city,latitude,longitude
Buser2021,Buser et al. 2021,IG,1,15,0.8892534710261043,1,0,23,Germany,Berlin,52.51250267430032,13.324436617770202
Buser2021,Buser et al. 2021,IG,2,0,-1,2,1,24,Germany,Berlin,52.51250267430032,13.324436617770202
Buser2021,Buser et al. 2021,IG,3,20,1,3,0,20,Germany,Berlin,52.51250267430032,13.324436617770202
Buser2021,Buser et al. 2021,IG,4,20,1,4,0,20,Germany,Berlin,52.51250267430032,13.324436617770202
Buser2021,Buser et al. 2021,IG,5,12,0.831176446271546,5,1,25,Germany,Berlin,52.51250267430032,13.324436617770202
Buser2021,Buser et al. 2021,IG,6,20,1,6,1,22,Germany,Berlin,52.51250267430032,13.324436617770202
Buser2021,Buser et al. 2021,IG,7,20,1,7,0,20,Germany,Berlin,52.51250267430032,13.324436617770202
Buser2021,Buser et al. 2021,IG,8,10,0.7564708303892088,8,1,23,Germany,Berlin,52.51250267430032,13.324436617770202
Buser2021,Buser et al. 2021,IG,9,12,0.831176446271546,9,0,20,Germany,Berlin,52.51250267430032,13.324436617770202
Buser2021,Buser et al. 2021,IG,10,20,1,10,0,26,Germany,Berlin,52.51250267430032,13.324436617770202
Buser2021,Buser et al. 2021,IG,11,20,1,11,1,29,Germany,Berlin,52.51250267430032,13.324436617770202
Buser2021,Buser et al. 2021,IG,12,20,1,12,0,19,Germany,Berlin,52.51250267430032,13.324436617770202
Buser2021,Buser et al. 2021,IG,13,10,0.7564708303892088,13,1,24,Germany,Berlin,52.51250267430032,13.324436617770202
Buser2021,Buser et al. 2021,IG,14,11,0.8002227168780148,14,1,22,Germany,Berlin,52.51250267430032,13.324436617770202
Buser2021,Buser et al. 2021,IG,15,20,1,15,0,23,Germany,Berlin,52.51250267430032,13.324436617770202
Buser2021,Buser et al. 2021,IG,16,12,0.831176446271546,16,1,24,Germany,Berlin,52.51250267430032,13.324436617770202
Buser2021,Buser et al. 2021,IG,17,20,1,17,0,25,Germany,Berlin,52.51250267430032,13.324436617770202
Buser2021,Buser et al. 2021,IG,18,0,-1,18,0,19,Germany,Berlin,52.51250267430032,13.324436617770202
Buser2021,Buser et al. 2021,IG,19,10,0.7564708303892088,19,1,19,Germany,Berlin,52.51250267430032,13.324436617770202
Buser2021,Buser et al. 2021,IG,20,12,0.831176446271546,20,1,30,Germany,Berlin,52.51250267430032,13.324436617770202
Buser2021,Buser et al. 2021,IG,21,20,1,21,1,21,Germany,Berlin,52.51250267430032,13.324436617770202
Buser2021,Buser et al. 2021,IG,22,10,0.7564708303892088,22,1,23,Germany,Berlin,52.51250267430032,13.324436617770202
Buser2021,Buser et al. 2021,IG,23,10,0.7564708303892088,23,1,37,Germany,Berlin,52.51250267430032,13.324436617770202
Buser2021,Buser et al. 2021,IG,24,20,1,24,0,19,Germany,Berlin,52.51250267430032,13.324436617770202
Buser2021,Buser et al. 2021,IG,25,12,0.831176446271546,1,0,25,Germany,Berlin,52.51250267430032,13.324436617770202
Buser2021,Buser et al. 2021,IG,26,10,0.7564708303892088,2,1,21,Germany,Berlin,52.51250267430032,13.324436617770202
Buser2021,Buser et al. 2021,IG,27,10,0.7564708303892088,3,0,24,Germany,Berlin,52.51250267430032,13.324436617770202
Buser2021,Buser et al. 2021,IG,28,20,1,4,0,22,Germany,Berlin,52.51250267430032,13.324436617770202
Buser2021,Buser et al. 2021,IG,29,5,2.2239005978342123,5,0,20,Germany,Berlin,52.51250267430032,13.324436617770202
Buser2021,Buser et al. 2021,IG,30,4,1.4747697218456,6,0,22,Germany,Berlin,52.51250267430032,13.324436617770202
Buser2021,Buser et al. 2021,IG,31,20,1,7,0,27,Germany,Berlin,52.51250267430032,13.324436617770202
Buser2021,Buser et al. 2021,IG,32,8,0.5631708387251959,8,0,20,Germany,Berlin,52.51250267430032,13.324436617770202
Buser2021,Buser et al. 2021,IG,33,5,2.2239005978342123,9,1,25,Germany,Berlin,52.51250267430032,13.324436617770202
Buser2021,Buser et al. 2021,IG,34,5,2.2239005978342123,10,1,23,Germany,Berlin,52.51250267430032,13.324436617770202
Buser2021,Buser et al. 2021,IG,35,5,2.2239005978342123,11,1,28,Germany,Berlin,52.51250267430032,13.324436617770202
Buser2021,Buser et al. 2021,IG,36,4,1.4747697218456,12,1,23,Germany,Berlin,52.51250267430032,13.324436617770202
Buser2021,Buser et al. 2021,IG,37,5,2.2239005978342123,13,1,20,Germany,Berlin,52.51250267430032,13.324436617770202
Buser2021,Buser et al. 2021,IG,38,10,0.7564708303892088,14,1,21,Germany,Berlin,52.51250267430032,13.324436617770202
Buser2021,Buser et al. 2021,IG,39,5,2.2239005978342123,15,0,23,Germany,Berlin,52.51250267430032,13.324436617770202
Buser2021,Buser et al. 2021,IG,40,10,0.7564708303892088,16,0,19,Germany,Berlin,52.51250267430032,13.324436617770202
Buser2021,Buser et al. 2021,IG,41,5,2.2239005978342123,17,1,32,Germany,Berlin,52.51250267430032,13.324436617770202
Buser2021,Buser et al. 2021,IG,42,20,1,18,1,22,Germany,Berlin,52.51250267430032,13.324436617770202
Buser2021,Buser et al. 2021,IG,43,10,0.7564708303892088,19,0,30,Germany,Berlin,52.51250267430032,13.324436617770202
Buser2021,Buser et al. 2021,IG,44,15,0.8892534710261043,20,0,26,Germany,Berlin,52.51250267430032,13.324436617770202
Buser2021,Buser et al. 2021,IG,45,20,1,21,1,25,Germany,Berlin,52.51250267430032,13.324436617770202
Buser2021,Buser et al. 2021,IG,46,10,0.7564708303892088,22,1,19,Germany,Berlin,52.51250267430032,13.324436617770202
Buser2021,Buser et al. 2021,IG,47,10,0.7564708303892088,23,1,29,Germany,Berlin,52.51250267430032,13.324436617770202
Buser2021,Buser et al. 2021,IG,48,20,1,24,0,21,Germany,Berlin,52.51250267430032,13.324436617770202
Buser2021,Buser et al. 2021,IG,49,10,0.7564708303892088,1,1,23,Germany,Berlin,52.51250267430032,13.324436617770202
Buser2021,Buser et al. 2021,IG,50,15,0.8892534710261043,2,0,21,Germany,Berlin,52.51250267430032,13.324436617770202
Buser2021,Buser et al. 2021,IG,51,15,0.8892534710261043,3,0,21,Germany,Berlin,52.51250267430032,13.324436617770202
Buser2021,Buser et al. 2021,IG,52,12,0.831176446271546,4,1,22,Germany,Berlin,52.51250267430032,13.324436617770202
Buser2021,Buser et al. 2021,IG,53,15,0.8892534710261043,5,0,28,Germany,Berlin,52.51250267430032,13.324436617770202
Buser2021,Buser et al. 2021,IG,54,10,0.7564708303892088,6,1,19,Germany,Berlin,52.51250267430032,13.324436617770202
Buser2021,Buser et al. 2021,IG,55,10,0.7564708303892088,7,1,26,Germany,Berlin,52.51250267430032,13.324436617770202
Buser2021,Buser et al. 2021,IG,56,16,0.903090002680222,8,1,24,Germany,Berlin,52.51250267430032,13.324436617770202
Buser2021,Buser et al. 2021,IG,57,5,2.2239005978342123,9,1,28,Germany,Berlin,52.51250267430032,13.324436617770202
Buser2021,Buser et al. 2021,IG,58,20,1,10,1,35,Germany,Berlin,52.51250267430032,13.324436617770202
Buser2021,Buser et al. 2021,IG,59,18,0.9283306834815006,11,0,29,Germany,Berlin,52.51250267430032,13.324436617770202
Buser2021,Buser et al. 2021,IG,60,20,1,12,1,26,Germany,Berlin,52.51250267430032,13.324436617770202
Buser2021,Buser et al. 2021,IG,61,10,0.7564708303892088,13,1,26,Germany,Berlin,52.51250267430032,13.324436617770202
Buser2021,Buser et al. 2021,IG,62,20,1,14,1,26,Germany,Berlin,52.51250267430032,13.324436617770202
Buser2021,Buser et al. 2021,IG,63,10,0.7564708303892088,15,0,19,Germany,Berlin,52.51250267430032,13.324436617770202
Buser2021,Buser et al. 2021,IG,64,10,0.7564708303892088,16,0,29,Germany,Berlin,52.51250267430032,13.324436617770202
Buser2021,Buser et al. 2021,IG,65,15,0.8892534710261043,17,0,21,Germany,Berlin,52.51250267430032,13.324436617770202
Buser2021,Buser et al. 2021,IG,66,7,0.24931068901365724,18,1,19,Germany,Berlin,52.51250267430032,13.324436617770202
Buser2021,Buser et al. 2021,IG,67,20,1,19,1,26,Germany,Berlin,52.51250267430032,13.324436617770202
Buser2021,Buser et al. 2021,IG,68,20,1,20,0,29,Germany,Berlin,52.51250267430032,13.324436617770202
Buser2021,Buser et al. 2021,IG,69,10,0.7564708303892088,21,1,24,Germany,Berlin,52.51250267430032,13.324436617770202
Buser2021,Buser et al. 2021,IG,70,5,2.2239005978342123,22,0,22,Germany,Berlin,52.51250267430032,13.324436617770202
Buser2021,Buser et al. 2021,IG,71,8,0.5631708387251959,23,1,21,Germany,Berlin,52.51250267430032,13.324436617770202
Buser2021,Buser et al. 2021,IG,72,7,0.24931068901365724,24,0,29,Germany,Berlin,52.51250267430032,13.324436617770202
Buser2021,Buser et al. 2021,IG,73,5,2.2239005978342123,1,1,19,Germany,Berlin,52.51250267430032,13.324436617770202
Buser2021,Buser et al. 2021,IG,74,20,1,2,0,20,Germany,Berlin,52.51250267430032,13.324436617770202
Buser2021,Buser et al. 2021,IG,75,10,0.7564708303892088,3,0,23,Germany,Berlin,52.51250267430032,13.324436617770202
Buser2021,Buser et al. 2021,IG,76,8,0.5631708387251959,4,0,22,Germany,Berlin,52.51250267430032,13.324436617770202
Buser2021,Buser et al. 2021,IG,77,10,0.7564708303892088,5,1,24,Germany,Berlin,52.51250267430032,13.324436617770202
Buser2021,Buser et al. 2021,IG,78,0,-1,6,0,23,Germany,Berlin,52.51250267430032,13.324436617770202
Buser2021,Buser et al. 2021,IG,79,10,0.7564708303892088,7,1,19,Germany,Berlin,52.51250267430032,13.324436617770202
Buser2021,Buser et al. 2021,IG,80,10,0.7564708303892088,8,0,27,Germany,Berlin,52.51250267430032,13.324436617770202
Buser2021,Buser et al. 2021,IG,81,0,-1,9,0,19,Germany,Berlin,52.51250267430032,13.324436617770202
Buser2021,Buser et al. 2021,IG,82,20,1,10,0,25,Germany,Berlin,52.51250267430032,13.324436617770202
Buser2021,Buser et al. 2021,IG,83,10,0.7564708303892088,11,1,19,Germany,Berlin,52.51250267430032,13.324436617770202
Buser2021,Buser et al. 2021,IG,84,11,0.8002227168780148,12,1,27,Germany,Berlin,52.51250267430032,13.324436617770202
Buser2021,Buser et al. 2021,IG,85,11,0.8002227168780148,13,1,25,Germany,Berlin,52.51250267430032,13.324436617770202
Buser2021,Buser et al. 2021,IG,86,10,0.7564708303892088,14,1,26,Germany,Berlin,52.51250267430032,13.324436617770202
Buser2021,Buser et al. 2021,IG,87,10,0.7564708303892088,15,1,21,Germany,Berlin,52.51250267430032,13.324436617770202
Buser2021,Buser et al. 2021,IG,88,5,2.2239005978342123,16,0,30,Germany,Berlin,52.51250267430032,13.324436617770202
Buser2021,Buser et al. 2021,IG,89,20,1,17,0,23,Germany,Berlin,52.51250267430032,13.324436617770202
Buser2021,Buser et al. 2021,IG,90,7,0.24931068901365724,18,0,31,Germany,Berlin,52.51250267430032,13.324436617770202
Buser2021,Buser et al. 2021,IG,91,10,0.7564708303892088,19,1,20,Germany,Berlin,52.51250267430032,13.324436617770202
Buser2021,Buser et al. 2021,IG,92,20,1,20,1,21,Germany,Berlin,52.51250267430032,13.324436617770202
Buser2021,Buser et al. 2021,IG,93,10,0.7564708303892088,21,1,20,Germany,Berlin,52.51250267430032,13.324436617770202
Buser2021,Buser et al. 2021,IG,94,20,1,22,0,20,Germany,Berlin,52.51250267430032,13.324436617770202
Buser2021,Buser et al. 2021,IG,95,2,1.1742037694894114,23,1,25,Germany,Berlin,52.51250267430032,13.324436617770202
Buser2021,Buser et al. 2021,IG,96,10,0.7564708303892088,24,1,20,Germany,Berlin,52.51250267430032,13.324436617770202
Buser2021,Buser et al. 2021,IG,97,0,-1,1,1,26,Germany,Berlin,52.51250267430032,13.324436617770202
Buser2021,Buser et al. 2021,IG,98,12,0.831176446271546,2,0,27,Germany,Berlin,52.51250267430032,13.324436617770202
Buser2021,Buser et al. 2021,IG,99,5,2.2239005978342123,3,1,20,Germany,Berlin,52.51250267430032,13.324436617770202
Buser2021,Buser et al. 2021,IG,100,5,2.2239005978342123,4,0,20,Germany,Berlin,52.51250267430032,13.324436617770202
Buser2021,Buser et al. 2021,IG,101,18,0.9283306834815006,5,0,24,Germany,Berlin,52.51250267430032,13.324436617770202
Buser2021,Buser et al. 2021,IG,102,15,0.8892534710261043,6,0,19,Germany,Berlin,52.51250267430032,13.324436617770202
Buser2021,Buser et al. 2021,IG,103,20,1,7,1,23,Germany,Berlin,52.51250267430032,13.324436617770202
Buser2021,Buser et al. 2021,IG,104,10,0.7564708303892088,8,1,18,Germany,Berlin,52.51250267430032,13.324436617770202
Buser2021,Buser et al. 2021,IG,105,20,1,9,0,26,Germany,Berlin,52.51250267430032,13.324436617770202
Buser2021,Buser et al. 2021,IG,106,5,2.2239005978342123,10,1,20,Germany,Berlin,52.51250267430032,13.324436617770202
Buser2021,Buser et al. 2021,IG,107,12,0.831176446271546,11,1,21,Germany,Berlin,52.51250267430032,13.324436617770202
Buser2021,Buser et al. 2021,IG,108,8,0.5631708387251959,12,1,22,Germany,Berlin,52.51250267430032,13.324436617770202
Buser2021,Buser et al. 2021,IG,109,10,0.7564708303892088,13,0,30,Germany,Berlin,52.51250267430032,13.324436617770202
Buser2021,Buser et al. 2021,IG,110,10,0.7564708303892088,14,1,27,Germany,Berlin,52.51250267430032,13.324436617770202
Buser2021,Buser et al. 2021,IG,111,20,1,15,0,29,Germany,Berlin,52.51250267430032,13.324436617770202
Buser2021,Buser et al. 2021,IG,112,5,2.2239005978342123,16,0,19,Germany,Berlin,52.51250267430032,13.324436617770202
Buser2021,Buser et al. 2021,IG,113,0,-1,17,1,25,Germany,Berlin,52.51250267430032,13.324436617770202
Buser2021,Buser et al. 2021,IG,114,20,1,18,0,18,Germany,Berlin,52.51250267430032,13.324436617770202
Buser2021,Buser et al. 2021,IG,115,5,2.2239005978342123,19,1,19,Germany,Berlin,52.51250267430032,13.324436617770202
Buser2021,Buser et al. 2021,IG,116,20,1,20,0,22,Germany,Berlin,52.51250267430032,13.324436617770202
Buser2021,Buser et al. 2021,IG,117,20,1,21,1,31,Germany,Berlin,52.51250267430032,13.324436617770202
Buser2021,Buser et al. 2021,IG,118,20,1,22,0,22,Germany,Berlin,52.51250267430032,13.324436617770202
Buser2021,Buser et al. 2021,IG,119,20,1,23,0,13,Germany,Berlin,52.51250267430032,13.324436617770202
Buser2021,Buser et al. 2021,IG,120,20,1,24,1,24,Germany,Berlin,52.51250267430032,13.324436617770202
Buser2021,Buser et al. 2021,IG,121,20,1,1,1,19,Germany,Berlin,52.51250267430032,13.324436617770202
Buser2021,Buser et al. 2021,IG,122,15,0.8892534710261043,2,0,26,Germany,Berlin,52.51250267430032,13.324436617770202
Buser2021,Buser et al. 2021,IG,123,15,0.8892534710261043,3,1,26,Germany,Berlin,52.51250267430032,13.324436617770202
Buser2021,Buser et al. 2021,IG,124,10,0.7564708303892088,4,1,21,Germany,Berlin,52.51250267430032,13.324436617770202
Buser2021,Buser et al. 2021,IG,125,14,0.8734718985173235,5,0,26,Germany,Berlin,52.51250267430032,13.324436617770202
Buser2021,Buser et al. 2021,IG,126,7,0.24931068901365724,6,0,20,Germany,Berlin,52.51250267430032,13.324436617770202
Buser2021,Buser et al. 2021,IG,127,20,1,7,0,24,Germany,Berlin,52.51250267430032,13.324436617770202
Buser2021,Buser et al. 2021,IG,128,2,1.1742037694894114,8,0,25,Germany,Berlin,52.51250267430032,13.324436617770202
Buser2021,Buser et al. 2021,IG,129,20,1,9,0,21,Germany,Berlin,52.51250267430032,13.324436617770202
Buser2021,Buser et al. 2021,IG,130,0,-1,10,1,19,Germany,Berlin,52.51250267430032,13.324436617770202
Buser2021,Buser et al. 2021,IG,131,10,0.7564708303892088,11,1,21,Germany,Berlin,52.51250267430032,13.324436617770202
Buser2021,Buser et al. 2021,IG,132,15,0.8892534710261043,12,1,23,Germany,Berlin,52.51250267430032,13.324436617770202
Buser2021,Buser et al. 2021,IG,133,2,1.1742037694894114,13,1,28,Germany,Berlin,52.51250267430032,13.324436617770202
Buser2021,Buser et al. 2021,IG,134,5,2.2239005978342123,14,1,29,Germany,Berlin,52.51250267430032,13.324436617770202
Buser2021,Buser et al. 2021,IG,135,20,1,15,1,21,Germany,Berlin,52.51250267430032,13.324436617770202
Buser2021,Buser et al. 2021,IG,136,10,0.7564708303892088,16,0,19,Germany,Berlin,52.51250267430032,13.324436617770202
Buser2021,Buser et al. 2021,IG,137,20,1,17,0,21,Germany,Berlin,52.51250267430032,13.324436617770202
Buser2021,Buser et al. 2021,IG,138,10,0.7564708303892088,18,1,27,Germany,Berlin,52.51250267430032,13.324436617770202
Buser2021,Buser et al. 2021,IG,139,10,0.7564708303892088,19,1,21,Germany,Berlin,52.51250267430032,13.324436617770202
Buser2021,Buser et al. 2021,IG,140,20,1,20,0,24,Germany,Berlin,52.51250267430032,13.324436617770202
Buser2021,Buser et al. 2021,IG,141,15,0.8892534710261043,21,1,23,Germany,Berlin,52.51250267430032,13.324436617770202
Buser2021,Buser et al. 2021,IG,142,20,1,22,0,20,Germany,Berlin,52.51250267430032,13.324436617770202
Buser2021,Buser et al. 2021,IG,143,10,0.7564708303892088,23,0,20,Germany,Berlin,52.51250267430032,13.324436617770202
Buser2021,Buser et al. 2021,IG,144,18,0.9283306834815006,24,1,18,Germany,Berlin,52.51250267430032,13.324436617770202
Buser2021,Buser et al. 2021,IG,145,15,0.8892534710261043,1,0,24,Germany,Berlin,52.51250267430032,13.324436617770202
Buser2021,Buser et al. 2021,IG,146,10,0.7564708303892088,2,0,23,Germany,Berlin,52.51250267430032,13.324436617770202
Buser2021,Buser et al. 2021,IG,147,0,-1,3,1,28,Germany,Berlin,52.51250267430032,13.324436617770202
Buser2021,Buser et al. 2021,IG,148,0,-1,4,1,22,Germany,Berlin,52.51250267430032,13.324436617770202
Buser2021,Buser et al. 2021,IG,149,5,2.2239005978342123,5,0,29,Germany,Berlin,52.51250267430032,13.324436617770202
Buser2021,Buser et al. 2021,IG,150,10,0.7564708303892088,6,0,21,Germany,Berlin,52.51250267430032,13.324436617770202
Buser2021,Buser et al. 2021,IG,151,20,1,7,0,30,Germany,Berlin,52.51250267430032,13.324436617770202
Buser2021,Buser et al. 2021,IG,152,20,1,8,1,27,Germany,Berlin,52.51250267430032,13.324436617770202
Buser2021,Buser et al. 2021,IG,153,10,0.7564708303892088,9,0,26,Germany,Berlin,52.51250267430032,13.324436617770202
Buser2021,Buser et al. 2021,IG,154,10,0.7564708303892088,10,1,20,Germany,Berlin,52.51250267430032,13.324436617770202
Buser2021,Buser et al. 2021,IG,155,10,0.7564708303892088,11,0,28,Germany,Berlin,52.51250267430032,13.324436617770202
Buser2021,Buser et al. 2021,IG,156,5,2.2239005978342123,12,0,25,Germany,Berlin,52.51250267430032,13.324436617770202
Buser2021,Buser et al. 2021,IG,157,10,0.7564708303892088,13,1,20,Germany,Berlin,52.51250267430032,13.324436617770202
Buser2021,Buser et al. 2021,IG,158,10,0.7564708303892088,14,1,25,Germany,Berlin,52.51250267430032,13.324436617770202
Buser2021,Buser et al. 2021,IG,159,10,0.7564708303892088,15,0,23,Germany,Berlin,52.51250267430032,13.324436617770202
Buser2021,Buser et al. 2021,IG,160,12,0.831176446271546,16,1,24,Germany,Berlin,52.51250267430032,13.324436617770202
Buser2021,Buser et al. 2021,IG,161,20,1,17,1,31,Germany,Berlin,52.51250267430032,13.324436617770202
Buser2021,Buser et al. 2021,IG,162,15,0.8892534710261043,18,1,20,Germany,Berlin,52.51250267430032,13.324436617770202
Buser2021,Buser et al. 2021,IG,163,15,0.8892534710261043,19,1,24,Germany,Berlin,52.51250267430032,13.324436617770202
Buser2021,Buser et al. 2021,IG,164,10,0.7564708303892088,20,1,30,Germany,Berlin,52.51250267430032,13.324436617770202
Buser2021,Buser et al. 2021,IG,165,10,0.7564708303892088,21,0,28,Germany,Berlin,52.51250267430032,13.324436617770202
Buser2021,Buser et al. 2021,IG,166,7,0.24931068901365724,22,1,25,Germany,Berlin,52.51250267430032,13.324436617770202
Buser2021,Buser et al. 2021,IG,167,10,0.7564708303892088,1,1,23,Germany,Berlin,52.51250267430032,13.324436617770202
Buser2021,Buser et al. 2021,IG,168,5,2.2239005978342123,2,1,22,Germany,Berlin,52.51250267430032,13.324436617770202
Buser2021,Buser et al. 2021,IG,169,10,0.7564708303892088,3,1,23,Germany,Berlin,52.51250267430032,13.324436617770202
Buser2021,Buser et al. 2021,IG,170,5,2.2239005978342123,4,1,18,Germany,Berlin,52.51250267430032,13.324436617770202
Buser2021,Buser et al. 2021,IG,171,10,0.7564708303892088,5,1,48,Germany,Berlin,52.51250267430032,13.324436617770202
Buser2021,Buser et al. 2021,IG,172,20,1,6,0,24,Germany,Berlin,52.51250267430032,13.324436617770202
Buser2021,Buser et al. 2021,IG,173,10,0.7564708303892088,7,1,23,Germany,Berlin,52.51250267430032,13.324436617770202
Buser2021,Buser et al. 2021,IG,174,3,1.2726881159808323,8,1,23,Germany,Berlin,52.51250267430032,13.324436617770202
Buser2021,Buser et al. 2021,IG,175,12,0.831176446271546,9,0,23,Germany,Berlin,52.51250267430032,13.324436617770202
Buser2021,Buser et al. 2021,IG,176,10,0.7564708303892088,10,0,20,Germany,Berlin,52.51250267430032,13.324436617770202
Buser2021,Buser et al. 2021,IG,177,5,2.2239005978342123,11,1,26,Germany,Berlin,52.51250267430032,13.324436617770202
Buser2021,Buser et al. 2021,IG,178,10,0.7564708303892088,12,0,29,Germany,Berlin,52.51250267430032,13.324436617770202
Buser2021,Buser et al. 2021,IG,179,20,1,13,0,26,Germany,Berlin,52.51250267430032,13.324436617770202
Buser2021,Buser et al. 2021,IG,180,10,0.7564708303892088,14,0,20,Germany,Berlin,52.51250267430032,13.324436617770202
Buser2021,Buser et al. 2021,IG,181,10,0.7564708303892088,15,1,27,Germany,Berlin,52.51250267430032,13.324436617770202
Buser2021,Buser et al. 2021,IG,182,15,0.8892534710261043,16,0,22,Germany,Berlin,52.51250267430032,13.324436617770202
Buser2021,Buser et al. 2021,IG,183,10,0.7564708303892088,17,0,18,Germany,Berlin,52.51250267430032,13.324436617770202
Buser2021,Buser et al. 2021,IG,184,1,1.1100232723180814,18,0,29,Germany,Berlin,52.51250267430032,13.324436617770202
Buser2021,Buser et al. 2021,IG,185,15,0.8892534710261043,19,1,30,Germany,Berlin,52.51250267430032,13.324436617770202
Buser2021,Buser et al. 2021,IG,186,10,0.7564708303892088,20,0,20,Germany,Berlin,52.51250267430032,13.324436617770202
Buser2021,Buser et al. 2021,IG,187,10,0.7564708303892088,21,1,21,Germany,Berlin,52.51250267430032,13.324436617770202
Buser2021,Buser et al. 2021,IG,188,20,1,22,0,23,Germany,Berlin,52.51250267430032,13.324436617770202
Buser2021,Buser et al. 2021,IG,189,15,0.8892534710261043,23,1,23,Germany,Berlin,52.51250267430032,13.324436617770202
Buser2021,Buser et al. 2021,IG,190,20,1,24,0,27,Germany,Berlin,52.51250267430032,13.324436617770202
Buser2021,Buser et al. 2021,IG,191,20,1,1,0,19,Germany,Berlin,52.51250267430032,13.324436617770202
Buser2021,Buser et al. 2021,IG,192,10,0.7564708303892088,2,1,23,Germany,Berlin,52.51250267430032,13.324436617770202
Buser2021,Buser et al. 2021,IG,193,20,1,3,0,17,Germany,Berlin,52.51250267430032,13.324436617770202
Buser2021,Buser et al. 2021,IG,194,20,1,4,0,33,Germany,Berlin,52.51250267430032,13.324436617770202
Buser2021,Buser et al. 2021,IG,195,20,1,5,0,26,Germany,Berlin,52.51250267430032,13.324436617770202
Buser2021,Buser et al. 2021,IG,196,10,0.7564708303892088,6,0,26,Germany,Berlin,52.51250267430032,13.324436617770202
Buser2021,Buser et al. 2021,IG,197,20,1,7,1,22,Germany,Berlin,52.51250267430032,13.324436617770202
Buser2021,Buser et al. 2021,IG,198,5,2.2239005978342123,8,1,19,Germany,Berlin,52.51250267430032,13.324436617770202
Buser2021,Buser et al. 2021,IG,199,15,0.8892534710261043,9,0,19,Germany,Berlin,52.51250267430032,13.324436617770202
Buser2021,Buser et al. 2021,IG,200,12,0.831176446271546,10,1,26,Germany,Berlin,52.51250267430032,13.324436617770202
Buser2021,Buser et al. 2021,IG,201,10,0.7564708303892088,11,1,20,Germany,Berlin,52.51250267430032,13.324436617770202
Buser2021,Buser et al. 2021,IG,202,10,0.7564708303892088,12,1,19,Germany,Berlin,52.51250267430032,13.324436617770202
Buser2021,Buser et al. 2021,IG,203,10,0.7564708303892088,13,1,20,Germany,Berlin,52.51250267430032,13.324436617770202
Buser2021,Buser et al. 2021,IG,204,10,0.7564708303892088,14,0,21,Germany,Berlin,52.51250267430032,13.324436617770202
Buser2021,Buser et al. 2021,IG,205,20,1,15,0,19,Germany,Berlin,52.51250267430032,13.324436617770202
Buser2021,Buser et al. 2021,IG,206,10,0.7564708303892088,16,1,21,Germany,Berlin,52.51250267430032,13.324436617770202
Buser2021,Buser et al. 2021,IG,207,4,1.4747697218456,17,1,25,Germany,Berlin,52.51250267430032,13.324436617770202
Buser2021,Buser et al. 2021,IG,208,20,1,18,1,21,Germany,Berlin,52.51250267430032,13.324436617770202
Buser2021,Buser et al. 2021,IG,209,20,1,19,0,29,Germany,Berlin,52.51250267430032,13.324436617770202
Buser2021,Buser et al. 2021,IG,210,15,0.8892534710261043,20,1,25,Germany,Berlin,52.51250267430032,13.324436617770202
Buser2021,Buser et al. 2021,IG,211,5,2.2239005978342123,21,0,24,Germany,Berlin,52.51250267430032,13.324436617770202
Buser2021,Buser et al. 2021,IG,212,0,-1,22,0,26,Germany,Berlin,52.51250267430032,13.324436617770202
Buser2021,Buser et al. 2021,IG,213,9,0.6881815594407459,23,0,24,Germany,Berlin,52.51250267430032,13.324436617770202
Buser2021,Buser et al. 2021,IG,214,20,1,24,0,23,Germany,Berlin,52.51250267430032,13.324436617770202
Buser2021,Buser et al. 2021,IG,215,9,0.6881815594407459,1,0,21,Germany,Berlin,52.51250267430032,13.324436617770202
Buser2021,Buser et al. 2021,IG,216,2,1.1742037694894114,2,0,29,Germany,Berlin,52.51250267430032,13.324436617770202
Buser2021,Buser et al. 2021,IG,217,1,1.1100232723180814,3,0,21,Germany,Berlin,52.51250267430032,13.324436617770202
Buser2021,Buser et al. 2021,IG,218,15,0.8892534710261043,4,0,20,Germany,Berlin,52.51250267430032,13.324436617770202
Buser2021,Buser et al. 2021,IG,219,5,2.2239005978342123,5,1,22,Germany,Berlin,52.51250267430032,13.324436617770202
Buser2021,Buser et al. 2021,IG,220,7,0.24931068901365724,6,1,18,Germany,Berlin,52.51250267430032,13.324436617770202
Buser2021,Buser et al. 2021,IG,221,15,0.8892534710261043,7,0,26,Germany,Berlin,52.51250267430032,13.324436617770202
Buser2021,Buser et al. 2021,IG,222,10,0.7564708303892088,8,1,20,Germany,Berlin,52.51250267430032,13.324436617770202
Buser2021,Buser et al. 2021,IG,223,5,2.2239005978342123,9,0,28,Germany,Berlin,52.51250267430032,13.324436617770202
Buser2021,Buser et al. 2021,IG,224,20,1,10,0,19,Germany,Berlin,52.51250267430032,13.324436617770202
Buser2021,Buser et al. 2021,IG,225,10,0.7564708303892088,11,1,25,Germany,Berlin,52.51250267430032,13.324436617770202
Buser2021,Buser et al. 2021,IG,226,12,0.831176446271546,12,0,23,Germany,Berlin,52.51250267430032,13.324436617770202
Buser2021,Buser et al. 2021,IG,227,10,0.7564708303892088,13,1,20,Germany,Berlin,52.51250267430032,13.324436617770202
Buser2021,Buser et al. 2021,IG,228,10,0.7564708303892088,14,1,28,Germany,Berlin,52.51250267430032,13.324436617770202
Buser2021,Buser et al. 2021,IG,229,15,0.8892534710261043,15,1,23,Germany,Berlin,52.51250267430032,13.324436617770202
Buser2021,Buser et al. 2021,IG,230,10,0.7564708303892088,16,0,22,Germany,Berlin,52.51250267430032,13.324436617770202
Buser2021,Buser et al. 2021,IG,231,10,0.7564708303892088,17,1,28,Germany,Berlin,52.51250267430032,13.324436617770202
Buser2021,Buser et al. 2021,IG,232,10,0.7564708303892088,18,1,30,Germany,Berlin,52.51250267430032,13.324436617770202
Buser2021,Buser et al. 2021,IG,233,15,0.8892534710261043,19,1,30,Germany,Berlin,52.51250267430032,13.324436617770202
Buser2021,Buser et al. 2021,IG,234,15,0.8892534710261043,20,1,24,Germany,Berlin,52.51250267430032,13.324436617770202
Buser2021,Buser et al. 2021,IG,235,10,0.7564708303892088,21,0,32,Germany,Berlin,52.51250267430032,13.324436617770202
Buser2021,Buser et al. 2021,IG,236,13,0.8546608704269608,22,1,21,Germany,Berlin,52.51250267430032,13.324436617770202
Buser2021,Buser et al. 2021,IG,237,18,0.9283306834815006,23,1,31,Germany,Berlin,52.51250267430032,13.324436617770202
Buser2021,Buser et al. 2021,IG,238,7,0.24931068901365724,24,0,26,Germany,Berlin,52.51250267430032,13.324436617770202
Buser2021,Buser et al. 2021,IG,239,10,0.7564708303892088,1,1,22,Germany,Berlin,52.51250267430032,13.324436617770202
Buser2021,Buser et al. 2021,IG,240,10,0.7564708303892088,2,0,25,Germany,Berlin,52.51250267430032,13.324436617770202
Buser2021,Buser et al. 2021,IG,241,10,0.7564708303892088,3,0,30,Germany,Berlin,52.51250267430032,13.324436617770202
Buser2021,Buser et al. 2021,IG,242,5,2.2239005978342123,4,1,20,Germany,Berlin,52.51250267430032,13.324436617770202
Buser2021,Buser et al. 2021,IG,243,20,1,5,1,33,Germany,Berlin,52.51250267430032,13.324436617770202
Buser2021,Buser et al. 2021,IG,244,5,2.2239005978342123,6,0,19,Germany,Berlin,52.51250267430032,13.324436617770202
Buser2021,Buser et al. 2021,IG,245,17,0.9158232275819375,7,1,22,Germany,Berlin,52.51250267430032,13.324436617770202
Buser2021,Buser et al. 2021,IG,246,20,1,8,1,29,Germany,Berlin,52.51250267430032,13.324436617770202
Buser2021,Buser et al. 2021,IG,247,10,0.7564708303892088,9,1,30,Germany,Berlin,52.51250267430032,13.324436617770202
Buser2021,Buser et al. 2021,IG,248,10,0.7564708303892088,10,0,29,Germany,Berlin,52.51250267430032,13.324436617770202
Buser2021,Buser et al. 2021,IG,249,20,1,11,0,23,Germany,Berlin,52.51250267430032,13.324436617770202
Buser2021,Buser et al. 2021,IG,250,8,0.5631708387251959,12,1,23,Germany,Berlin,52.51250267430032,13.324436617770202
Buser2021,Buser et al. 2021,IG,251,6,-2.234299948341919,13,1,23,Germany,Berlin,52.51250267430032,13.324436617770202
Buser2021,Buser et al. 2021,IG,252,20,1,14,0,22,Germany,Berlin,52.51250267430032,13.324436617770202
Buser2021,Buser et al. 2021,IG,253,20,1,15,0,26,Germany,Berlin,52.51250267430032,13.324436617770202
Buser2021,Buser et al. 2021,IG,254,10,0.7564708303892088,16,1,20,Germany,Berlin,52.51250267430032,13.324436617770202
Buser2021,Buser et al. 2021,IG,255,10,0.7564708303892088,17,0,18,Germany,Berlin,52.51250267430032,13.324436617770202
Buser2021,Buser et al. 2021,IG,256,10,0.7564708303892088,18,0,30,Germany,Berlin,52.51250267430032,13.324436617770202
Buser2021,Buser et al. 2021,IG,257,2,1.1742037694894114,19,0,28,Germany,Berlin,52.51250267430032,13.324436617770202
Buser2021,Buser et al. 2021,IG,258,10,0.7564708303892088,20,1,23,Germany,Berlin,52.51250267430032,13.324436617770202
Buser2021,Buser et al. 2021,IG,259,20,1,21,0,24,Germany,Berlin,52.51250267430032,13.324436617770202
Buser2021,Buser et al. 2021,IG,260,20,1,22,1,20,Germany,Berlin,52.51250267430032,13.324436617770202
Buser2021,Buser et al. 2021,IG,261,9,0.6881815594407459,23,1,29,Germany,Berlin,52.51250267430032,13.324436617770202
Buser2021,Buser et al. 2021,IG,262,5,2.2239005978342123,24,1,29,Germany,Berlin,52.51250267430032,13.324436617770202
Buser2021,Buser et al. 2021,IG,263,0,-1,1,0,29,Germany,Berlin,52.51250267430032,13.324436617770202
Buser2021,Buser et al. 2021,IG,264,15,0.8892534710261043,2,1,21,Germany,Berlin,52.51250267430032,13.324436617770202
Buser2021,Buser et al. 2021,IG,265,20,1,3,0,22,Germany,Berlin,52.51250267430032,13.324436617770202
Buser2021,Buser et al. 2021,IG,266,20,1,4,0,22,Germany,Berlin,52.51250267430032,13.324436617770202
Buser2021,Buser et al. 2021,IG,267,20,1,5,1,32,Germany,Berlin,52.51250267430032,13.324436617770202
Buser2021,Buser et al. 2021,IG,268,10,0.7564708303892088,6,1,23,Germany,Berlin,52.51250267430032,13.324436617770202
Buser2021,Buser et al. 2021,IG,269,5,2.2239005978342123,7,1,23,Germany,Berlin,52.51250267430032,13.324436617770202
Buser2021,Buser et al. 2021,IG,270,20,1,8,0,20,Germany,Berlin,52.51250267430032,13.324436617770202
Buser2021,Buser et al. 2021,IG,271,10,0.7564708303892088,9,1,23,Germany,Berlin,52.51250267430032,13.324436617770202
Buser2021,Buser et al. 2021,IG,272,15,0.8892534710261043,10,0,25,Germany,Berlin,52.51250267430032,13.324436617770202
Buser2021,Buser et al. 2021,IG,273,20,1,11,0,27,Germany,Berlin,52.51250267430032,13.324436617770202
Buser2021,Buser et al. 2021,IG,274,20,1,12,0,27,Germany,Berlin,52.51250267430032,13.324436617770202
Buser2021,Buser et al. 2021,IG,275,20,1,13,0,21,Germany,Berlin,52.51250267430032,13.324436617770202
Buser2021,Buser et al. 2021,IG,276,10,0.7564708303892088,14,1,20,Germany,Berlin,52.51250267430032,13.324436617770202
Buser2021,Buser et al. 2021,IG,277,15,0.8892534710261043,15,1,26,Germany,Berlin,52.51250267430032,13.324436617770202
Buser2021,Buser et al. 2021,IG,278,20,1,16,0,21,Germany,Berlin,52.51250267430032,13.324436617770202
Buser2021,Buser et al. 2021,IG,279,10,0.7564708303892088,17,0,21,Germany,Berlin,52.51250267430032,13.324436617770202
Buser2021,Buser et al. 2021,IG,280,10,0.7564708303892088,18,0,20,Germany,Berlin,52.51250267430032,13.324436617770202
Buser2021,Buser et al. 2021,IG,281,7,0.24931068901365724,19,1,25,Germany,Berlin,52.51250267430032,13.324436617770202
Buser2021,Buser et al. 2021,IG,282,7,0.24931068901365724,20,0,25,Germany,Berlin,52.51250267430032,13.324436617770202
Buser2021,Buser et al. 2021,IG,283,10,0.7564708303892088,21,0,25,Germany,Berlin,52.51250267430032,13.324436617770202
Buser2021,Buser et al. 2021,IG,284,20,1,1,0,22,Germany,Berlin,52.51250267430032,13.324436617770202
Buser2021,Buser et al. 2021,IG,285,20,1,2,0,20,Germany,Berlin,52.51250267430032,13.324436617770202
Buser2021,Buser et al. 2021,IG,286,10,0.7564708303892088,3,1,24,Germany,Berlin,52.51250267430032,13.324436617770202
Buser2021,Buser et al. 2021,IG,287,20,1,4,0,19,Germany,Berlin,52.51250267430032,13.324436617770202
Buser2021,Buser et al. 2021,IG,288,15,0.8892534710261043,5,1,26,Germany,Berlin,52.51250267430032,13.324436617770202
Buser2021,Buser et al. 2021,IG,289,10,0.7564708303892088,6,1,29,Germany,Berlin,52.51250267430032,13.324436617770202
Buser2021,Buser et al. 2021,IG,290,20,1,7,0,29,Germany,Berlin,52.51250267430032,13.324436617770202
Buser2021,Buser et al. 2021,IG,291,4,1.4747697218456,8,1,26,Germany,Berlin,52.51250267430032,13.324436617770202
Buser2021,Buser et al. 2021,IG,292,15,0.8892534710261043,9,0,20,Germany,Berlin,52.51250267430032,13.324436617770202
Buser2021,Buser et al. 2021,IG,293,15,0.8892534710261043,10,0,28,Germany,Berlin,52.51250267430032,13.324436617770202
Buser2021,Buser et al. 2021,IG,294,5,2.2239005978342123,11,0,19,Germany,Berlin,52.51250267430032,13.324436617770202
Buser2021,Buser et al. 2021,IG,295,7,0.24931068901365724,12,0,27,Germany,Berlin,52.51250267430032,13.324436617770202
Buser2021,Buser et al. 2021,IG,296,20,1,13,0,27,Germany,Berlin,52.51250267430032,13.324436617770202
Buser2021,Buser et al. 2021,IG,297,10,0.7564708303892088,14,1,19,Germany,Berlin,52.51250267430032,13.324436617770202
Buser2021,Buser et al. 2021,IG,298,10,0.7564708303892088,15,1,22,Germany,Berlin,52.51250267430032,13.324436617770202
Buser2021,Buser et al. 2021,IG,299,13,0.8546608704269608,16,1,24,Germany,Berlin,52.51250267430032,13.324436617770202
Buser2021,Buser et al. 2021,IG,300,10,0.7564708303892088,17,1,22,Germany,Berlin,52.51250267430032,13.324436617770202
Buser2021,Buser et al. 2021,IG,301,10,0.7564708303892088,18,1,20,Germany,Berlin,52.51250267430032,13.324436617770202
Buser2021,Buser et al. 2021,IG,302,10,0.7564708303892088,19,0,20,Germany,Berlin,52.51250267430032,13.324436617770202
Buser2021,Buser et al. 2021,IG,303,10,0.7564708303892088,20,1,24,Germany,Berlin,52.51250267430032,13.324436617770202
Buser2021,Buser et al. 2021,IG,304,4,1.4747697218456,21,0,26,Germany,Berlin,52.51250267430032,13.324436617770202
Buser2021,Buser et al. 2021,IG,305,12,0.831176446271546,22,1,21,Germany,Berlin,52.51250267430032,13.324436617770202
Buser2021,Buser et al. 2021,IG,306,5,2.2239005978342123,23,1,26,Germany,Berlin,52.51250267430032,13.324436617770202
Buser2021,Buser et al. 2021,IG,307,10,0.7564708303892088,24,1,18,Germany,Berlin,52.51250267430032,13.324436617770202
Buser2021,Buser et al. 2021,IG,308,10,0.7564708303892088,1,1,27,Germany,Berlin,52.51250267430032,13.324436617770202
Buser2021,Buser et al. 2021,IG,309,20,1,2,0,27,Germany,Berlin,52.51250267430032,13.324436617770202
Buser2021,Buser et al. 2021,IG,310,5,2.2239005978342123,3,0,19,Germany,Berlin,52.51250267430032,13.324436617770202
Buser2021,Buser et al. 2021,IG,311,20,1,4,1,18,Germany,Berlin,52.51250267430032,13.324436617770202
Buser2021,Buser et al. 2021,IG,312,20,1,5,0,22,Germany,Berlin,52.51250267430032,13.324436617770202
Buser2021,Buser et al. 2021,IG,313,12,0.831176446271546,6,0,21,Germany,Berlin,52.51250267430032,13.324436617770202
Buser2021,Buser et al. 2021,IG,314,20,1,7,0,19,Germany,Berlin,52.51250267430032,13.324436617770202
Buser2021,Buser et al. 2021,IG,315,10,0.7564708303892088,8,1,21,Germany,Berlin,52.51250267430032,13.324436617770202
Buser2021,Buser et al. 2021,IG,316,8,0.5631708387251959,9,1,24,Germany,Berlin,52.51250267430032,13.324436617770202
Buser2021,Buser et al. 2021,IG,317,7,0.24931068901365724,10,0,22,Germany,Berlin,52.51250267430032,13.324436617770202
Buser2021,Buser et al. 2021,IG,318,10,0.7564708303892088,11,1,21,Germany,Berlin,52.51250267430032,13.324436617770202
Buser2021,Buser et al. 2021,IG,319,20,1,12,0,38,Germany,Berlin,52.51250267430032,13.324436617770202
Buser2021,Buser et al. 2021,IG,320,10,0.7564708303892088,13,1,27,Germany,Berlin,52.51250267430032,13.324436617770202
Buser2021,Buser et al. 2021,IG,321,3,1.2726881159808323,14,1,32,Germany,Berlin,52.51250267430032,13.324436617770202
Buser2021,Buser et al. 2021,IG,322,15,0.8892534710261043,15,0,23,Germany,Berlin,52.51250267430032,13.324436617770202
Buser2021,Buser et al. 2021,IG,323,15,0.8892534710261043,16,1,23,Germany,Berlin,52.51250267430032,13.324436617770202
Buser2021,Buser et al. 2021,IG,324,10,0.7564708303892088,17,0,20,Germany,Berlin,52.51250267430032,13.324436617770202
Buser2021,Buser et al. 2021,IG,325,3,1.2726881159808323,18,0,24,Germany,Berlin,52.51250267430032,13.324436617770202
Buser2021,Buser et al. 2021,IG,326,15,0.8892534710261043,19,1,62,Germany,Berlin,52.51250267430032,13.324436617770202
Buser2021,Buser et al. 2021,IG,327,8,0.5631708387251959,20,1,26,Germany,Berlin,52.51250267430032,13.324436617770202
Buser2021,Buser et al. 2021,IG,328,10,0.7564708303892088,21,1,25,Germany,Berlin,52.51250267430032,13.324436617770202
Buser2021,Buser et al. 2021,IG,329,10,0.7564708303892088,22,1,30,Germany,Berlin,52.51250267430032,13.324436617770202
Buser2021,Buser et al. 2021,IG,330,10,0.7564708303892088,23,0,25,Germany,Berlin,52.51250267430032,13.324436617770202
Buser2021,Buser et al. 2021,IG,331,10,0.7564708303892088,24,1,27,Germany,Berlin,52.51250267430032,13.324436617770202
Buser2021,Buser et al. 2021,IG,332,15,0.8892534710261043,1,1,31,Germany,Berlin,52.51250267430032,13.324436617770202
Buser2021,Buser et al. 2021,IG,333,5,2.2239005978342123,2,1,22,Germany,Berlin,52.51250267430032,13.324436617770202
Buser2021,Buser et al. 2021,IG,334,14,0.8734718985173235,3,1,25,Germany,Berlin,52.51250267430032,13.324436617770202
Buser2021,Buser et al. 2021,IG,335,20,1,4,1,23,Germany,Berlin,52.51250267430032,13.324436617770202
Buser2021,Buser et al. 2021,IG,336,0,-1,5,0,28,Germany,Berlin,52.51250267430032,13.324436617770202
Buser2021,Buser et al. 2021,IG,337,20,1,6,0,22,Germany,Berlin,52.51250267430032,13.324436617770202
Buser2021,Buser et al. 2021,IG,338,7,0.24931068901365724,7,1,25,Germany,Berlin,52.51250267430032,13.324436617770202
Buser2021,Buser et al. 2021,IG,339,20,1,8,0,26,Germany,Berlin,52.51250267430032,13.324436617770202
Buser2021,Buser et al. 2021,IG,340,5,2.2239005978342123,9,0,40,Germany,Berlin,52.51250267430032,13.324436617770202
Buser2021,Buser et al. 2021,IG,341,20,1,10,1,25,Germany,Berlin,52.51250267430032,13.324436617770202
Buser2021,Buser et al. 2021,IG,342,20,1,11,0,23,Germany,Berlin,52.51250267430032,13.324436617770202
Buser2021,Buser et al. 2021,IG,343,20,1,12,0,26,Germany,Berlin,52.51250267430032,13.324436617770202
Buser2021,Buser et al. 2021,IG,344,20,1,13,0,20,Germany,Berlin,52.51250267430032,13.324436617770202
Buser2021,Buser et al. 2021,IG,345,10,0.7564708303892088,14,1,25,Germany,Berlin,52.51250267430032,13.324436617770202
Buser2021,Buser et al. 2021,IG,346,20,1,15,1,24,Germany,Berlin,52.51250267430032,13.324436617770202
Buser2021,Buser et al. 2021,IG,347,7,0.24931068901365724,16,0,19,Germany,Berlin,52.51250267430032,13.324436617770202
Buser2021,Buser et al. 2021,IG,348,20,1,17,1,19,Germany,Berlin,52.51250267430032,13.324436617770202
Buser2021,Buser et al. 2021,IG,349,20,1,18,0,25,Germany,Berlin,52.51250267430032,13.324436617770202
Buser2021,Buser et al. 2021,IG,350,20,1,19,0,21,Germany,Berlin,52.51250267430032,13.324436617770202
Buser2021,Buser et al. 2021,IG,351,10,0.7564708303892088,20,0,21,Germany,Berlin,52.51250267430032,13.324436617770202
Buser2021,Buser et al. 2021,IG,352,5,2.2239005978342123,21,1,31,Germany,Berlin,52.51250267430032,13.324436617770202
Buser2021,Buser et al. 2021,IG,353,10,0.7564708303892088,22,0,25,Germany,Berlin,52.51250267430032,13.324436617770202
Buser2021,Buser et al. 2021,IG,354,10,0.7564708303892088,23,0,22,Germany,Berlin,52.51250267430032,13.324436617770202
Buser2021,Buser et al. 2021,IG,355,10,0.7564708303892088,24,1,29,Germany,Berlin,52.51250267430032,13.324436617770202
Buser2021,Buser et al. 2021,IG,356,10,0.7564708303892088,1,1,22,Germany,Berlin,52.51250267430032,13.324436617770202
Buser2021,Buser et al. 2021,IG,357,2,1.1742037694894114,2,1,28,Germany,Berlin,52.51250267430032,13.324436617770202
Buser2021,Buser et al. 2021,IG,358,10,0.7564708303892088,3,1,26,Germany,Berlin,52.51250267430032,13.324436617770202
Buser2021,Buser et al. 2021,IG,359,20,1,4,0,31,Germany,Berlin,52.51250267430032,13.324436617770202
Buser2021,Buser et al. 2021,IG,360,20,1,5,0,21,Germany,Berlin,52.51250267430032,13.324436617770202
Buser2021,Buser et al. 2021,IG,361,8,0.5631708387251959,6,1,26,Germany,Berlin,52.51250267430032,13.324436617770202
Buser2021,Buser et al. 2021,IG,362,5,2.2239005978342123,7,1,26,Germany,Berlin,52.51250267430032,13.324436617770202
Buser2021,Buser et al. 2021,IG,363,10,0.7564708303892088,8,0,24,Germany,Berlin,52.51250267430032,13.324436617770202
Buser2021,Buser et al. 2021,IG,364,10,0.7564708303892088,9,0,23,Germany,Berlin,52.51250267430032,13.324436617770202
Buser2021,Buser et al. 2021,IG,365,15,0.8892534710261043,10,0,28,Germany,Berlin,52.51250267430032,13.324436617770202
Buser2021,Buser et al. 2021,IG,366,15,0.8892534710261043,11,0,20,Germany,Berlin,52.51250267430032,13.324436617770202
Buser2021,Buser et al. 2021,IG,367,8,0.5631708387251959,12,0,29,Germany,Berlin,52.51250267430032,13.324436617770202
Buser2021,Buser et al. 2021,IG,368,20,1,13,1,27,Germany,Berlin,52.51250267430032,13.324436617770202
Buser2021,Buser et al. 2021,IG,369,10,0.7564708303892088,14,0,25,Germany,Berlin,52.51250267430032,13.324436617770202
Buser2021,Buser et al. 2021,IG,370,10,0.7564708303892088,15,1,22,Germany,Berlin,52.51250267430032,13.324436617770202
Buser2021,Buser et al. 2021,IG,371,15,0.8892534710261043,16,0,31,Germany,Berlin,52.51250267430032,13.324436617770202
Buser2021,Buser et al. 2021,IG,372,20,1,17,1,31,Germany,Berlin,52.51250267430032,13.324436617770202
Buser2021,Buser et al. 2021,IG,373,10,0.7564708303892088,18,1,27,Germany,Berlin,52.51250267430032,13.324436617770202
Buser2021,Buser et al. 2021,IG,374,20,1,19,1,25,Germany,Berlin,52.51250267430032,13.324436617770202
Buser2021,Buser et al. 2021,IG,375,10,0.7564708303892088,20,0,28,Germany,Berlin,52.51250267430032,13.324436617770202
Buser2021,Buser et al. 2021,IG,376,13,0.8546608704269608,21,1,28,Germany,Berlin,52.51250267430032,13.324436617770202
Buser2021,Buser et al. 2021,IG,377,7,0.24931068901365724,22,0,27,Germany,Berlin,52.51250267430032,13.324436617770202
Buser2021,Buser et al. 2021,IG,378,19,0.9422017260135991,23,1,24,Germany,Berlin,52.51250267430032,13.324436617770202
Buser2021,Buser et al. 2021,IG,379,10,0.7564708303892088,24,0,21,Germany,Berlin,52.51250267430032,13.324436617770202
Buser2021,Buser et al. 2021,IG,380,12,0.831176446271546,1,0,23,Germany,Berlin,52.51250267430032,13.324436617770202
Buser2021,Buser et al. 2021,IG,381,10,0.7564708303892088,2,1,25,Germany,Berlin,52.51250267430032,13.324436617770202
Buser2021,Buser et al. 2021,IG,382,15,0.8892534710261043,3,0,27,Germany,Berlin,52.51250267430032,13.324436617770202
Buser2021,Buser et al. 2021,IG,383,5,2.2239005978342123,4,1,21,Germany,Berlin,52.51250267430032,13.324436617770202
Buser2021,Buser et al. 2021,IG,384,8,0.5631708387251959,5,1,20,Germany,Berlin,52.51250267430032,13.324436617770202
Buser2021,Buser et al. 2021,IG,385,10,0.7564708303892088,6,1,25,Germany,Berlin,52.51250267430032,13.324436617770202
Buser2021,Buser et al. 2021,IG,386,10,0.7564708303892088,7,1,25,Germany,Berlin,52.51250267430032,13.324436617770202
Buser2021,Buser et al. 2021,IG,387,10,0.7564708303892088,8,1,21,Germany,Berlin,52.51250267430032,13.324436617770202
Buser2021,Buser et al. 2021,IG,388,20,1,9,0,23,Germany,Berlin,52.51250267430032,13.324436617770202
Buser2021,Buser et al. 2021,IG,389,10,0.7564708303892088,10,1,22,Germany,Berlin,52.51250267430032,13.324436617770202
Buser2021,Buser et al. 2021,IG,390,20,1,11,0,23,Germany,Berlin,52.51250267430032,13.324436617770202
Buser2021,Buser et al. 2021,IG,391,8,0.5631708387251959,12,0,30,Germany,Berlin,52.51250267430032,13.324436617770202
Buser2021,Buser et al. 2021,IG,392,0,-1,13,0,24,Germany,Berlin,52.51250267430032,13.324436617770202
Buser2021,Buser et al. 2021,IG,393,7,0.24931068901365724,14,0,25,Germany,Berlin,52.51250267430032,13.324436617770202
Buser2021,Buser et al. 2021,IG,394,20,1,15,0,23,Germany,Berlin,52.51250267430032,13.324436617770202
Buser2021,Buser et al. 2021,IG,395,10,0.7564708303892088,16,1,26,Germany,Berlin,52.51250267430032,13.324436617770202
Buser2021,Buser et al. 2021,IG,396,10,0.7564708303892088,17,1,26,Germany,Berlin,52.51250267430032,13.324436617770202
Buser2021,Buser et al. 2021,IG,397,10,0.7564708303892088,18,0,20,Germany,Berlin,52.51250267430032,13.324436617770202
Buser2021,Buser et al. 2021,IG,398,20,1,19,0,26,Germany,Berlin,52.51250267430032,13.324436617770202
Buser2021,Buser et al. 2021,IG,399,10,0.7564708303892088,20,1,24,Germany,Berlin,52.51250267430032,13.324436617770202
Buser2021,Buser et al. 2021,IG,400,10,0.7564708303892088,21,1,23,Germany,Berlin,52.51250267430032,13.324436617770202
Buser2021,Buser et al. 2021,IG,401,7,0.24931068901365724,22,1,21,Germany,Berlin,52.51250267430032,13.324436617770202
Buser2021,Buser et al. 2021,IG,402,2,1.1742037694894114,23,1,25,Germany,Berlin,52.51250267430032,13.324436617770202
Buser2021,Buser et al. 2021,IG,403,20,1,24,0,22,Germany,Berlin,52.51250267430032,13.324436617770202
Buser2021,Buser et al. 2021,IG,404,20,1,1,0,23,Germany,Berlin,52.51250267430032,13.324436617770202
Buser2021,Buser et al. 2021,IG,405,10,0.7564708303892088,2,0,30,Germany,Berlin,52.51250267430032,13.324436617770202
Buser2021,Buser et al. 2021,IG,406,20,1,3,0,23,Germany,Berlin,52.51250267430032,13.324436617770202
Buser2021,Buser et al. 2021,IG,407,20,1,4,1,20,Germany,Berlin,52.51250267430032,13.324436617770202
Buser2021,Buser et al. 2021,IG,408,10,0.7564708303892088,5,1,23,Germany,Berlin,52.51250267430032,13.324436617770202
Buser2021,Buser et al. 2021,IG,409,20,1,6,0,24,Germany,Berlin,52.51250267430032,13.324436617770202
Buser2021,Buser et al. 2021,IG,410,12,0.831176446271546,7,1,27,Germany,Berlin,52.51250267430032,13.324436617770202
Buser2021,Buser et al. 2021,IG,411,20,1,8,0,24,Germany,Berlin,52.51250267430032,13.324436617770202
Buser2021,Buser et al. 2021,IG,412,20,1,9,1,26,Germany,Berlin,52.51250267430032,13.324436617770202
Buser2021,Buser et al. 2021,IG,413,15,0.8892534710261043,10,0,27,Germany,Berlin,52.51250267430032,13.324436617770202
Buser2021,Buser et al. 2021,IG,414,15,0.8892534710261043,11,1,28,Germany,Berlin,52.51250267430032,13.324436617770202
Buser2021,Buser et al. 2021,IG,415,10,0.7564708303892088,12,0,48,Germany,Berlin,52.51250267430032,13.324436617770202
Buser2021,Buser et al. 2021,IG,416,20,1,13,0,21,Germany,Berlin,52.51250267430032,13.324436617770202
Buser2021,Buser et al. 2021,IG,417,10,0.7564708303892088,14,1,30,Germany,Berlin,52.51250267430032,13.324436617770202
Buser2021,Buser et al. 2021,IG,418,8,0.5631708387251959,15,0,26,Germany,Berlin,52.51250267430032,13.324436617770202
Buser2021,Buser et al. 2021,IG,419,11,0.8002227168780148,16,1,24,Germany,Berlin,52.51250267430032,13.324436617770202
Buser2021,Buser et al. 2021,IG,420,10,0.7564708303892088,17,0,21,Germany,Berlin,52.51250267430032,13.324436617770202
Buser2021,Buser et al. 2021,IG,421,10,0.7564708303892088,18,1,28,Germany,Berlin,52.51250267430032,13.324436617770202
Buser2021,Buser et al. 2021,IG,422,8,0.5631708387251959,19,0,29,Germany,Berlin,52.51250267430032,13.324436617770202
Buser2021,Buser et al. 2021,IG,423,4,1.4747697218456,20,1,29,Germany,Berlin,52.51250267430032,13.324436617770202
Buser2021,Buser et al. 2021,IG,424,15,0.8892534710261043,21,0,28,Germany,Berlin,52.51250267430032,13.324436617770202
Buser2021,Buser et al. 2021,IG,425,20,1,22,0,21,Germany,Berlin,52.51250267430032,13.324436617770202
Buser2021,Buser et al. 2021,IG,426,20,1,23,0,21,Germany,Berlin,52.51250267430032,13.324436617770202
Buser2021,Buser et al. 2021,IG,427,20,1,24,1,35,Germany,Berlin,52.51250267430032,13.324436617770202
Buser2021,Buser et al. 2021,IG,428,20,1,1,0,26,Germany,Berlin,52.51250267430032,13.324436617770202
Buser2021,Buser et al. 2021,IG,429,15,0.8892534710261043,2,0,24,Germany,Berlin,52.51250267430032,13.324436617770202
Buser2021,Buser et al. 2021,IG,430,10,0.7564708303892088,3,1,19,Germany,Berlin,52.51250267430032,13.324436617770202
Buser2021,Buser et al. 2021,IG,431,3,1.2726881159808323,4,1,24,Germany,Berlin,52.51250267430032,13.324436617770202
Buser2021,Buser et al. 2021,IG,432,1,1.1100232723180814,5,0,24,Germany,Berlin,52.51250267430032,13.324436617770202
Buser2021,Buser et al. 2021,IG,433,5,2.2239005978342123,6,1,22,Germany,Berlin,52.51250267430032,13.324436617770202
Buser2021,Buser et al. 2021,IG,434,20,1,7,1,37,Germany,Berlin,52.51250267430032,13.324436617770202
Buser2021,Buser et al. 2021,IG,435,20,1,8,0,24,Germany,Berlin,52.51250267430032,13.324436617770202
Buser2021,Buser et al. 2021,IG,436,7,0.24931068901365724,9,1,27,Germany,Berlin,52.51250267430032,13.324436617770202
Buser2021,Buser et al. 2021,IG,437,20,1,10,1,27,Germany,Berlin,52.51250267430032,13.324436617770202
Buser2021,Buser et al. 2021,IG,438,20,1,11,1,26,Germany,Berlin,52.51250267430032,13.324436617770202
Buser2021,Buser et al. 2021,IG,439,12,0.831176446271546,12,0,22,Germany,Berlin,52.51250267430032,13.324436617770202
Buser2021,Buser et al. 2021,IG,440,20,1,13,0,21,Germany,Berlin,52.51250267430032,13.324436617770202
Buser2021,Buser et al. 2021,IG,441,10,0.7564708303892088,14,1,23,Germany,Berlin,52.51250267430032,13.324436617770202
Buser2021,Buser et al. 2021,IG,442,15,0.8892534710261043,15,1,48,Germany,Berlin,52.51250267430032,13.324436617770202
Buser2021,Buser et al. 2021,IG,443,10,0.7564708303892088,16,1,26,Germany,Berlin,52.51250267430032,13.324436617770202
Buser2021,Buser et al. 2021,IG,444,20,1,17,0,27,Germany,Berlin,52.51250267430032,13.324436617770202
Buser2021,Buser et al. 2021,IG,445,20,1,18,0,28,Germany,Berlin,52.51250267430032,13.324436617770202
Buser2021,Buser et al. 2021,IG,446,20,1,19,0,20,Germany,Berlin,52.51250267430032,13.324436617770202
Buser2021,Buser et al. 2021,IG,447,20,1,20,1,25,Germany,Berlin,52.51250267430032,13.324436617770202
Buser2021,Buser et al. 2021,IG,448,20,1,1,0,25,Germany,Berlin,52.51250267430032,13.324436617770202
Buser2021,Buser et al. 2021,IG,449,10,0.7564708303892088,2,0,35,Germany,Berlin,52.51250267430032,13.324436617770202
Buser2021,Buser et al. 2021,IG,450,10,0.7564708303892088,3,0,25,Germany,Berlin,52.51250267430032,13.324436617770202
Buser2021,Buser et al. 2021,IG,451,5,2.2239005978342123,4,1,26,Germany,Berlin,52.51250267430032,13.324436617770202
Buser2021,Buser et al. 2021,IG,452,10,0.7564708303892088,5,1,38,Germany,Berlin,52.51250267430032,13.324436617770202
Buser2021,Buser et al. 2021,IG,453,13,0.8546608704269608,6,1,28,Germany,Berlin,52.51250267430032,13.324436617770202
Buser2021,Buser et al. 2021,IG,454,7,0.24931068901365724,7,0,26,Germany,Berlin,52.51250267430032,13.324436617770202
Buser2021,Buser et al. 2021,IG,455,10,0.7564708303892088,8,1,19,Germany,Berlin,52.51250267430032,13.324436617770202
Buser2021,Buser et al. 2021,IG,456,10,0.7564708303892088,9,0,25,Germany,Berlin,52.51250267430032,13.324436617770202
Buser2021,Buser et al. 2021,IG,457,20,1,10,0,22,Germany,Berlin,52.51250267430032,13.324436617770202
Buser2021,Buser et al. 2021,IG,458,10,0.7564708303892088,11,1,20,Germany,Berlin,52.51250267430032,13.324436617770202
Buser2021,Buser et al. 2021,IG,459,20,1,12,0,25,Germany,Berlin,52.51250267430032,13.324436617770202
Buser2021,Buser et al. 2021,IG,460,10,0.7564708303892088,13,1,23,Germany,Berlin,52.51250267430032,13.324436617770202
Buser2021,Buser et al. 2021,IG,461,0,-1,14,1,24,Germany,Berlin,52.51250267430032,13.324436617770202
Buser2021,Buser et al. 2021,IG,462,10,0.7564708303892088,15,0,23,Germany,Berlin,52.51250267430032,13.324436617770202
Buser2021,Buser et al. 2021,IG,463,20,1,16,0,22,Germany,Berlin,52.51250267430032,13.324436617770202
Buser2021,Buser et al. 2021,IG,464,20,1,17,0,32,Germany,Berlin,52.51250267430032,13.324436617770202
Buser2021,Buser et al. 2021,IG,465,20,1,18,0,26,Germany,Berlin,52.51250267430032,13.324436617770202
Buser2021,Buser et al. 2021,IG,466,10,0.7564708303892088,19,1,22,Germany,Berlin,52.51250267430032,13.324436617770202
Buser2021,Buser et al. 2021,IG,467,10,0.7564708303892088,20,1,22,Germany,Berlin,52.51250267430032,13.324436617770202
Buser2021,Buser et al. 2021,IG,468,11,0.8002227168780148,21,1,28,Germany,Berlin,52.51250267430032,13.324436617770202
Buser2021,Buser et al. 2021,IG,469,20,1,22,0,24,Germany,Berlin,52.51250267430032,13.324436617770202
Buser2021,Buser et al. 2021,IG,470,5,2.2239005978342123,23,1,19,Germany,Berlin,52.51250267430032,13.324436617770202
Buser2021,Buser et al. 2021,IG,471,10,0.7564708303892088,24,0,27,Germany,Berlin,52.51250267430032,13.324436617770202
Buser2021,Buser et al. 2021,IG,472,20,1,1,0,26,Germany,Berlin,52.51250267430032,13.324436617770202
Buser2021,Buser et al. 2021,IG,473,10,0.7564708303892088,2,1,19,Germany,Berlin,52.51250267430032,13.324436617770202
Buser2021,Buser et al. 2021,IG,474,10,0.7564708303892088,3,1,24,Germany,Berlin,52.51250267430032,13.324436617770202
Buser2021,Buser et al. 2021,IG,475,5,2.2239005978342123,4,0,20,Germany,Berlin,52.51250267430032,13.324436617770202
Buser2021,Buser et al. 2021,IG,476,5,2.2239005978342123,5,0,25,Germany,Berlin,52.51250267430032,13.324436617770202
Buser2021,Buser et al. 2021,IG,477,10,0.7564708303892088,6,0,22,Germany,Berlin,52.51250267430032,13.324436617770202
Buser2021,Buser et al. 2021,IG,478,20,1,7,0,21,Germany,Berlin,52.51250267430032,13.324436617770202
Buser2021,Buser et al. 2021,IG,479,20,1,8,0,18,Germany,Berlin,52.51250267430032,13.324436617770202
Buser2021,Buser et al. 2021,IG,480,20,1,9,0,22,Germany,Berlin,52.51250267430032,13.324436617770202
Buser2021,Buser et al. 2021,IG,481,5,2.2239005978342123,10,1,38,Germany,Berlin,52.51250267430032,13.324436617770202
Buser2021,Buser et al. 2021,IG,482,5,2.2239005978342123,11,1,23,Germany,Berlin,52.51250267430032,13.324436617770202
Buser2021,Buser et al. 2021,IG,483,15,0.8892534710261043,12,0,43,Germany,Berlin,52.51250267430032,13.324436617770202
Buser2021,Buser et al. 2021,IG,484,20,1,13,0,27,Germany,Berlin,52.51250267430032,13.324436617770202
Buser2021,Buser et al. 2021,IG,485,20,1,14,1,27,Germany,Berlin,52.51250267430032,13.324436617770202
Buser2021,Buser et al. 2021,IG,486,20,1,15,1,28,Germany,Berlin,52.51250267430032,13.324436617770202
Buser2021,Buser et al. 2021,IG,487,10,0.7564708303892088,16,1,21,Germany,Berlin,52.51250267430032,13.324436617770202
Buser2021,Buser et al. 2021,IG,488,20,1,17,0,27,Germany,Berlin,52.51250267430032,13.324436617770202
Buser2021,Buser et al. 2021,IG,489,8,0.5631708387251959,18,1,23,Germany,Berlin,52.51250267430032,13.324436617770202
Buser2021,Buser et al. 2021,IG,490,10,0.7564708303892088,19,1,25,Germany,Berlin,52.51250267430032,13.324436617770202
Buser2021,Buser et al. 2021,IG,491,5,2.2239005978342123,20,1,26,Germany,Berlin,52.51250267430032,13.324436617770202
Buser2021,Buser et al. 2021,IG,492,10,0.7564708303892088,1,1,21,Germany,Berlin,52.51250267430032,13.324436617770202
Buser2021,Buser et al. 2021,IG,493,20,1,2,1,21,Germany,Berlin,52.51250267430032,13.324436617770202
Buser2021,Buser et al. 2021,IG,494,5,2.2239005978342123,3,0,21,Germany,Berlin,52.51250267430032,13.324436617770202
Buser2021,Buser et al. 2021,IG,495,10,0.7564708303892088,4,0,25,Germany,Berlin,52.51250267430032,13.324436617770202
Buser2021,Buser et al. 2021,IG,496,10,0.7564708303892088,5,1,20,Germany,Berlin,52.51250267430032,13.324436617770202
Buser2021,Buser et al. 2021,IG,497,10,0.7564708303892088,6,1,21,Germany,Berlin,52.51250267430032,13.324436617770202
Buser2021,Buser et al. 2021,IG,498,10,0.7564708303892088,7,1,23,Germany,Berlin,52.51250267430032,13.324436617770202
Buser2021,Buser et al. 2021,IG,499,10,0.7564708303892088,8,0,23,Germany,Berlin,52.51250267430032,13.324436617770202
Buser2021,Buser et al. 2021,IG,500,10,0.7564708303892088,9,1,25,Germany,Berlin,52.51250267430032,13.324436617770202
Buser2021,Buser et al. 2021,IG,501,20,1,10,1,22,Germany,Berlin,52.51250267430032,13.324436617770202
Buser2021,Buser et al. 2021,IG,502,7,0.24931068901365724,11,1,24,Germany,Berlin,52.51250267430032,13.324436617770202
Buser2021,Buser et al. 2021,IG,503,10,0.7564708303892088,12,0,26,Germany,Berlin,52.51250267430032,13.324436617770202
Buser2021,Buser et al. 2021,IG,504,14,0.8734718985173235,13,0,21,Germany,Berlin,52.51250267430032,13.324436617770202
Buser2021,Buser et al. 2021,IG,505,0,-1,14,0,21,Germany,Berlin,52.51250267430032,13.324436617770202
Buser2021,Buser et al. 2021,IG,506,20,1,15,1,20,Germany,Berlin,52.51250267430032,13.324436617770202
Buser2021,Buser et al. 2021,IG,507,0,-1,16,1,21,Germany,Berlin,52.51250267430032,13.324436617770202
Buser2021,Buser et al. 2021,IG,508,10,0.7564708303892088,17,1,20,Germany,Berlin,52.51250267430032,13.324436617770202
Buser2021,Buser et al. 2021,IG,509,5,2.2239005978342123,18,1,20,Germany,Berlin,52.51250267430032,13.324436617770202
Buser2021,Buser et al. 2021,IG,510,10,0.7564708303892088,19,1,29,Germany,Berlin,52.51250267430032,13.324436617770202
Buser2021,Buser et al. 2021,IG,511,7,0.24931068901365724,20,0,23,Germany,Berlin,52.51250267430032,13.324436617770202
Buser2021,Buser et al. 2021,IG,512,10,0.7564708303892088,21,0,18,Germany,Berlin,52.51250267430032,13.324436617770202
Buser2021,Buser et al. 2021,IG,513,8,0.5631708387251959,1,1,22,Germany,Berlin,52.51250267430032,13.324436617770202
Buser2021,Buser et al. 2021,IG,514,20,1,2,0,18,Germany,Berlin,52.51250267430032,13.324436617770202
Buser2021,Buser et al. 2021,IG,515,10,0.7564708303892088,3,0,24,Germany,Berlin,52.51250267430032,13.324436617770202
Buser2021,Buser et al. 2021,IG,516,20,1,4,0,19,Germany,Berlin,52.51250267430032,13.324436617770202
Buser2021,Buser et al. 2021,IG,517,8,0.5631708387251959,5,0,22,Germany,Berlin,52.51250267430032,13.324436617770202
Buser2021,Buser et al. 2021,IG,518,12,0.831176446271546,6,0,24,Germany,Berlin,52.51250267430032,13.324436617770202
Buser2021,Buser et al. 2021,IG,519,20,1,7,1,20,Germany,Berlin,52.51250267430032,13.324436617770202
Buser2021,Buser et al. 2021,IG,520,7,0.24931068901365724,8,1,19,Germany,Berlin,52.51250267430032,13.324436617770202
Buser2021,Buser et al. 2021,IG,521,10,0.7564708303892088,9,1,19,Germany,Berlin,52.51250267430032,13.324436617770202
Buser2021,Buser et al. 2021,IG,522,15,0.8892534710261043,10,1,20,Germany,Berlin,52.51250267430032,13.324436617770202
Buser2021,Buser et al. 2021,IG,523,20,1,11,0,26,Germany,Berlin,52.51250267430032,13.324436617770202
Buser2021,Buser et al. 2021,IG,524,10,0.7564708303892088,12,0,24,Germany,Berlin,52.51250267430032,13.324436617770202
Buser2021,Buser et al. 2021,IG,525,10,0.7564708303892088,13,0,21,Germany,Berlin,52.51250267430032,13.324436617770202
Buser2021,Buser et al. 2021,IG,526,5,2.2239005978342123,14,1,20,Germany,Berlin,52.51250267430032,13.324436617770202
Buser2021,Buser et al. 2021,IG,527,10,0.7564708303892088,15,1,22,Germany,Berlin,52.51250267430032,13.324436617770202
Buser2021,Buser et al. 2021,IG,528,10,0.7564708303892088,16,0,24,Germany,Berlin,52.51250267430032,13.324436617770202
Buser2021,Buser et al. 2021,IG,529,20,1,17,0,18,Germany,Berlin,52.51250267430032,13.324436617770202
Buser2021,Buser et al. 2021,IG,530,9,0.6881815594407459,18,1,29,Germany,Berlin,52.51250267430032,13.324436617770202
Buser2021,Buser et al. 2021,IG,531,0,-1,19,1,22,Germany,Berlin,52.51250267430032,13.324436617770202
Buser2021,Buser et al. 2021,IG,532,11,0.8002227168780148,20,1,20,Germany,Berlin,52.51250267430032,13.324436617770202
Buser2021,Buser et al. 2021,IG,533,20,1,21,0,24,Germany,Berlin,52.51250267430032,13.324436617770202
Buser2021,Buser et al. 2021,IG,534,10,0.7564708303892088,22,0,20,Germany,Berlin,52.51250267430032,13.324436617770202
Buser2021,Buser et al. 2021,IG,535,5,2.2239005978342123,23,1,22,Germany,Berlin,52.51250267430032,13.324436617770202
Buser2021,Buser et al. 2021,IG,536,13,0.8546608704269608,24,1,24,Germany,Berlin,52.51250267430032,13.324436617770202
Buser2021,Buser et al. 2021,IG,537,10,0.7564708303892088,1,1,22,Germany,Berlin,52.51250267430032,13.324436617770202
Buser2021,Buser et al. 2021,IG,538,20,1,2,1,25,Germany,Berlin,52.51250267430032,13.324436617770202
Buser2021,Buser et al. 2021,IG,539,8,0.5631708387251959,3,1,23,Germany,Berlin,52.51250267430032,13.324436617770202
Buser2021,Buser et al. 2021,IG,540,20,1,4,0,20,Germany,Berlin,52.51250267430032,13.324436617770202
Buser2021,Buser et al. 2021,IG,541,10,0.7564708303892088,5,1,29,Germany,Berlin,52.51250267430032,13.324436617770202
Buser2021,Buser et al. 2021,IG,542,8,0.5631708387251959,6,1,23,Germany,Berlin,52.51250267430032,13.324436617770202
Buser2021,Buser et al. 2021,IG,543,20,1,7,0,25,Germany,Berlin,52.51250267430032,13.324436617770202
Buser2021,Buser et al. 2021,IG,544,20,1,8,0,26,Germany,Berlin,52.51250267430032,13.324436617770202
Buser2021,Buser et al. 2021,IG,545,10,0.7564708303892088,9,0,18,Germany,Berlin,52.51250267430032,13.324436617770202
Buser2021,Buser et al. 2021,IG,546,8,0.5631708387251959,10,1,29,Germany,Berlin,52.51250267430032,13.324436617770202
Buser2021,Buser et al. 2021,IG,547,5,2.2239005978342123,11,1,25,Germany,Berlin,52.51250267430032,13.324436617770202
Buser2021,Buser et al. 2021,IG,548,20,1,12,0,22,Germany,Berlin,52.51250267430032,13.324436617770202
Buser2021,Buser et al. 2021,IG,549,20,1,13,0,21,Germany,Berlin,52.51250267430032,13.324436617770202
Buser2021,Buser et al. 2021,IG,550,2,1.1742037694894114,14,0,18,Germany,Berlin,52.51250267430032,13.324436617770202
Buser2021,Buser et al. 2021,IG,551,7,0.24931068901365724,15,1,24,Germany,Berlin,52.51250267430032,13.324436617770202
Buser2021,Buser et al. 2021,IG,552,10,0.7564708303892088,16,0,18,Germany,Berlin,52.51250267430032,13.324436617770202
Buser2021,Buser et al. 2021,IG,553,10,0.7564708303892088,17,1,22,Germany,Berlin,52.51250267430032,13.324436617770202
Buser2021,Buser et al. 2021,IG,554,20,1,18,0,25,Germany,Berlin,52.51250267430032,13.324436617770202
Buser2021,Buser et al. 2021,IG,555,10,0.7564708303892088,19,1,22,Germany,Berlin,52.51250267430032,13.324436617770202
Buser2021,Buser et al. 2021,IG,556,10,0.7564708303892088,20,1,26,Germany,Berlin,52.51250267430032,13.324436617770202
Buser2021,Buser et al. 2021,IG,557,15,0.8892534710261043,21,0,22,Germany,Berlin,52.51250267430032,13.324436617770202
Buser2021,Buser et al. 2021,IG,558,5,2.2239005978342123,22,1,21,Germany,Berlin,52.51250267430032,13.324436617770202
Buser2021,Buser et al. 2021,IG,559,6,-2.234299948341919,23,0,23,Germany,Berlin,52.51250267430032,13.324436617770202
Buser2021,Buser et al. 2021,IG,560,6,-2.234299948341919,1,1,22,Germany,Berlin,52.51250267430032,13.324436617770202
Buser2021,Buser et al. 2021,IG,561,20,1,2,0,23,Germany,Berlin,52.51250267430032,13.324436617770202
Buser2021,Buser et al. 2021,IG,562,5,2.2239005978342123,3,1,21,Germany,Berlin,52.51250267430032,13.324436617770202
Buser2021,Buser et al. 2021,IG,563,15,0.8892534710261043,4,1,20,Germany,Berlin,52.51250267430032,13.324436617770202
Buser2021,Buser et al. 2021,IG,564,20,1,5,0,28,Germany,Berlin,52.51250267430032,13.324436617770202
Buser2021,Buser et al. 2021,IG,565,12,0.831176446271546,6,1,26,Germany,Berlin,52.51250267430032,13.324436617770202
Buser2021,Buser et al. 2021,IG,566,10,0.7564708303892088,7,1,23,Germany,Berlin,52.51250267430032,13.324436617770202
Buser2021,Buser et al. 2021,IG,567,20,1,8,0,53,Germany,Berlin,52.51250267430032,13.324436617770202
Buser2021,Buser et al. 2021,IG,568,7,0.24931068901365724,9,1,20,Germany,Berlin,52.51250267430032,13.324436617770202
Buser2021,Buser et al. 2021,IG,569,20,1,10,0,28,Germany,Berlin,52.51250267430032,13.324436617770202
Buser2021,Buser et al. 2021,IG,570,5,2.2239005978342123,11,0,25,Germany,Berlin,52.51250267430032,13.324436617770202
Buser2021,Buser et al. 2021,IG,571,20,1,12,0,27,Germany,Berlin,52.51250267430032,13.324436617770202
Buser2021,Buser et al. 2021,IG,572,10,0.7564708303892088,13,1,20,Germany,Berlin,52.51250267430032,13.324436617770202
Buser2021,Buser et al. 2021,IG,573,2,1.1742037694894114,14,1,31,Germany,Berlin,52.51250267430032,13.324436617770202
Buser2021,Buser et al. 2021,IG,574,20,1,15,0,20,Germany,Berlin,52.51250267430032,13.324436617770202
Buser2021,Buser et al. 2021,IG,575,19,0.9422017260135991,16,1,25,Germany,Berlin,52.51250267430032,13.324436617770202
Buser2021,Buser et al. 2021,IG,576,10,0.7564708303892088,17,1,23,Germany,Berlin,52.51250267430032,13.324436617770202
Buser2021,Buser et al. 2021,IG,577,20,1,18,0,21,Germany,Berlin,52.51250267430032,13.324436617770202
Buser2021,Buser et al. 2021,IG,578,7,0.24931068901365724,19,1,24,Germany,Berlin,52.51250267430032,13.324436617770202
Buser2021,Buser et al. 2021,IG,579,5,2.2239005978342123,20,1,21,Germany,Berlin,52.51250267430032,13.324436617770202
Buser2021,Buser et al. 2021,IG,580,20,1,1,0,21,Germany,Berlin,52.51250267430032,13.324436617770202
Buser2021,Buser et al. 2021,IG,581,20,1,2,0,37,Germany,Berlin,52.51250267430032,13.324436617770202
Buser2021,Buser et al. 2021,IG,582,20,1,3,0,24,Germany,Berlin,52.51250267430032,13.324436617770202
Buser2021,Buser et al. 2021,IG,583,20,1,4,1,25,Germany,Berlin,52.51250267430032,13.324436617770202
Buser2021,Buser et al. 2021,IG,584,7,0.24931068901365724,5,1,25,Germany,Berlin,52.51250267430032,13.324436617770202
Buser2021,Buser et al. 2021,IG,585,18,0.9283306834815006,6,0,27,Germany,Berlin,52.51250267430032,13.324436617770202
Buser2021,Buser et al. 2021,IG,586,15,0.8892534710261043,7,0,24,Germany,Berlin,52.51250267430032,13.324436617770202
Buser2021,Buser et al. 2021,IG,587,8,0.5631708387251959,8,1,24,Germany,Berlin,52.51250267430032,13.324436617770202
Buser2021,Buser et al. 2021,IG,588,7,0.24931068901365724,9,0,29,Germany,Berlin,52.51250267430032,13.324436617770202
Buser2021,Buser et al. 2021,IG,589,15,0.8892534710261043,10,1,28,Germany,Berlin,52.51250267430032,13.324436617770202
Buser2021,Buser et al. 2021,IG,590,20,1,11,0,26,Germany,Berlin,52.51250267430032,13.324436617770202
Buser2021,Buser et al. 2021,IG,591,13,0.8546608704269608,12,0,25,Germany,Berlin,52.51250267430032,13.324436617770202
Buser2021,Buser et al. 2021,IG,592,20,1,13,0,22,Germany,Berlin,52.51250267430032,13.324436617770202
Buser2021,Buser et al. 2021,IG,593,5,2.2239005978342123,14,1,21,Germany,Berlin,52.51250267430032,13.324436617770202
Buser2021,Buser et al. 2021,IG,594,10,0.7564708303892088,15,1,19,Germany,Berlin,52.51250267430032,13.324436617770202
Buser2021,Buser et al. 2021,IG,595,10,0.7564708303892088,16,1,21,Germany,Berlin,52.51250267430032,13.324436617770202
Buser2021,Buser et al. 2021,IG,596,15,0.8892534710261043,17,1,19,Germany,Berlin,52.51250267430032,13.324436617770202
Buser2021,Buser et al. 2021,IG,597,10,0.7564708303892088,18,1,24,Germany,Berlin,52.51250267430032,13.324436617770202
Buser2021,Buser et al. 2021,IG,598,20,1,19,1,19,Germany,Berlin,52.51250267430032,13.324436617770202
Buser2021,Buser et al. 2021,IG,599,8,0.5631708387251959,20,0,20,Germany,Berlin,52.51250267430032,13.324436617770202
Buser2021,Buser et al. 2021,IG,600,10,0.7564708303892088,21,1,24,Germany,Berlin,52.51250267430032,13.324436617770202
Buser2021,Buser et al. 2021,IG,601,20,1,22,0,26,Germany,Berlin,52.51250267430032,13.324436617770202
Buser2021,Buser et al. 2021,IG,602,20,1,23,0,27,Germany,Berlin,52.51250267430032,13.324436617770202
Buser2021,Buser et al. 2021,IG,603,20,1,24,0,24,Germany,Berlin,52.51250267430032,13.324436617770202
Buser2021,Buser et al. 2021,IG,604,10,0.7564708303892088,1,1,29,Germany,Berlin,52.51250267430032,13.324436617770202
Buser2021,Buser et al. 2021,IG,605,7,0.24931068901365724,2,0,25,Germany,Berlin,52.51250267430032,13.324436617770202
Buser2021,Buser et al. 2021,IG,606,20,1,3,0,22,Germany,Berlin,52.51250267430032,13.324436617770202
Buser2021,Buser et al. 2021,IG,607,20,1,4,0,20,Germany,Berlin,52.51250267430032,13.324436617770202
Buser2021,Buser et al. 2021,IG,608,10,0.7564708303892088,5,0,22,Germany,Berlin,52.51250267430032,13.324436617770202
Buser2021,Buser et al. 2021,IG,609,12,0.831176446271546,6,0,28,Germany,Berlin,52.51250267430032,13.324436617770202
Buser2021,Buser et al. 2021,IG,610,10,0.7564708303892088,7,0,40,Germany,Berlin,52.51250267430032,13.324436617770202
Buser2021,Buser et al. 2021,IG,611,20,1,8,0,22,Germany,Berlin,52.51250267430032,13.324436617770202
Buser2021,Buser et al. 2021,IG,612,20,1,9,1,26,Germany,Berlin,52.51250267430032,13.324436617770202
Buser2021,Buser et al. 2021,IG,613,5,2.2239005978342123,10,0,19,Germany,Berlin,52.51250267430032,13.324436617770202
Buser2021,Buser et al. 2021,IG,614,20,1,11,0,23,Germany,Berlin,52.51250267430032,13.324436617770202
Buser2021,Buser et al. 2021,IG,615,5,2.2239005978342123,12,0,25,Germany,Berlin,52.51250267430032,13.324436617770202
Buser2021,Buser et al. 2021,IG,616,0,-1,13,0,21,Germany,Berlin,52.51250267430032,13.324436617770202
Buser2021,Buser et al. 2021,IG,617,20,1,14,0,21,Germany,Berlin,52.51250267430032,13.324436617770202
Buser2021,Buser et al. 2021,IG,618,20,1,15,0,24,Germany,Berlin,52.51250267430032,13.324436617770202
Buser2021,Buser et al. 2021,IG,619,8,0.5631708387251959,16,0,21,Germany,Berlin,52.51250267430032,13.324436617770202
Buser2021,Buser et al. 2021,IG,620,20,1,1,0,18,Germany,Berlin,52.51250267430032,13.324436617770202
Buser2021,Buser et al. 2021,IG,621,20,1,2,1,32,Germany,Berlin,52.51250267430032,13.324436617770202
Buser2021,Buser et al. 2021,IG,622,0,-1,3,0,20,Germany,Berlin,52.51250267430032,13.324436617770202
Buser2021,Buser et al. 2021,IG,623,10,0.7564708303892088,4,1,31,Germany,Berlin,52.51250267430032,13.324436617770202
Buser2021,Buser et al. 2021,IG,624,20,1,5,1,33,Germany,Berlin,52.51250267430032,13.324436617770202
Buser2021,Buser et al. 2021,IG,625,5,2.2239005978342123,6,0,26,Germany,Berlin,52.51250267430032,13.324436617770202
Buser2021,Buser et al. 2021,IG,626,20,1,7,0,22,Germany,Berlin,52.51250267430032,13.324436617770202
Buser2021,Buser et al. 2021,IG,627,20,1,8,0,20,Germany,Berlin,52.51250267430032,13.324436617770202
Buser2021,Buser et al. 2021,IG,628,10,0.7564708303892088,9,1,21,Germany,Berlin,52.51250267430032,13.324436617770202
Buser2021,Buser et al. 2021,IG,629,5,2.2239005978342123,10,0,33,Germany,Berlin,52.51250267430032,13.324436617770202
Buser2021,Buser et al. 2021,IG,630,10,0.7564708303892088,11,1,19,Germany,Berlin,52.51250267430032,13.324436617770202
Buser2021,Buser et al. 2021,IG,631,15,0.8892534710261043,12,1,19,Germany,Berlin,52.51250267430032,13.324436617770202
Buser2021,Buser et al. 2021,IG,632,8,0.5631708387251959,13,0,32,Germany,Berlin,52.51250267430032,13.324436617770202
Buser2021,Buser et al. 2021,IG,633,13,0.8546608704269608,14,1,35,Germany,Berlin,52.51250267430032,13.324436617770202
Buser2021,Buser et al. 2021,IG,634,5,2.2239005978342123,15,1,25,Germany,Berlin,52.51250267430032,13.324436617770202
Buser2021,Buser et al. 2021,IG,635,15,0.8892534710261043,16,1,28,Germany,Berlin,52.51250267430032,13.324436617770202
Buser2021,Buser et al. 2021,IG,636,5,2.2239005978342123,17,0,25,Germany,Berlin,52.51250267430032,13.324436617770202
Buser2021,Buser et al. 2021,IG,637,20,1,18,0,18,Germany,Berlin,52.51250267430032,13.324436617770202
Buser2021,Buser et al. 2021,IG,638,5,2.2239005978342123,19,0,20,Germany,Berlin,52.51250267430032,13.324436617770202
Buser2021,Buser et al. 2021,IG,639,4,1.4747697218456,20,1,22,Germany,Berlin,52.51250267430032,13.324436617770202
Buser2021,Buser et al. 2021,IG,640,10,0.7564708303892088,21,1,20,Germany,Berlin,52.51250267430032,13.324436617770202
Buser2021,Buser et al. 2021,IG,641,20,1,22,0,24,Germany,Berlin,52.51250267430032,13.324436617770202
Buser2021,Buser et al. 2021,IG,642,20,1,23,1,28,Germany,Berlin,52.51250267430032,13.324436617770202
Buser2021,Buser et al. 2021,IG,643,20,1,24,1,35,Germany,Berlin,52.51250267430032,13.324436617770202
Buser2021,Buser et al. 2021,IG,644,0,-1,1,0,24,Germany,Berlin,52.51250267430032,13.324436617770202
Buser2021,Buser et al. 2021,IG,645,10,0.7564708303892088,2,1,21,Germany,Berlin,52.51250267430032,13.324436617770202
Buser2021,Buser et al. 2021,IG,646,15,0.8892534710261043,3,1,23,Germany,Berlin,52.51250267430032,13.324436617770202
Buser2021,Buser et al. 2021,IG,647,20,1,4,1,27,Germany,Berlin,52.51250267430032,13.324436617770202
Buser2021,Buser et al. 2021,IG,648,20,1,5,0,30,Germany,Berlin,52.51250267430032,13.324436617770202
Buser2021,Buser et al. 2021,IG,649,20,1,6,0,20,Germany,Berlin,52.51250267430032,13.324436617770202
Buser2021,Buser et al. 2021,IG,650,10,0.7564708303892088,7,0,20,Germany,Berlin,52.51250267430032,13.324436617770202
Buser2021,Buser et al. 2021,IG,651,7,0.24931068901365724,8,0,27,Germany,Berlin,52.51250267430032,13.324436617770202
Buser2021,Buser et al. 2021,IG,652,20,1,9,0,26,Germany,Berlin,52.51250267430032,13.324436617770202
Buser2021,Buser et al. 2021,IG,653,10,0.7564708303892088,10,0,21,Germany,Berlin,52.51250267430032,13.324436617770202
Buser2021,Buser et al. 2021,IG,654,6,-2.234299948341919,11,1,25,Germany,Berlin,52.51250267430032,13.324436617770202
Buser2021,Buser et al. 2021,IG,655,0,-1,12,0,18,Germany,Berlin,52.51250267430032,13.324436617770202
Buser2021,Buser et al. 2021,IG,656,20,1,13,0,24,Germany,Berlin,52.51250267430032,13.324436617770202
Buser2021,Buser et al. 2021,IG,657,10,0.7564708303892088,14,1,22,Germany,Berlin,52.51250267430032,13.324436617770202
Buser2021,Buser et al. 2021,IG,658,20,1,15,0,28,Germany,Berlin,52.51250267430032,13.324436617770202
Buser2021,Buser et al. 2021,IG,659,10,0.7564708303892088,16,1,26,Germany,Berlin,52.51250267430032,13.324436617770202
Buser2021,Buser et al. 2021,IG,660,10,0.7564708303892088,1,0,26,Germany,Berlin,52.51250267430032,13.324436617770202
Buser2021,Buser et al. 2021,IG,661,10,0.7564708303892088,2,0,22,Germany,Berlin,52.51250267430032,13.324436617770202
Buser2021,Buser et al. 2021,IG,662,0,-1,3,1,21,Germany,Berlin,52.51250267430032,13.324436617770202
Buser2021,Buser et al. 2021,IG,663,12,0.831176446271546,4,1,21,Germany,Berlin,52.51250267430032,13.324436617770202
Buser2021,Buser et al. 2021,IG,664,20,1,5,0,21,Germany,Berlin,52.51250267430032,13.324436617770202
Buser2021,Buser et al. 2021,IG,665,10,0.7564708303892088,6,0,20,Germany,Berlin,52.51250267430032,13.324436617770202
Buser2021,Buser et al. 2021,IG,666,10,0.7564708303892088,7,0,31,Germany,Berlin,52.51250267430032,13.324436617770202
Buser2021,Buser et al. 2021,IG,667,10,0.7564708303892088,8,0,21,Germany,Berlin,52.51250267430032,13.324436617770202
Buser2021,Buser et al. 2021,IG,668,10,0.7564708303892088,9,1,19,Germany,Berlin,52.51250267430032,13.324436617770202
Buser2021,Buser et al. 2021,IG,669,5,2.2239005978342123,10,1,19,Germany,Berlin,52.51250267430032,13.324436617770202
Buser2021,Buser et al. 2021,IG,670,13,0.8546608704269608,11,0,21,Germany,Berlin,52.51250267430032,13.324436617770202
Buser2021,Buser et al. 2021,IG,671,12,0.831176446271546,12,0,26,Germany,Berlin,52.51250267430032,13.324436617770202
Buser2021,Buser et al. 2021,IG,672,5,2.2239005978342123,13,1,21,Germany,Berlin,52.51250267430032,13.324436617770202
Buser2021,Buser et al. 2021,IG,673,11,0.8002227168780148,14,1,39,Germany,Berlin,52.51250267430032,13.324436617770202
Buser2021,Buser et al. 2021,IG,674,5,2.2239005978342123,15,1,21,Germany,Berlin,52.51250267430032,13.324436617770202
Buser2021,Buser et al. 2021,IG,675,10,0.7564708303892088,16,1,26,Germany,Berlin,52.51250267430032,13.324436617770202
Buser2021,Buser et al. 2021,IG,676,20,1,17,0,20,Germany,Berlin,52.51250267430032,13.324436617770202
Buser2021,Buser et al. 2021,IG,677,5,2.2239005978342123,18,1,26,Germany,Berlin,52.51250267430032,13.324436617770202
Buser2021,Buser et al. 2021,IG,678,10,0.7564708303892088,19,0,19,Germany,Berlin,52.51250267430032,13.324436617770202
Buser2021,Buser et al. 2021,IG,679,20,1,20,0,20,Germany,Berlin,52.51250267430032,13.324436617770202
Buser2021,Buser et al. 2021,IG,680,0,-1,21,0,18,Germany,Berlin,52.51250267430032,13.324436617770202
Buser2021,Buser et al. 2021,IG,681,20,1,22,0,26,Germany,Berlin,52.51250267430032,13.324436617770202
Buser2021,Buser et al. 2021,IG,682,7,0.24931068901365724,23,0,19,Germany,Berlin,52.51250267430032,13.324436617770202
Buser2021,Buser et al. 2021,IG,683,5,2.2239005978342123,24,1,27,Germany,Berlin,52.51250267430032,13.324436617770202
Buser2021,Buser et al. 2021,IG,684,10,0.7564708303892088,1,1,25,Germany,Berlin,52.51250267430032,13.324436617770202
Buser2021,Buser et al. 2021,IG,685,0,-1,2,0,21,Germany,Berlin,52.51250267430032,13.324436617770202
Buser2021,Buser et al. 2021,IG,686,10,0.7564708303892088,3,1,22,Germany,Berlin,52.51250267430032,13.324436617770202
Buser2021,Buser et al. 2021,IG,687,10,0.7564708303892088,4,1,27,Germany,Berlin,52.51250267430032,13.324436617770202
Buser2021,Buser et al. 2021,IG,688,20,1,5,1,28,Germany,Berlin,52.51250267430032,13.324436617770202
Buser2021,Buser et al. 2021,IG,689,10,0.7564708303892088,6,1,20,Germany,Berlin,52.51250267430032,13.324436617770202
Buser2021,Buser et al. 2021,IG,690,0,-1,7,0,22,Germany,Berlin,52.51250267430032,13.324436617770202
Buser2021,Buser et al. 2021,IG,691,20,1,8,0,26,Germany,Berlin,52.51250267430032,13.324436617770202
Buser2021,Buser et al. 2021,IG,692,20,1,9,0,33,Germany,Berlin,52.51250267430032,13.324436617770202
Buser2021,Buser et al. 2021,IG,693,20,1,10,0,20,Germany,Berlin,52.51250267430032,13.324436617770202
Buser2021,Buser et al. 2021,IG,694,6,-2.234299948341919,11,1,28,Germany,Berlin,52.51250267430032,13.324436617770202
Buser2021,Buser et al. 2021,IG,695,10,0.7564708303892088,12,1,20,Germany,Berlin,52.51250267430032,13.324436617770202
Buser2021,Buser et al. 2021,IG,696,20,1,13,0,24,Germany,Berlin,52.51250267430032,13.324436617770202
Buser2021,Buser et al. 2021,IG,697,10,0.7564708303892088,14,1,21,Germany,Berlin,52.51250267430032,13.324436617770202
Buser2021,Buser et al. 2021,IG,698,10,0.7564708303892088,15,0,37,Germany,Berlin,52.51250267430032,13.324436617770202
Buser2021,Buser et al. 2021,IG,699,12,0.831176446271546,16,1,26,Germany,Berlin,52.51250267430032,13.324436617770202
Buser2021,Buser et al. 2021,IG,700,10,0.7564708303892088,17,0,27,Germany,Berlin,52.51250267430032,13.324436617770202
Buser2021,Buser et al. 2021,IG,701,10,0.7564708303892088,18,0,24,Germany,Berlin,52.51250267430032,13.324436617770202
Buser2021,Buser et al. 2021,IG,702,20,1,19,1,19,Germany,Berlin,52.51250267430032,13.324436617770202
Buser2021,Buser et al. 2021,IG,703,15,0.8892534710261043,20,0,25,Germany,Berlin,52.51250267430032,13.324436617770202
Buser2021,Buser et al. 2021,IG,704,13,0.8546608704269608,21,0,20,Germany,Berlin,52.51250267430032,13.324436617770202
Buser2021,Buser et al. 2021,IG,705,10,0.7564708303892088,22,1,23,Germany,Berlin,52.51250267430032,13.324436617770202
Buser2021,Buser et al. 2021,IG,706,20,1,1,0,19,Germany,Berlin,52.51250267430032,13.324436617770202
Buser2021,Buser et al. 2021,IG,707,1,1.1100232723180814,2,1,19,Germany,Berlin,52.51250267430032,13.324436617770202
Buser2021,Buser et al. 2021,IG,708,20,1,3,0,26,Germany,Berlin,52.51250267430032,13.324436617770202
Buser2021,Buser et al. 2021,IG,709,5,2.2239005978342123,4,0,23,Germany,Berlin,52.51250267430032,13.324436617770202
Buser2021,Buser et al. 2021,IG,710,19,0.9422017260135991,5,0,20,Germany,Berlin,52.51250267430032,13.324436617770202
Buser2021,Buser et al. 2021,IG,711,10,0.7564708303892088,6,1,23,Germany,Berlin,52.51250267430032,13.324436617770202
Buser2021,Buser et al. 2021,IG,712,5,2.2239005978342123,7,1,28,Germany,Berlin,52.51250267430032,13.324436617770202
Buser2021,Buser et al. 2021,IG,713,20,1,8,1,20,Germany,Berlin,52.51250267430032,13.324436617770202
Buser2021,Buser et al. 2021,IG,714,16,0.903090002680222,9,0,21,Germany,Berlin,52.51250267430032,13.324436617770202
Buser2021,Buser et al. 2021,IG,715,15,0.8892534710261043,10,1,19,Germany,Berlin,52.51250267430032,13.324436617770202
Buser2021,Buser et al. 2021,IG,716,7,0.24931068901365724,11,1,19,Germany,Berlin,52.51250267430032,13.324436617770202
Buser2021,Buser et al. 2021,IG,717,19,0.9422017260135991,12,1,33,Germany,Berlin,52.51250267430032,13.324436617770202
Buser2021,Buser et al. 2021,IG,718,10,0.7564708303892088,13,0,18,Germany,Berlin,52.51250267430032,13.324436617770202
Buser2021,Buser et al. 2021,IG,719,13,0.8546608704269608,14,1,30,Germany,Berlin,52.51250267430032,13.324436617770202
Buser2021,Buser et al. 2021,IG,720,10,0.7564708303892088,15,1,30,Germany,Berlin,52.51250267430032,13.324436617770202
Buser2021,Buser et al. 2021,IG,721,7,0.24931068901365724,16,0,18,Germany,Berlin,52.51250267430032,13.324436617770202
Buser2021,Buser et al. 2021,IG,722,7,0.24931068901365724,17,1,18,Germany,Berlin,52.51250267430032,13.324436617770202
Buser2021,Buser et al. 2021,IG,723,10,0.7564708303892088,18,1,19,Germany,Berlin,52.51250267430032,13.324436617770202
Buser2021,Buser et al. 2021,IG,724,10,0.7564708303892088,19,1,33,Germany,Berlin,52.51250267430032,13.324436617770202
Buser2021,Buser et al. 2021,IG,725,20,1,20,0,27,Germany,Berlin,52.51250267430032,13.324436617770202
Buser2021,Buser et al. 2021,IG,726,20,1,21,0,22,Germany,Berlin,52.51250267430032,13.324436617770202
Buser2021,Buser et al. 2021,IG,727,8,0.5631708387251959,22,0,18,Germany,Berlin,52.51250267430032,13.324436617770202
Buser2021,Buser et al. 2021,IG,728,20,1,1,0,19,Germany,Berlin,52.51250267430032,13.324436617770202
Buser2021,Buser et al. 2021,IG,729,10,0.7564708303892088,2,1,23,Germany,Berlin,52.51250267430032,13.324436617770202
Buser2021,Buser et al. 2021,IG,730,10,0.7564708303892088,3,1,22,Germany,Berlin,52.51250267430032,13.324436617770202
Buser2021,Buser et al. 2021,IG,731,2,1.1742037694894114,4,0,20,Germany,Berlin,52.51250267430032,13.324436617770202
Buser2021,Buser et al. 2021,IG,732,10,0.7564708303892088,5,0,22,Germany,Berlin,52.51250267430032,13.324436617770202
Buser2021,Buser et al. 2021,IG,733,10,0.7564708303892088,6,1,23,Germany,Berlin,52.51250267430032,13.324436617770202
Buser2021,Buser et al. 2021,IG,734,10,0.7564708303892088,7,0,22,Germany,Berlin,52.51250267430032,13.324436617770202
Buser2021,Buser et al. 2021,IG,735,10,0.7564708303892088,8,0,29,Germany,Berlin,52.51250267430032,13.324436617770202
Buser2021,Buser et al. 2021,IG,736,7,0.24931068901365724,9,1,21,Germany,Berlin,52.51250267430032,13.324436617770202
Buser2021,Buser et al. 2021,IG,737,20,1,10,0,23,Germany,Berlin,52.51250267430032,13.324436617770202
Buser2021,Buser et al. 2021,IG,738,5,2.2239005978342123,11,0,18,Germany,Berlin,52.51250267430032,13.324436617770202
Buser2021,Buser et al. 2021,IG,739,20,1,12,0,23,Germany,Berlin,52.51250267430032,13.324436617770202
Buser2021,Buser et al. 2021,IG,740,20,1,13,0,28,Germany,Berlin,52.51250267430032,13.324436617770202
Buser2021,Buser et al. 2021,IG,741,5,2.2239005978342123,14,1,25,Germany,Berlin,52.51250267430032,13.324436617770202
Buser2021,Buser et al. 2021,IG,742,10,0.7564708303892088,15,1,24,Germany,Berlin,52.51250267430032,13.324436617770202
Buser2021,Buser et al. 2021,IG,743,20,1,16,1,23,Germany,Berlin,52.51250267430032,13.324436617770202
Buser2021,Buser et al. 2021,IG,744,5,2.2239005978342123,17,1,26,Germany,Berlin,52.51250267430032,13.324436617770202
Buser2021,Buser et al. 2021,IG,745,3,1.2726881159808323,18,1,28,Germany,Berlin,52.51250267430032,13.324436617770202
Buser2021,Buser et al. 2021,IG,746,7,0.24931068901365724,19,0,20,Germany,Berlin,52.51250267430032,13.324436617770202
Buser2021,Buser et al. 2021,IG,747,15,0.8892534710261043,20,0,28,Germany,Berlin,52.51250267430032,13.324436617770202
Buser2021,Buser et al. 2021,IG,748,10,0.7564708303892088,1,1,33,Germany,Berlin,52.51250267430032,13.324436617770202
Buser2021,Buser et al. 2021,IG,749,20,1,2,0,19,Germany,Berlin,52.51250267430032,13.324436617770202
Buser2021,Buser et al. 2021,IG,750,20,1,3,0,22,Germany,Berlin,52.51250267430032,13.324436617770202
Buser2021,Buser et al. 2021,IG,751,20,1,4,0,26,Germany,Berlin,52.51250267430032,13.324436617770202
Buser2021,Buser et al. 2021,IG,752,20,1,5,1,23,Germany,Berlin,52.51250267430032,13.324436617770202
Buser2021,Buser et al. 2021,IG,753,20,1,6,0,24,Germany,Berlin,52.51250267430032,13.324436617770202
Buser2021,Buser et al. 2021,IG,754,5,2.2239005978342123,7,0,19,Germany,Berlin,52.51250267430032,13.324436617770202
Buser2021,Buser et al. 2021,IG,755,10,0.7564708303892088,8,1,20,Germany,Berlin,52.51250267430032,13.324436617770202
Buser2021,Buser et al. 2021,IG,756,12,0.831176446271546,9,0,29,Germany,Berlin,52.51250267430032,13.324436617770202
Buser2021,Buser et al. 2021,IG,757,10,0.7564708303892088,10,0,32,Germany,Berlin,52.51250267430032,13.324436617770202
Buser2021,Buser et al. 2021,IG,758,10,0.7564708303892088,11,0,26,Germany,Berlin,52.51250267430032,13.324436617770202
Buser2021,Buser et al. 2021,IG,759,5,2.2239005978342123,12,1,27,Germany,Berlin,52.51250267430032,13.324436617770202
Buser2021,Buser et al. 2021,IG,760,20,1,13,1,19,Germany,Berlin,52.51250267430032,13.324436617770202
Buser2021,Buser et al. 2021,IG,761,10,0.7564708303892088,14,0,36,Germany,Berlin,52.51250267430032,13.324436617770202
Buser2021,Buser et al. 2021,IG,762,5,2.2239005978342123,15,1,26,Germany,Berlin,52.51250267430032,13.324436617770202
Buser2021,Buser et al. 2021,IG,763,10,0.7564708303892088,16,0,30,Germany,Berlin,52.51250267430032,13.324436617770202
Buser2021,Buser et al. 2021,IG,764,15,0.8892534710261043,17,0,34,Germany,Berlin,52.51250267430032,13.324436617770202
Buser2021,Buser et al. 2021,IG,765,20,1,1,1,21,Germany,Berlin,52.51250267430032,13.324436617770202
Buser2021,Buser et al. 2021,IG,766,10,0.7564708303892088,2,1,21,Germany,Berlin,52.51250267430032,13.324436617770202
Buser2021,Buser et al. 2021,IG,767,20,1,3,1,29,Germany,Berlin,52.51250267430032,13.324436617770202
Buser2021,Buser et al. 2021,IG,768,10,0.7564708303892088,4,0,21,Germany,Berlin,52.51250267430032,13.324436617770202
Buser2021,Buser et al. 2021,IG,769,10,0.7564708303892088,5,0,23,Germany,Berlin,52.51250267430032,13.324436617770202
Buser2021,Buser et al. 2021,IG,770,12,0.831176446271546,6,0,19,Germany,Berlin,52.51250267430032,13.324436617770202
Buser2021,Buser et al. 2021,IG,771,5,2.2239005978342123,7,1,20,Germany,Berlin,52.51250267430032,13.324436617770202
Buser2021,Buser et al. 2021,IG,772,10,0.7564708303892088,8,0,24,Germany,Berlin,52.51250267430032,13.324436617770202
Buser2021,Buser et al. 2021,IG,773,20,1,9,0,26,Germany,Berlin,52.51250267430032,13.324436617770202
Buser2021,Buser et al. 2021,IG,774,20,1,10,0,27,Germany,Berlin,52.51250267430032,13.324436617770202
Buser2021,Buser et al. 2021,IG,775,20,1,11,0,26,Germany,Berlin,52.51250267430032,13.324436617770202
Buser2021,Buser et al. 2021,IG,776,6,-2.234299948341919,12,1,24,Germany,Berlin,52.51250267430032,13.324436617770202
Buser2021,Buser et al. 2021,IG,777,10,0.7564708303892088,13,0,26,Germany,Berlin,52.51250267430032,13.324436617770202
Buser2021,Buser et al. 2021,IG,778,15,0.8892534710261043,14,1,22,Germany,Berlin,52.51250267430032,13.324436617770202
Buser2021,Buser et al. 2021,IG,779,20,1,15,0,26,Germany,Berlin,52.51250267430032,13.324436617770202
Buser2021,Buser et al. 2021,IG,780,2,1.1742037694894114,16,1,26,Germany,Berlin,52.51250267430032,13.324436617770202
Buser2021,Buser et al. 2021,IG,781,20,1,17,1,23,Germany,Berlin,52.51250267430032,13.324436617770202
Buser2021,Buser et al. 2021,IG,782,8,0.5631708387251959,18,0,22,Germany,Berlin,52.51250267430032,13.324436617770202
Buser2021,Buser et al. 2021,IG,783,5,2.2239005978342123,19,1,19,Germany,Berlin,52.51250267430032,13.324436617770202
Buser2021,Buser et al. 2021,IG,784,10,0.7564708303892088,20,0,22,Germany,Berlin,52.51250267430032,13.324436617770202
