"partid","pumps","pumps_sh1","pumps_sh2","pumps_adj","pumps1","pumps2","pumps3"
64000401,36.86,33.6,40.36,39.56,28.56,44.1,37.1
64004701,51.57,49,54.13,63.33,39.5,59.8,55.4
64006401,33.1,34.33,31.87,35.48,29,31.9,38.4
64006901,35.77,36.07,35.47,37.86,41.6,29.3,36.4
64007901,37.03,35.67,38.4,38.1,56.4,31.7,23
64008701,43.87,50.8,36.93,50.78,35.1,46.8,49.7
64011501,41.43,38.8,44.07,47.12,45.7,38.5,40.1
64015601,42.23,38,46.47,45.72,50.5,39.6,36.6
64016901,33.67,37.2,30.13,35.32,30.9,29.9,40.2
64018301,32.1,31.27,32.93,30.71,45.1,31.2,20
64020401,50.03,40.6,59.47,59.6,57.1,48.2,44.8
64020501,25.67,25.73,25.6,27.23,13.8,20.6,42.6
64021901,27.77,27.27,28.27,29.74,25.1,27.8,30.4
64022901,34.1,31.6,36.6,37.04,31.9,37.1,33.3
64025601,26.93,27.27,26.6,24.78,15.8,24,41
64026901,43,49.2,36.8,49.06,41.4,43.9,43.7
64027801,47.83,46.07,49.6,50.69,54.1,38.9,50.5
64029901,21.6,22.27,20.93,22.11,26.4,21.4,17
64031301,24.14,24.71,23.6,25.43,21.3,21.78,29.1
64034901,24.9,23.27,26.53,24.65,14.7,30.5,29.5
64036201,37.4,35.27,39.53,38.21,20.3,42.9,49
64036701,33.73,34.73,32.73,36.14,30.6,35,35.6
64037701,42.17,40.33,44,47.74,48.1,39.5,38.9
64039601,36.83,41.2,32.47,38.14,22,36.3,52.2
64042701,32.63,32.33,32.93,33.33,37.6,30.3,30
64046301,35.73,38.07,33.4,40.45,39.8,36,31.4
64047801,44.1,44.73,43.47,47.06,50,48.5,33.8
64049601,32.07,30.4,33.73,34.04,26.7,32.8,36.7
64049701,40.4,44.73,36.07,44.83,38,48.2,35
64051301,36.17,34.47,37.87,40,30.7,37.3,40.5
64051501,43.13,42.33,43.93,50.53,40.6,46.6,42.2
64052901,32,28.87,35.13,33.33,39.8,22.7,33.5
64053701,27.8,28.87,26.73,29.79,15.5,28.4,39.5
64055001,35.63,28.93,42.33,39.05,27.2,41.6,38.1
64056701,27.33,28.07,26.6,29.17,24,29.8,28.2
64057101,34.57,32.6,36.53,35.4,23.3,30.1,50.3
64057201,15.83,15.67,16,15.62,16,14.2,17.3
64057901,26.13,25.67,26.6,26.67,22.3,27.1,29
64058101,22.1,21.2,23,23.16,24.6,23.3,18.4
64058701,16.03,16.73,15.33,16.63,14,18.2,15.9
64059001,36.33,33.93,38.73,38.95,27,28.9,53.1
64060701,53.73,55.07,52.4,67.18,68.2,39.7,53.3
64061701,46.87,45.27,48.47,55.5,44.3,49.2,47.1
64061901,16.33,16,16.67,16.96,16.8,17.1,15.1
64063501,30,32.27,27.73,31.43,28,28.3,33.7
64063601,33.57,34.33,32.8,36.55,33.2,37.5,30
64066601,42.57,41.47,43.67,48.75,53.6,43.3,30.8
64067701,45.87,39.73,52,53,44.5,40.5,52.6
64068201,38.23,41.87,34.6,40.37,49.2,37,28.5
64069001,25.07,26.33,23.8,26.54,22.7,26.4,26.1
64069401,33.47,35.73,31.2,35.71,29.2,35,36.2
64069501,43.6,45.4,41.8,50,49,41.7,40.1
64069601,35,38.87,31.13,37,41.8,31.2,32
64070201,27.77,28.47,27.07,28.56,38,27.5,17.8
64070601,26.43,26.67,26.2,28.17,27.9,27.3,24.1
64071401,40.03,43.13,36.93,42.5,21.5,47.1,51.5
64072601,27.8,26.2,29.4,29.56,23.6,29.9,29.9
64072701,40.87,32.67,49.07,45.16,38,45.1,39.5
64072901,25.1,24,26.2,26.88,18.8,18.1,38.4
64073001,47.2,48.73,45.67,55.5,50,47.3,44.3
64073201,19.1,18.4,19.8,19.96,20.4,20.4,16.5
64073501,32,31.53,32.47,33.41,24.1,38.3,33.6
64075601,24.77,23.53,26,24.38,22.9,23.5,27.9
64075801,52.57,47.93,57.2,58.93,49.2,64.2,44.3
64076301,32.5,31.6,33.4,33.9,20.6,31.1,45.8
64079401,50.41,54.93,45.57,64,49.22,46.1,55.8
64079601,44.8,44.47,45.13,47.06,43.2,48,43.2
64079801,46.03,38.8,53.27,47.06,41,63.1,34
64080101,43.5,47.2,39.8,50.72,45.2,46.3,39
64081701,36.97,39.27,34.67,41.5,35.9,35.7,39.3
64082001,29.8,27.47,32.13,31.18,32,26.2,31.2
64082301,45.13,46,44.27,48.71,57.1,45.2,33.1
64083001,37.07,40.47,33.67,38.29,53.7,34.2,23.3
64083901,36.47,38.73,34.2,40,38.5,38,32.9
64084601,37.8,36.87,38.73,42.11,37.8,33.6,42
64085501,31.27,31.93,30.6,32.4,22.1,28.2,43.5
64086301,41.17,39.4,42.93,46.84,44.4,34.3,44.8
64088601,37.8,34,41.6,42.4,40.8,32.3,40.3
64089401,33.47,32.2,34.73,36.04,29.8,35.8,34.8
64089701,18.37,16.67,20.07,18.88,11.9,15.8,27.4
64090101,39.93,37.27,42.6,43.89,37.8,33.6,48.4
64090301,35.97,37.87,34.07,40,41.9,27.7,38.3
64090901,35.53,34.2,36.87,37.11,24.6,36.7,45.3
64092901,43.73,42.67,44.8,50.28,39.2,47.7,44.3
64093501,32.13,34.2,30.07,35,34.4,32.5,29.5
64094201,27.73,26.53,28.93,29.17,30.2,27.5,25.5
64096601,40.07,42,38.13,42.11,51.4,39.6,29.2
64098201,39.73,37.87,41.6,44.12,39.4,43.8,36
64099201,41.03,43,39.07,43.22,42.2,40.2,40.7
64100101,34.27,28.73,39.8,35.38,37.9,28.4,36.5
64100701,45.07,44.8,45.33,52.78,53.6,43.1,38.5
64100901,40.43,38.87,42,45.15,46.7,42.6,32
64101101,32.73,33.8,31.67,36.36,34.3,31.2,32.7
64102101,36.03,35,37.07,37.43,33.6,29.1,45.4
64102401,48.53,49.07,48,57.36,49.7,50,45.9
64102801,44.6,40.6,48.6,45.81,25.8,60.7,47.3
64103301,6.03,5.21,6.8,6.21,6.33,5.9,5.9
64103801,49.57,48.13,51,58,54.3,49,45.4
64104501,34.1,37.53,30.67,35.71,51.7,27.3,23.3
64104601,33.9,32.33,35.47,35.45,34.4,37.1,30.2
64105101,35.83,38,33.67,36.11,46.7,28.8,32
64109601,40.83,39,42.67,44.11,44.3,38.5,39.7
64110701,58.57,60.93,56.2,77,62.6,68,45.1
64111001,27.97,28.27,27.67,29.86,32.8,23.2,27.9
64111201,39.43,38.2,40.67,36.84,38.4,38.3,41.6
64112901,51.3,45.47,57.13,64.43,52.5,51.9,49.5
64113001,42.77,39.07,46.47,47.94,50.6,38.6,39.1
64114801,43.4,42.6,44.2,50.25,41.5,43.5,45.2
64115101,47.97,46.4,49.53,55.35,43.2,50.7,50
64115601,36.03,38.33,33.73,40,44,28.3,35.8
64116101,20.47,20,20.93,21.23,18.9,16.4,26.1
64116201,52.73,54.4,51.07,65.36,53.7,54.7,49.8
64116301,38.93,42.53,35.33,42.89,41.1,39.5,36.2
64116901,42.2,41.33,43.07,45.53,52.8,41.1,32.7
64117601,33,31.87,34.13,35.78,26.9,34.1,38
64118001,21.37,23.27,19.47,21.12,23.7,21.1,19.3
64118401,46.33,49.4,43.27,55.56,44.8,42,52.2
64118601,36.03,35.53,36.53,37.37,52.4,33.1,22.6
64120001,37.77,36.87,38.67,41.79,47.7,30.8,34.8
64120201,21.5,20.2,22.8,22.21,16,21,27.5
64120701,30.57,29.8,31.33,32,33.1,32.6,26
64121001,27.9,27.4,28.4,29.77,23.2,27.3,33.2
64121601,22.73,23.87,21.6,24,24.8,22.7,20.7
64122901,24.5,23.87,25.13,24.65,27.5,26.5,19.5
64124501,35.47,36.27,34.67,38.1,42.3,31.8,32.3
64125001,39.3,43.4,35.2,44.05,29.3,39.7,48.9
64125601,27.6,26.47,28.73,28.54,12.8,29.7,40.3
64126601,42.67,39.27,46.07,46.22,27.6,54.1,46.3
64126701,26.1,25.93,26.27,27,29.2,22.8,26.3
64127001,41.7,41,42.4,46.78,48.9,37.6,38.6
64127201,48.07,47.53,48.6,54.5,52.2,45.7,46.3
64127301,46.37,45.4,47.33,55.82,50.6,46.4,42.1
64129001,42.3,44,40.6,48.95,34.3,36.3,56.3
64129201,45,41,49,53.33,43.4,48.5,43.1
64129701,23.57,22,25.13,24.79,17.9,27.3,25.5
64130101,49.13,56.93,41.33,57.33,60.8,35.2,51.4
64130201,34.3,35.6,33,35,34.2,35,33.7
64130901,22.4,21.53,23.27,23.08,24.3,20.6,22.3
64131001,37.73,39.27,36.2,42.73,36.2,34.8,42.2
64131501,53.63,47.67,59.6,64.09,39.2,51.8,69.9
64134301,43.9,39.8,48,51.58,44.3,42.6,44.8
64134801,33.17,34.67,31.67,36.96,31.6,35.2,32.7
64135001,30.57,30.6,30.53,31.05,36.1,23.5,32.1
64136701,38.73,39.4,38.07,42.35,55.4,33.6,27.2
64136801,30.5,33,28,32.86,32.6,33.5,25.4
64137401,27.4,28.2,26.6,29.38,21.2,30.4,30.6
64138101,20.03,18.27,21.8,20.56,12.1,24.6,23.4
64138301,17.87,16.8,18.93,18.54,15.2,17.9,20.5
64139201,36.03,34.27,37.8,36.11,42.3,36,29.8
64139301,27.23,26.73,27.73,27.88,12.1,36.2,33.4
64139401,40.23,43.53,36.93,43.32,35.5,45.7,39.5
64141301,27.77,31.2,24.33,28.7,21.9,22.5,38.9
64141701,39.53,37.2,41.87,42.32,35.2,41.8,41.6
64142601,37.97,38.47,37.47,43.24,23.3,47.1,43.5
64143401,43.57,47.53,39.6,44.59,48.5,46.5,35.7
64144101,37.4,41.4,33.4,42.14,32.9,40,39.3
64144501,20.8,17.8,23.8,20.37,16.8,26.6,19
64144601,38.77,38.27,39.27,42.53,41.9,33.5,40.9
64146301,33.53,33.6,33.47,35,38.4,22.3,39.9
64146901,34.8,27.67,41.93,35,29.8,37.4,37.2
64148301,34,32.8,35.2,34.74,41.6,24,36.4
64148601,28.13,26.47,29.8,29.09,23.8,25.4,35.2
64148801,34.83,32.6,37.07,38.64,28.5,36.8,39.2
64149401,22.27,22.2,22.33,23.36,20.1,23.5,23.2
64149901,18.1,17.53,18.67,18.81,16.7,17.9,19.7
64150101,30.07,27.53,32.6,31.77,32.4,28,29.8
64150401,43.7,41.6,45.8,48.38,45.9,44.6,40.6
64151401,45.93,43.87,48,55.24,42.4,47.3,48.1
64152701,39.3,39.33,39.27,44.18,41.2,37.5,39.2
64153601,46.57,45,48.13,56.25,47.9,46.4,45.4
64153801,14.03,14.6,13.47,13.38,19.6,10.6,11.9
64154201,39.27,40.67,37.87,44.17,48.4,35,34.4
64154401,39.07,38.67,39.47,44.9,39.3,29.4,48.5
64154501,27.97,28.87,27.07,29.57,28.2,27.1,28.6
64154901,25.53,26.87,24.2,26.6,17.9,28.7,30
64155101,15.1,13.33,16.87,15.59,9.6,15.1,20.6
64155301,26.77,28.73,24.8,28,19.1,31.3,29.9
64156501,35.3,30.87,39.73,38.57,30.1,34.6,41.2
64156901,38.07,39.8,36.33,40.91,26.7,49.1,38.4
64157801,48.8,46.67,50.93,54.17,50.7,50.7,45
64158001,2.14,1.8,2.5,2.18,1,2.6,2.7
64158201,54.6,52.2,57,70,72.5,44.3,47
64159301,37.9,39.07,36.73,41.1,28.2,42.2,43.3
64160101,33.73,30.73,36.73,36.36,39.2,39.6,22.4
64161401,47.5,39.87,55.13,53.88,49.5,43.3,49.7
64161601,15.53,15.53,15.53,15.85,9.2,15.5,21.9
64162001,31.7,30.87,32.53,34.09,31.4,31.8,31.9
64162701,40.5,42.87,38.13,45,41.9,42.4,37.2
64163801,36.03,36.87,35.2,39.52,33.3,41.3,33.5
64164801,23.9,23.33,24.47,24.87,25.7,20.9,25.1
64165001,34.83,36,33.67,37.5,33.3,39.9,31.3
64165601,37.07,36.93,37.2,41.64,30.5,43.7,37
64165701,36.5,36.13,36.87,39.65,34.4,41.8,33.3
64166501,44.6,46.73,42.47,52.44,49.2,39.7,44.9
64166701,18.07,18.29,17.86,17.79,23,17.8,12.25
64167601,45.03,45.87,44.2,51.24,45.9,47,42.2
64167801,29.1,29.27,28.93,29.55,33.7,27.3,26.3
64167901,32,30.33,33.67,34.77,24.4,36.4,35.2
64168101,46.8,42.8,50.8,50.2,43.3,45.1,52
64169101,44.33,40,48.67,49.35,61.5,41.6,29.9
64170001,38.63,42.13,35.13,40.48,41.4,37.1,37.4
64170601,21.37,21.33,21.4,22.22,8.1,19.8,36.2
64171101,52.1,51.87,52.33,62.92,54.5,44.7,57.1
64171601,44.1,42.73,45.47,49.05,34.7,55.5,42.1
64171801,39.37,37.2,41.53,44.32,45.4,36.4,36.3
64172901,22.8,23,22.6,24,22.7,21.9,23.8
64173401,47.13,41.2,53.07,55.88,52.6,40.1,48.7
64173601,27.9,25.4,30.4,29.7,30.9,27.6,25.2
64174501,44.63,46.8,42.47,50.44,44.2,41.9,47.8
64174801,37.13,36.27,38,40.83,22.5,38.4,50.5
64174901,40.7,40.2,41.2,44.5,38,51.1,33
64175001,42.83,39.33,46.33,48.22,51.1,43.1,34.3
64175101,42.87,37.93,47.8,49.05,46.6,43.5,38.5
64176001,38.33,38.33,38.33,40.95,43.7,31.8,39.5
64176201,46.57,50.8,42.33,54.82,41.6,47.7,50.4
64176401,32.31,26.64,37.6,34.62,30.67,34.6,31.5
64176501,43.27,43.6,42.93,44.21,42.5,56.8,30.5
64176601,39.37,40.33,38.4,43.42,48.5,38.2,31.4
64176801,50.7,49.27,52.13,63.07,62.1,44.2,45.8
64177901,42.67,42.33,43,48.06,44.6,43.9,39.5
64178801,14.1,14.33,13.87,14.48,18,13.8,10.5
64179101,46.47,44.53,48.4,51.73,45.6,47.8,46
64179301,48.8,43.8,53.8,55.88,44.1,40,62.3
64179701,22.07,23.4,20.73,22.81,22.6,17.2,26.4
64180001,43.33,45.73,40.93,46.88,63.8,38.9,27.3
64180601,31.03,31.07,31,31.82,21.1,37,35
64181101,49.63,52.27,47,56.6,45.8,40.5,62.6
64181301,34.27,33.53,35,35.91,21.9,34.3,46.6
64181801,34.9,34.4,35.4,37.67,39.5,32.3,32.9
64181901,41.37,44.6,38.13,46.67,54.6,40.8,28.7
64182001,38.47,37.73,39.2,43.25,37.9,41.2,36.3
64182201,23,23.33,22.67,24.12,21.8,21.2,26
64182301,47.9,42.47,53.33,56.67,48.6,52.2,42.9
64182501,45.7,43.53,47.87,53.44,38.5,52.4,46.2
64182701,31.53,29.27,33.8,34.09,23,33.1,38.5
64182801,20.79,21.2,20.36,21.35,18.78,24.3,19.1
64183001,27.47,29.2,25.73,27.5,17,31.1,34.3
64183101,20.93,20.53,21.33,21.12,11.6,14.6,36.6
64183201,21.07,19.4,22.73,21.85,21.1,20.1,22
64183301,56.73,54.8,58.67,51.25,61,73.7,35.5
64183501,28.93,27.27,30.6,30.43,21.9,32.4,32.5
64184101,30.17,30.13,30.2,30.41,41.6,26.6,22.3
64184701,49.45,55.36,43.93,51.45,62,38.2,48
64184901,27.97,25.93,30.14,29.95,25,26,33.44
64185101,35.13,35.93,34.33,38.9,30.5,35,39.9
64186001,43.97,46.67,41.27,50.76,53,31.9,47
64186401,45.1,46.87,43.33,52.35,49,51.1,35.2
64186801,29.17,30.73,27.6,31.74,28.8,30.8,27.9
64187001,51.9,56.6,47.2,63.31,44.6,59.9,51.2
64187101,31.43,34.53,28.33,33.33,21.5,34.3,38.5
64187301,43.9,41.33,46.47,50.29,48.6,43.8,39.3
64188401,19.77,18.27,21.27,20.12,12.3,27.3,19.7
64188901,51.9,51.4,52.4,65.85,66.8,45.7,43.2
64189101,26.33,25.13,27.53,27.84,15.2,31,32.8
64189201,19.33,19.93,18.73,19.59,7.8,27.1,23.1
64190101,34.13,34.4,33.87,37.17,25.7,34.3,42.4
64190201,35,34.87,35.13,38.24,38,26.1,40.9
64190401,27.67,28.07,27.27,29.84,26.1,28.5,28.4
64190501,29.2,29.6,28.8,30.12,17.8,40.5,29.3
64191901,19.07,20.2,17.93,20,21.3,17.8,18.1
64192101,56.1,56.2,56,73.8,70.8,60,37.5
64192801,45.47,47,43.93,50.62,50,40.6,45.8
64193501,31.27,28.73,33.8,34.48,29.1,27.3,37.4
64193601,45.3,45.87,44.73,53.89,39.5,54.5,41.9
64194201,30,29.87,30.13,31,36.8,26.8,26.4
64194501,45.33,42.53,48.13,49.47,53.7,39.1,43.2
64194701,12.31,10.43,14.07,11.08,23.2,5.67,7.4
64195101,32.97,34,31.93,34.32,28.4,38.9,31.6
64195201,43.4,45.73,41.07,50.12,43.1,44.2,42.9
64195501,48.63,51.93,45.33,54,61.5,48.6,35.8
64195601,35.47,37.07,33.87,33.89,21.9,32,52.5
64196601,32.43,31.8,33.07,33.7,20.2,30.8,46.3
64196701,46.53,47.87,45.2,53.43,48.3,40.2,51.1
64197801,49.97,54.07,45.87,60.71,55.3,39.5,55.1
64198101,35.6,32.8,38.4,37.71,24.9,29.6,52.3
64198701,39.03,42,36.07,42.5,28.3,40.9,47.9
64199201,43.53,45.33,41.73,46.81,36.7,45.5,48.4
64199301,37.77,36.4,39.13,42.11,40.2,36.6,36.5
64199601,45.8,45.2,46.4,51.53,52.9,42.4,42.1
64200501,40.53,40.27,40.8,46,32.8,43.1,45.7
64200601,43.57,45.2,41.93,46.24,62.3,32.9,35.5
64200901,42.47,40.07,44.87,46.94,54.3,33.6,39.5
64202001,45.47,54.53,36.4,50.06,53.6,39.2,43.6
64202201,38.4,38.47,38.33,42.4,35.2,52.3,27.7
64202501,15.4,15.6,15.2,15.59,10.4,16.8,19
64202601,38.07,37.8,38.33,42.37,41.2,37.9,35.1
64202701,34.23,38.4,30.07,35.41,48.8,33.7,20.2
64202901,37.93,36.93,39,39.67,35.22,40.3,38
64204201,44.3,40.73,47.87,49.67,25,51.9,56
64204501,44.23,42.93,45.53,50.94,58.2,43.8,30.7
64204601,36.67,34.07,39.27,39.9,41.1,30.8,38.1
64204701,50.9,54.6,47.2,60.43,52.9,51,48.8
64205801,43.5,46.27,40.73,48,47.3,43.5,39.7
64205901,30.2,32.07,28.33,32.32,35.8,27.7,27.1
64206701,32.67,34.6,30.73,35.05,27.7,32.3,38
64207301,40.1,39.5,40.67,41.68,37.1,28.8,56
64207801,35.27,31,39.53,38.42,28.8,37.9,39.1
64207901,40.8,38.33,43.27,45.21,44.6,37.3,40.5
64209301,30.4,33,27.8,32,22.8,24.7,43.7
64211001,28.83,28.73,28.93,29.17,25.6,28.8,32.1
64212701,54.97,54.93,55,69.09,54.9,56,54
65000201,36,36.07,35.93,38.38,30.44,35.8,41.2
65000301,44.37,47.4,41.33,48.93,35,55.1,43
65000501,49.13,48.27,50,57.14,54.9,51.4,41.1
65000601,35.03,37,33.07,37.86,36.5,33.3,35.3
65000701,48.97,50.33,47.6,57.14,39.9,49.2,57.8
65000801,44.23,41.67,46.8,48.12,32,56.7,44
65000901,45.73,49.53,41.93,53.81,51.9,44.7,40.6
65001001,48.33,44,52.67,58.82,53.5,42.2,49.3
65001101,44.97,39.13,50.8,50.47,31.4,51.2,52.3
65001201,38.13,39.67,36.6,40.1,39.7,38.1,36.6
65001301,33.87,33.2,34.53,36.43,25.3,42.8,33.5
65001401,36.67,34.6,38.73,39.71,28.1,41.5,40.4
65001501,38.37,38.27,38.47,43.15,37.5,39.4,38.2
65001601,40.03,37.4,42.67,43,32.2,35.7,52.2
65001701,41.37,38.73,44,47.68,49.1,36.5,38.5
65001801,46.2,42.87,49.53,54.18,31.1,48.8,58.7
65001901,40.53,40.53,40.53,44.65,48.5,44.3,28.8
65002001,29.2,28.67,29.73,30.92,24.6,24,39
65002101,30.9,32,29.8,33.41,30.6,29.4,32.7
65002201,45,45.2,44.8,48.87,50,43.6,41.4
65002301,35.23,33.27,37.2,38.81,36,34.1,35.6
65002401,37.93,40.4,35.47,43.19,33.4,39.2,41.2
65002501,37.4,36.13,38.67,40.84,33,38.1,41.1
65002601,29.5,30.27,28.73,31.95,31.2,28.9,28.4
65002701,34.37,32.13,36.6,35,39.1,34.5,29.5
65002801,44.3,41.47,47.13,50.06,48.2,37.9,46.8
65002901,41.8,43.33,40.27,48.74,44.6,44.1,36.7
65003001,26,28.4,23.6,27.61,30.8,22.9,24.3
65003101,32.6,31.33,33.87,35.64,27.8,30.9,39.1
65003201,46.3,47.6,45,54.95,50,44.1,44.8
65003301,33.5,31.8,35.2,34.75,44.4,31.1,25
65003401,42.97,40.33,45.6,49.72,40.9,46.6,41.4
65003501,19.9,19.07,20.73,20.4,17.9,20,21.8
65003601,43.1,44.53,41.67,50.56,43.3,43.3,42.7
65003701,32.27,32.87,31.67,35.14,32.4,28.5,35.9
65003801,25.07,23.67,26.47,26.67,17.3,28.8,29.1
65003901,42.5,41.67,43.33,48.89,38.4,43.7,45.4
65004001,50.63,53.13,48.13,61.07,47.2,45.1,59.6
65004101,34.73,36.6,32.87,33.95,36,34.3,33.9
65004201,37.7,38.33,37.07,42.86,41.2,39.3,32.6
65004301,33.53,32.6,34.47,35.81,27.8,40.3,32.5
65004401,31.2,31.47,30.93,33.7,31.7,28.3,33.6
65004501,25.33,26.13,24.53,26.88,24.9,27.4,23.7
65004601,18.2,17.93,18.47,18.54,19.2,16.7,18.7
65004701,26.83,25.93,27.73,28.42,16,35.5,29
65004801,38.83,36.13,41.53,43.62,32.5,43.8,40.2
65004901,43.17,44.33,42,46.84,42,40.2,47.3
65005001,42.13,45.47,38.8,48.95,40.9,44.1,41.4
65005101,41.23,41.07,41.4,45.76,34.1,46.2,43.4
65005201,29.47,30.87,28.07,31.43,32.4,27.3,28.7
65005301,48.73,54.93,42.53,53.14,46.4,41.4,58.4
65005401,42.03,37.4,46.67,47.78,51.5,42.7,31.9
65005501,29.13,30,28.27,31.45,23.8,29.7,33.9
65005601,39.24,33.64,44.47,45.26,41.22,36.5,40.2
65005701,50.23,48.47,52,61.36,50,50.3,50.4
65005801,33.67,37.4,29.93,36.91,33.5,31.3,36.2
65005901,43.33,37.4,49.27,48,44.6,42,43.4
65006001,38.47,35.13,41.8,42.86,29,39.9,46.5
65006101,19.93,18.33,21.53,20.92,16,23.4,20.4
65006201,36.3,34.47,38.13,40.5,27.1,41.9,39.9
65006301,36.3,36.2,36.4,38.81,36.8,32.3,39.8
65006401,36.27,36.2,36.33,37.5,55.9,26.9,26
65006501,52.77,54.53,51,63.08,56.8,45.7,55.8
65006601,43.63,44.53,42.73,51.5,40.6,43.8,46.5
65006701,41.34,43.4,39.14,46.58,35.44,43.3,44.7
65006801,45.27,48.13,42.4,52.62,48.7,43.2,43.9
65006901,24.07,22.53,25.6,25.52,20,24.1,28.1
65007001,35,38.4,31.6,37.86,25.1,45,34.9
65007101,8.17,8.07,8.27,8.25,5,10.3,9.2
65007201,33.07,34.13,32,35.23,36.9,28.4,33.9
65007301,39.57,36.27,42.87,42.16,48.2,31.7,38.8
65007401,35.87,35.33,36.4,39.43,35.3,44.3,28
65007501,40.7,42.73,38.67,46.53,35.1,49.1,37.9
65007601,38.33,38.07,38.6,40.65,43.7,35.8,35.5
65007701,24.5,26.07,22.93,25.92,22.3,25.8,25.4
65007801,39.43,41.33,37.53,44.33,38.7,37.8,41.8
65007901,34.4,37.2,31.6,38.64,33.9,34.2,35.1
65008001,34.6,36.13,33.07,37.95,27,42.2,34.6
65008101,30.7,30.13,31.27,33.33,27.3,26.4,38.4
65008201,26.13,27.2,25.07,25,13.4,29.2,35.8
65008301,40.17,41.2,39.13,44,47.6,31.5,41.4
65008401,35.73,32.4,39.07,39.65,34.5,34,38.7
65008501,41.53,42.53,40.53,46.11,41.4,39.4,43.8
65008601,49.93,48.57,51.2,58.57,66.9,45.2,36.33
65008701,43.73,45.67,41.8,47.62,53.2,33.2,44.8
65008901,36.9,36.2,37.6,36.33,45.6,26.3,38.8
65009001,46.13,50.47,41.8,54.38,44.1,52,42.3
65009101,46.63,46.33,46.93,55.31,49.3,50.9,39.7
65009201,43.77,45.6,41.93,50.22,47.2,38.7,45.4
65009301,37.83,38.93,36.73,42.57,27.4,44.2,41.9
65009401,47,49.27,44.73,56.12,44.9,44,52.1
65009501,45.2,49.2,41.2,52.39,49.8,40,45.8
65009601,50.77,48.2,53.33,59.92,52.1,51.4,48.8
65009701,41.43,38.73,44.13,46.89,37.4,41.4,45.5
65009801,53.33,47,59.67,64,67.9,42.3,49.8
65009901,30.03,31.13,28.93,32.68,22.3,30.1,37.7
65010001,25.33,25.07,25.6,27.12,23.5,22,30.5
65010101,48.23,52.6,43.87,52.93,57.1,36.8,50.8
65010201,44.86,48.67,40.79,48.47,34.22,47.7,51.6
65010301,35.47,31.73,39.2,35.81,39.1,38.4,28.9
65010401,40.43,49.07,31.8,42.63,35.2,42.9,43.2
65010601,30.13,28.4,31.87,30.82,36.2,26.9,27.3
65011001,47.28,51.07,43.73,52.8,61.3,40.11,39.7
65011101,48.03,39.93,56.13,57.76,47.8,57.4,38.9
65011201,47.14,48.2,46,57.14,47.9,51.11,42.8
65011301,44.7,44,45.4,50.88,31.4,49.4,53.3
65011401,36.4,33.4,39.4,39.8,38,28.8,42.4
65011501,40.87,43.53,38.2,45.33,30,43.2,49.4
65011601,41.37,36,46.73,45.21,28.7,43.7,51.7
65011701,40.57,43.6,37.53,45.9,45.8,35.3,40.6
65011801,42.3,41.87,42.73,43.06,55.9,36.8,34.2
65011901,41.43,41.93,40.93,45.63,51.7,38.1,34.5
65012001,37.57,39.67,35.47,42.24,43.8,40.7,28.2
65012101,44.87,46.2,43.53,51.31,44.6,54.6,35.4
65012201,41.4,44,38.8,47.15,35.9,30.6,57.7
65012301,40.27,38.27,42.27,42.11,58.7,36.1,26
65012401,33.6,30.2,37,36.67,33.6,36.2,31
65012501,16.8,16.73,16.87,17.48,14,17.1,19.3
65012601,43.7,40.6,46.8,50.8,37.4,58.1,35.6
65012701,49.67,45.2,54.13,55.87,63.7,42.7,42.6
65012801,43.7,41.53,45.87,48.89,53.1,39.3,38.7
65012901,38.8,36.53,41.07,44.38,43.8,32,40.6
65013001,49.63,45,54.27,58.94,50.6,47.4,50.9
65013101,41,38.93,43.07,47,41.3,38.1,43.6
65013201,38.72,34.43,42.73,40.79,45,35.5,36.3
65013301,46.43,43.2,49.67,49.12,45.3,35.9,58.1
65013401,34.47,36.73,32.2,37.64,33,32.9,37.5
65013501,39.9,38.87,40.93,44.89,44,41.5,34.2
65013601,46.5,45.6,47.4,50.75,48.8,42.6,48.1
65013701,24.2,23.13,25.27,25.58,12.5,22.7,37.4
65013801,21.07,21.6,20.53,22.07,16.5,20.5,26.2
65013901,41.7,42.07,41.33,47.12,39.2,48.2,37.7
65014001,19.47,18.4,20.53,20.38,15.6,18.4,24.4
65014101,47.3,46.4,48.2,56.88,50.3,51.8,39.8
65014201,49.47,49.87,49.07,51.77,71.2,44.1,33.1
65014401,26.13,23.87,28.4,26.72,18.8,25.8,33.8
65014501,31.47,30.4,32.53,33.83,23.4,27.7,43.3
65014601,28.23,28.47,28,28.73,18.4,31.4,34.9
65014701,49.07,48.07,50.07,57.14,47.2,47.9,52.1
65014801,32.5,35.4,29.6,34.78,25.4,28.2,43.9
65014901,35.57,38.13,33,33.05,23.2,27.4,56.1
65015401,34.43,34.67,34.2,37.35,39,33.2,31.1
65015501,26.23,28.07,24.4,27.61,26.5,27.7,24.5
65015601,44.1,42.2,46,52.06,53.2,45.7,33.4
65015801,26.87,26.47,27.27,27.78,25.6,22.1,32.9
65015901,14.27,13.2,15.33,13.81,18.9,11.5,12.4
65016001,42.57,44.47,40.67,47.94,45.8,44.3,37.6
65016101,23.3,22.13,24.47,24.36,15.1,25.2,29.6
65016201,29.17,29.87,28.47,31.74,27.5,29.2,30.8
65016301,41.73,40.33,43.13,48,32.4,44,48.8
65016401,34.83,37.6,32.07,35.71,45.8,24.9,33.8
65016501,44.37,44.87,43.87,51.89,30,58.5,44.6
65016601,35.43,37.2,33.67,38.27,30.5,35.7,40.1
65016701,46.4,44,48.8,52.94,52.5,45.7,41
65016801,36.23,35,37.47,40,34.8,35.5,38.4
65016901,34.3,35.87,32.73,38.1,32.9,30,40
65017001,47.73,47.67,47.8,56.25,59.5,44.9,38.8
65017101,35.1,32.6,37.6,38.1,28.3,40.9,36.1
65017201,35.53,33.73,37.33,39.59,27.4,38.6,40.6
65017301,26.13,26.8,25.47,28,17.3,26.7,34.4
65017401,37.5,35.93,39.07,41.18,33.6,40.4,38.5
65017501,32.53,33.2,31.87,32.05,39.4,27.1,31.1
65017601,46.63,42.87,50.4,55,35.8,56.1,48
65017701,46.03,42.4,49.67,51.6,39.4,52.5,46.2
65017801,38.23,37.07,39.4,41.94,46.7,34.2,33.8
65017901,37.87,37.47,38.27,41.05,39.8,41.9,31.9
65018001,34.27,31.47,37.07,38.45,30.6,37.9,34.3
65018101,12.37,12.73,12,12.75,11.1,10.7,15.3
65018201,31.37,33.13,29.6,31.14,29.5,29.5,35.1
65018301,31.03,30.27,31.8,34,27,27.9,38.2
65018401,47.8,50.67,44.93,54.15,48,37.7,57.7
65018501,39.17,39.4,38.93,43.67,37.6,38.4,41.5
65018601,37.4,39.27,35.53,39.48,30.6,33.9,47.7
65018701,33.67,33.53,33.8,35,41.7,33.9,25.4
65018801,47.17,44.67,49.67,55.67,53.4,49.8,38.3
65018901,40.53,44.27,36.8,46.74,33.5,43.6,44.5
65019001,33.97,34.87,33.07,37.26,30.6,34.7,36.6
65019101,39.07,38.93,39.21,42.36,24.2,39.4,55.22
65019201,27.83,28.93,26.73,28.82,28.4,29.1,26
65019301,44.3,45.53,43.07,47.33,43.1,44.2,45.6
65019401,50.97,52.86,49.2,58.93,61.7,49.4,40.78
65019501,43.97,40.93,47,50,43.9,43.6,44.4
65019601,34.8,35.07,34.53,38.24,46.4,26.8,31.2
65019701,44,44.53,43.47,51.81,41.5,37.9,52.6
65019801,38.97,35.33,42.6,43.45,42.3,36,38.6
65019901,31.03,30.87,31.2,33.33,27.1,35.2,30.8
65020001,37.73,35.4,40.07,41.36,40.1,39.3,33.8
65020101,34.83,32.33,37.33,38.3,43.2,25.3,36
65020201,39.5,42.13,36.87,42.11,31.9,39.9,46.7
65020301,28.23,30.47,26,30.62,30.2,26.8,27.7
65020401,37.83,36.93,38.73,42.5,39.6,39.8,34.1
65020501,56,50.73,61.27,74.33,71.7,52.9,43.4
65020601,45.7,46.53,44.87,53.12,48.3,48.1,40.7
65020701,31.33,31.6,31.07,33.33,27.2,34.8,32
65020801,43.07,39.6,46.53,45.29,58.1,34,37.1
65020901,30.63,31.47,29.8,32.09,20.2,33.8,37.9
65021001,47.17,43.4,50.93,55.56,36.8,53.4,51.3
65021101,33.57,33.33,33.8,34.76,29.3,34.7,36.7
65021201,44.7,44.8,44.6,52.89,44.3,43.3,46.5
65021301,41.77,43.13,40.4,47.67,44.6,41.8,38.9
65021401,44.7,43.13,46.27,53.06,41.4,49.6,43.1
65021501,46.93,48.93,44.93,55.33,49.5,51.2,40.1
65021601,33.47,32.6,34.33,35.57,17.5,32.5,50.4
65021701,26.67,29.33,24,28.3,28,27.5,24.5
65021801,37.1,35.73,38.47,40.5,23.7,43.1,44.5
65022001,30.23,31.73,28.73,30.48,28.5,35.2,27
65022101,36.7,41.53,31.87,41,40.4,42,27.7
65022201,39.4,40.33,38.47,44,31.8,44.5,41.9
65022301,35.04,31,39.38,39.1,31,33.12,40.2
65022401,43.43,46,40.86,48.06,56.22,39.44,35.5
65022501,39.77,36.67,42.87,43.42,39.2,43.9,36.2
65022601,37.7,35.87,39.53,41.86,33.3,40.2,39.6
65022701,30.93,27.13,34.73,31.67,36,30.7,26.1
65022801,14.63,14.33,14.93,15.18,12.8,13.4,17.7
65022901,46.4,42.47,50.33,50.5,46.7,49.6,42.9
65023001,36.57,33.73,39.4,37.76,35.6,33.1,41
65023101,21.37,21.87,20.87,21.86,11.2,27.4,25.5
65023201,32.5,31.33,33.67,34.76,37.2,32.7,27.6
65023301,39.2,41.73,36.67,43.95,39.3,43.8,34.5
65023401,20.47,21.07,19.87,21.43,10.1,13.7,37.6
65023501,26.67,28.87,24.47,28.67,17.5,27.3,35.2
65023601,36.73,36.13,37.33,40,39.4,34.8,36
65023701,33.57,34.8,32.33,35.76,31,33.4,36.3
65023801,26.83,27.07,26.6,28.58,31.5,25,24
65023901,49.27,51.13,47.4,55.13,28.9,67,51.9
65024001,19,18.87,19.13,19.52,13.1,20,23.9
65024101,23.57,24.33,22.8,24.67,26.7,19.9,24.1
65024201,20.31,19,21.53,21.4,11.89,18.9,29.3
65024301,39.73,35.73,43.73,44.12,43.6,32.3,43.3
65024401,28.8,28.67,28.93,31.26,23,31,32.4
65024501,47.73,47.4,48.07,58.28,53.4,49.8,40
65024601,34.5,34.4,34.6,35.56,40.1,31.9,31.5
65024701,24.57,23.53,25.6,26.2,26.4,23.3,24
65024801,40.63,41.07,40.2,45,41.1,48.1,32.7
65024901,37.53,38,37.07,39.27,28.2,37.4,47
65025001,50.43,49.53,51.33,61.79,43.7,48,59.6
65025101,48.57,46.6,50.53,57.93,58.2,43.5,44
65025201,42.57,42.07,43.07,44.33,38.3,47.7,41.7
65025301,19.23,18.67,19.8,19.54,13.7,25.2,18.8
65025401,33.9,37.2,30.6,34.84,41.2,34.4,26.1
65025601,27.77,29.2,26.33,30.04,26.9,28.8,27.6
65025701,35.8,38.27,33.33,38.6,46.9,33.8,26.7
65025801,46.87,49.73,44,55.88,46.6,51.2,42.8
65025901,25.6,24.4,26.8,26.88,16.6,23.5,36.7
65026001,20.83,20.4,21.27,20.13,24.2,22,16.3
65026101,41.43,41.4,41.47,44.56,39.7,43.9,40.7
65026201,23.87,24.33,23.4,25.16,26.7,21,23.9
65026301,41.63,39.2,44.07,45.26,52.6,37.1,35.2
65026401,27.17,28.93,25.4,28.92,27.1,25.8,28.6
65026501,34.57,35.67,33.47,37.83,31.9,33.5,38.3
65026601,44.2,39,49.4,48.82,40.9,45.8,45.9
65026701,39.03,41.47,36.6,38.18,46.8,32.7,37.6
65026801,43.1,40.07,46.13,50.56,39.2,49.2,40.9
65026901,36,33.07,38.93,38.95,35.7,39,33.3
65027001,38.9,41.07,36.73,44.45,47.6,34.7,34.4
65027101,43.93,47.53,40.33,51.94,30.8,52.8,48.2
65027201,36.77,38.87,34.67,35.85,51,33.3,26
65027301,35.93,36.53,35.33,39.47,29,41.7,37.1
65027401,35.63,35.67,35.6,37.47,36.1,35.1,35.7
65027501,32.17,32,32.33,35,31.1,34.2,31.2
65027601,20.4,20,20.8,21.46,19.8,20,21.4
65027701,35,35.87,34.13,38.65,33.6,33.3,38.1
65027801,49.5,51.4,47.6,55.86,39.4,61,48.1
65027901,33.5,32.87,34.13,36.95,35.9,34,30.6
65028001,35.48,34.8,36.21,37.39,28.78,41.9,35.1
65028101,19.17,18.2,20.13,19.4,13.9,17.3,26.3
65028201,40.4,42.07,38.73,42.11,44,28.5,48.7
65028301,38.3,36.73,39.87,43.81,40.3,38,36.6
65028401,36,38,34,38,35.4,37.8,34.8
65028501,23.67,24.2,23.13,24.57,18.2,24.8,28
65028601,22.17,20.93,23.4,23.44,18.1,23.4,25
65028701,37,38.8,35.2,41,36.2,37.8,37
65028801,47.3,53.2,41.4,52.21,37.4,54.1,50.4
65028901,42.63,44.33,40.93,45.47,26.7,44.1,57.1
65029001,43.37,44.93,41.8,44.12,38.7,40.3,51.1
65029101,42.3,43.47,41.13,47,39.8,40.1,47
65029201,40.6,40.87,40.33,46.5,45.5,39.8,36.5
65029301,47.9,44.73,51.07,57.81,53.9,51.4,38.4
65029401,28.27,29.13,27.4,30.57,27.5,30.5,26.8
65029501,40.97,44.8,37.13,43.89,44,38.2,40.7
65029601,55.67,55.53,55.8,73.83,49.3,65.4,52.3
65029701,45.2,47,43.4,49.5,32.9,51.8,50.9
65029801,24.03,25.27,22.8,24.62,13.8,24.2,34.1
65029901,30.97,30,31.93,32.74,31.8,25.2,35.9
65030001,31.53,34.07,29,33.75,40.9,23.8,29.9
65030101,34.07,31.73,36.4,38.18,28.4,32.2,41.6
65030201,42.77,36.67,48.87,44.47,47.2,42.1,39
65030301,31.27,31.27,31.27,33.33,30.5,41,22.3
65030401,37.27,33.33,41.2,40,39.2,39.8,32.8
65030501,46.1,43.13,49.07,48.75,60,41.5,36.8
65030601,42.87,39.2,46.53,50.11,35.5,47.6,45.5
65030701,46.3,38.27,54.33,54.61,48.6,45.3,45
65030801,19.97,19.73,20.2,20.6,20.6,18.1,21.2
65030901,38.73,35.33,42.13,40.77,50.3,31.3,34.6
65031001,23.57,23.07,24.07,24.68,24.6,21.2,24.9
65031101,21.57,21.73,21.4,21.92,22,18.3,24.4
65031201,41.87,39,44.73,45.41,48.5,45.1,32
65031301,21.63,21.4,21.87,21.92,20.3,23,21.6
65031401,24.63,25.33,23.93,25.83,23.1,22.5,28.3
65031501,20.8,20.27,21.33,21.79,19.7,21.7,21
65031601,34.8,33,36.6,38.71,34.2,35.8,34.4
65031701,45.23,46.67,43.8,50.06,43.9,51.1,40.7
65031801,44.83,39.73,49.93,51.06,50.6,41.9,42
65031901,46.73,41.27,52.2,55.62,59.5,43.5,37.2
65032001,39.47,38.93,40,41.9,31.8,41.7,44.9
65032101,30.83,30.53,31.13,33.32,27.8,34.7,30
65032201,28,27.93,28.07,29.1,20.1,27.1,36.8
65032301,21.17,21.2,21.13,22.12,21.3,25.7,16.5
65032401,21.77,23.53,20,22.08,11.1,21.9,32.3
65032501,44.23,43.8,44.67,50.06,53.3,39,40.4
65032601,44.38,42.29,46.33,52.07,37.1,46,50.67
65032701,36.47,34.33,38.6,38.75,49.6,28,31.8
65032801,44.53,44.67,44.4,52.78,39.1,40,54.5
65032901,42.67,45.27,40.07,47.39,55.7,33.7,38.6
65033001,36.93,35.13,38.73,41.1,29,37.1,44.7
65033101,34.97,35.07,34.87,37.86,30.6,35.4,38.9
65033201,51.47,51,51.93,60.43,48.5,48.4,57.5
65033301,37.6,40.6,34.6,42.5,37.3,36.6,38.9
65033401,44.17,41.8,46.53,50,55.5,35.8,41.2
65033501,24.7,22.93,26.47,26.28,18.1,19.2,36.8
65033601,48.53,45.93,51.13,58.75,51.4,48.6,45.6
65033701,41.83,42.93,40.73,42.78,55.7,39.8,30
65033801,36.5,31.67,41.33,36.84,24,40.7,44.8
65033901,40.8,42.2,39.4,45.1,37.3,45,40.1
65034001,40,35.8,44.2,44.7,30.8,45.9,43.3
65034101,7.3,6.53,8.07,7.52,6.7,6.7,8.5
65034201,39.73,43.2,36.27,44.58,42.2,42.9,34.1
65034301,20.53,19.8,21.27,19.08,12.2,13.1,36.3
65034401,36.87,31.93,41.8,40.1,30,43.1,37.5
65034501,28.43,27.8,29.07,30.4,19.5,28.6,37.2
65034601,24.9,23,26.93,26.3,21.6,25.33,27.8
65034701,22.13,22.33,21.93,22.08,23.8,19.9,22.7
65034801,23.5,22.8,24.2,24.84,20.7,25,24.8
65034901,38,46.73,29.27,40,40.9,34,39.1
65035001,40.73,36.8,44.67,46.74,31.7,43.2,47.3
65035101,43.83,42.33,45.33,49,49.9,47.8,33.8
65035201,38.93,34.33,43.53,42.06,42.3,43.4,31.1
65035301,31.47,33.93,29,33.33,36.5,32.6,25.3
65035401,41.77,36.47,47.07,44.74,39.6,42.4,43.3
65035501,38.63,41.73,35.53,43.19,44.3,31,40.6
65035601,18.63,17.87,19.4,18.62,15.3,28.9,11.7
65035701,54.2,44.13,64.27,68.67,60,53.5,49.1
65035801,14.97,14.93,15,14.62,16.9,13,15
65035901,36.33,33.33,39.33,39.29,30.3,31.9,46.8
65036001,29.3,30,28.6,31.91,31.4,30.6,25.9
65036101,44.73,44.27,45.2,50,46.9,50.3,37
65036201,21.23,23.73,18.73,22.12,14.2,27.9,21.6
65036301,41.53,36.47,46.6,40.28,66.1,28.5,30
65036401,44.8,45.8,43.8,50.33,42.4,47,45
65036501,37.59,36.93,38.2,42.11,48.11,31.6,34.1
65036601,39.4,41.07,37.73,40.28,56.2,43.9,18.1
65036701,49.9,53.93,45.87,59.09,51,39.9,58.8
65036801,34.6,32.67,36.53,38.1,34.6,27.5,41.7
65036901,39.1,40.13,38.07,43.4,40,41.4,35.9
65037001,29.37,28.8,29.93,30.43,24,35.6,28.5
65037101,34.1,33.13,35.07,37.27,33.2,30.7,38.4
65037201,15.2,16.27,14.13,15.69,8.8,17.1,19.7
65037301,26.73,27.33,26.13,28.75,35.9,20.8,23.5
65037401,24.73,24.8,24.67,25.96,17.6,27.6,29
65037501,36.41,35.13,37.79,40,32.44,34,42.4
65037601,32.57,33.73,31.4,35.09,39.7,24.1,33.9
65037701,29.33,29.67,29,28.63,22.2,30.7,35.1
65037801,33.7,33.07,34.33,33.9,33.9,35.6,31.6
65037901,24.4,24.6,24.2,25.35,20.5,22.8,29.9
65038001,18.77,19.47,18.07,19.61,16.7,20,19.6
65038101,30.63,35.07,26.2,32.91,27.1,26.5,38.3
65038201,30.6,31.47,29.73,33.45,31.9,28.6,31.3
65038301,42.27,45.73,38.8,48.33,45.7,41.3,39.8
65038401,34.67,31.6,37.73,36.53,23.8,44.6,35.6
65038501,28.3,27.47,29.13,30.42,34.3,22.9,27.7
65038601,36.67,39.67,33.67,36.94,47.5,31,31.5
65038701,46.37,42.13,50.6,54.12,44.9,54.2,40
65038801,33.3,32.93,33.67,34.68,28.1,34.8,37
65038901,53.27,56.2,50.33,64.36,57.8,56.4,45.6
65039001,44.17,42,46.33,51.47,47.6,38.3,46.6
65039101,27.33,27.6,27.07,29.38,19.9,35.2,26.9
65039201,33.7,35.4,32,34.29,35.2,28.3,37.6
65039301,41.27,40.8,41.73,47.32,40.4,43.1,40.3
65039401,48.13,44.93,51.33,58.24,50.5,45.5,48.4
65039501,48.33,50.67,46,55.33,44.2,54.4,46.4
65039601,40.07,40,40.13,45.75,39,42.9,38.3
65039701,32.93,32.93,32.93,35.91,39,27.7,32.1
65039801,36.2,35.93,36.47,36.58,21.9,42.7,44
65039901,15.63,15.93,15.33,16.25,13.5,16.9,16.5
65040001,47.03,51.73,42.33,56.25,50.2,43,47.9
65040201,24.83,24.67,25,26.09,14.5,30.8,29.2
65040301,59.63,63.47,55.8,81,56.5,73.7,48.7
65040401,46.23,46.67,45.8,49.33,62.2,36.8,39.7
65040501,9.9,9,10.8,9.93,17.2,6.5,6
65040601,34.17,33.47,34.87,35.9,39.9,31,31.6
65040701,44.97,42.4,47.53,52.35,51.1,44.2,39.6
65040801,23.6,22.47,24.73,25.04,17.4,26.2,27.2
65040901,27.23,26.93,27.53,29.04,28.4,27.8,25.5
65041001,53.03,54.8,51.27,66.27,65.4,49.6,44.1
65041101,28.67,27.93,29.4,29.86,31.2,27,27.8
65041201,40.9,36.53,45.27,45.79,49.4,44.7,28.6
65041301,30.4,29.53,31.27,31.04,42.2,18.6,30.4
65041401,27.97,26.8,29.13,30,27.8,29.8,26.3
65041501,26.43,28.27,24.6,28.38,22.7,23.2,33.4
65041601,43.03,40.2,45.87,50,50.2,40.9,38
65041801,17.3,18.47,16.13,17.88,17.4,16.5,18
65041901,21.1,21.73,20.47,22.27,14.7,25,23.6
65042001,36.5,37.53,35.47,35,30.6,42.9,36
65042101,35.97,36.07,35.87,39.65,30.8,40.3,36.8
65042201,34.8,34.47,35.13,38.15,31.6,33.7,39.1
65042301,27.76,27.93,27.6,30,24.1,29.33,30
65042401,16.17,17.07,15.27,16.58,13,17.6,17.9
65042501,35.67,36.53,34.8,40.05,37.1,36.5,33.4
65042601,41,44.47,37.53,45.45,40.5,41.4,41.1
65042701,28.83,30.53,27.13,29.76,30.9,30.4,25.2
65042801,41.3,39.33,43.27,47.06,33.6,53.2,37.1
65042901,21.8,21.2,22.4,23.08,17,23.2,25.2
65043101,11.97,11.2,12.73,12.32,11.2,13,11.7
65043401,45.57,39.07,52.07,54.28,49.1,39.5,48.1
65043501,41.7,45.67,37.73,43.82,39.3,48.1,37.7
65043601,51.17,45.73,56.6,60,45.7,51.8,56
65043801,29.93,29.93,29.93,31.25,24.2,29.8,35.8
65043901,48.17,50,46.33,57.38,50.1,46.3,48.1
65044001,39.83,40.33,39.33,44.74,37.1,42.1,40.3
65044101,28.3,28,28.6,30,25.1,27.3,32.5
65044201,34.53,38.13,30.93,36.16,29.7,39.5,34.4
65044301,30.9,30.47,31.33,32.91,25.5,28.3,38.9
65044401,24.97,23.8,26.13,26.54,20.4,22.2,32.3
65044501,47.9,46.27,49.53,58,50.9,48.5,44.3
65044601,44.63,44.87,44.4,49.68,32.6,41.3,60
65044701,44.77,47.27,42.27,51.5,36.6,59,38.7
65044801,52.23,49.8,54.67,56.73,61.6,48.2,46.9
65044901,30.1,30.53,29.67,31.19,31.2,28.2,30.9
65045001,43.1,43.27,42.93,50.12,28.4,49,51.9
65045101,40.03,42.87,37,44.95,37.89,43.8,38.2
65045201,24.87,23.93,25.8,26.56,17.9,25.4,31.3
65045301,43.9,45.87,41.93,48.75,52.9,42.9,35.9
65045401,47.17,50.8,43.53,51.56,50,44.7,46.8
65045501,27.57,28.87,26.27,29.32,20.7,26.8,35.2
65045601,18.37,19.47,17.27,18.88,9.8,20.1,25.2
65045701,44.83,45.2,44.47,50.5,49.9,37.8,46.8
65045801,34.53,38.2,30.87,37.59,32.9,36.4,34.3
65045901,34.83,35.64,34.07,38.35,39.89,30,35.1
65046001,47.77,51.33,44.2,51.89,57.2,45,41.1
65046101,18.2,17.4,19,18.15,10.9,23.2,20.5
65046201,39.52,38.67,40.43,42.87,24.5,34.78,58.8
65046301,51.57,53.93,49.2,56.64,70.1,47.6,37
65046401,28.63,25,32.27,30.83,23.1,32.2,30.6
65046601,41.17,43.73,38.6,46.56,40.7,38,44.8
65046701,35,32.4,37.6,38.1,43.5,24.1,37.4
65046801,47.1,44.07,49.93,53,52.67,44.2,45
65046901,26.3,25.2,27.4,28.2,26.6,28.2,24.1
65047001,39.8,38.53,41.07,44.42,44.9,34.9,39.6
65047101,46.79,50.33,43,56.33,47.67,47.6,45.2
65047201,35.93,36.13,35.73,37.84,34.1,39.4,34.3
65047301,37.43,35.47,39.4,40,33.7,42,36.6
65047401,39.63,42.87,36.4,44.89,32.4,44.8,41.7
65047501,27.57,25.8,29.33,29.26,22.9,27.8,32
65047601,38.57,35.8,41.33,41.95,42.6,36.4,36.7
65047701,16.37,16,16.73,16.86,12.3,18.2,18.6
65047901,48.87,51.4,46.33,58.21,60.5,46.6,39.5
65048001,42.67,38.53,46.8,50.11,40,44.4,43.6
65048101,48,42.07,53.93,56.67,55.9,50.4,37.7
65048201,28.83,30.93,26.73,29.55,19.2,35,32.3
65048301,22.63,22.73,22.53,23.44,12.1,24.5,31.3
65048401,46.8,42.6,51,48.35,47,45.2,48.2
65048501,45.67,46,45.33,51.89,41.3,44.7,51
65048601,37.4,37.4,37.4,38.48,26.7,45.2,40.3
65048701,25.3,25,25.6,26.83,11.1,36.1,28.7
65048801,30.47,32.27,28.67,30.87,26.7,26.3,38.4
65048901,37.7,38.33,37.07,42.86,33.4,48.8,30.9
65049001,45.5,42.33,48.67,51,36.3,62,38.2
65049101,48.53,49.53,47.53,59,46.5,50.1,49
65049301,54.7,59.8,49.6,55.56,46.3,71.1,46.7
65049401,54.93,57.73,52.13,66.08,52.5,57.3,55
65049501,41.5,38.53,44.47,41.67,52,34.7,37.8
65049601,38.36,35,41.71,42.5,29.6,36.4,51.75
65049701,32.2,33.73,30.67,31.86,29.4,35.6,31.6
65049801,36.7,37.33,36.07,40,29.2,41,39.9
65049901,42.33,43.27,41.4,44,52,44.6,30.4
65050001,47.83,44.67,51,54.12,55.6,47,40.9
65050101,41.8,41.27,42.33,47.11,44.2,46.1,35.1
65050301,26.3,28.47,24.13,26.55,21.8,26.8,30.3
65050401,36.07,36.47,35.67,39.09,24.7,36.7,46.8
65050501,43.33,41.93,44.73,49.11,29.8,55.2,45
65050601,31.13,27.07,35.2,31.82,37.5,29.1,26.8
65050701,44.63,48.67,40.6,47.41,37.4,57,39.5
65050801,38.33,41.47,35.2,42.5,33.8,37.9,43.3
65050901,50.3,49.4,51.2,57.5,59.1,55.9,35.9
65051001,42.3,44.93,39.67,47.11,41.5,42.5,42.9
65051101,17.77,18.47,17.07,18,14.1,20.2,19
65051201,10.8,11.4,10.2,11.14,7.7,10.5,14.2
65051301,43.07,41.27,44.87,49.17,44.2,47.9,37.1
65051401,45.23,44.2,46.27,52.83,32.1,44.6,59
65051501,37,35.6,38.4,39.58,23.4,47.3,40.3
65051601,30.87,30.6,31.13,31.76,15.2,41.5,35.9
65051701,42.4,41.33,43.47,48.12,49.3,40,37.9
65051901,40.53,43.13,37.93,44.48,30.4,45.3,45.9
65052001,41.77,39.47,44.07,47.59,51.4,39.4,34.5
65052101,26.97,26.53,27.4,28.15,24,34.5,22.4
65052201,40.9,38.73,43.07,43.85,19.4,47,56.3
65052301,40.23,37.27,43.2,43.61,35.2,39.9,45.6
65052401,23.43,25.13,21.73,24.62,21.4,28.3,20.6
65052501,29.8,29.93,29.67,30.83,27.6,36.2,25.6
65052601,26.07,26.6,25.53,26.88,23.6,26.6,28
65052701,25.27,26.4,24.13,27.04,15.2,25.2,35.4
65052801,20.7,20.4,21,19.96,24.7,15.9,21.5
65052901,20.63,20,21.27,21.15,21.7,18.1,22.1
65053001,39.3,39.6,39,43.15,44.7,40.4,32.8
65053101,37.87,33.8,41.93,36.37,44.1,32.2,37.3
65053201,39.87,36.73,43,42.45,46.7,28.6,44.3
65053301,36.73,37.73,35.73,41.43,34.3,37.3,38.6
65053401,17.07,18.29,15.93,15.83,23.9,16.6,10
65053501,41.77,40.73,42.8,48.37,48.4,37.5,39.4
65053601,26.03,27.07,25,27.88,27.4,27.9,22.8
65053701,46.23,45.93,46.53,55.06,36.3,47.9,54.5
65053801,51.57,55.47,47.67,60,37.2,59,58.5
65053901,50.73,49.73,51.73,63.43,57.7,47,47.5
65054001,42.53,46.93,38.13,46.44,37.2,48.3,42.1
65054101,37.5,37.6,37.4,41.15,41,34.2,37.3
65054201,35.27,36.93,33.6,36.48,31.2,47,27.6
65054301,30.63,30.27,31,32.71,22.3,35.5,34.1
65054401,41.5,39.87,43.13,43.67,25,48.3,51.2
65054501,35.37,37.2,33.53,38.25,32.4,38.9,34.8
65054601,34.7,37.07,32.33,34.63,40.7,22.2,41.2
65054701,44.9,40.73,49.07,51.81,50.4,42.8,41.5
65054801,33.53,34.8,32.27,34.95,49.3,25.3,26
65054901,47.53,50.67,44.4,53.87,47.7,52.4,42.5
65055001,47.57,45.87,49.27,57.76,40.9,46.6,55.2
65055101,50.3,54.33,46.27,62.67,55.2,50.3,45.4
65055201,36.13,37.4,34.87,37.67,49,30.3,29.1
65055401,36.07,34.4,37.73,38.32,40.2,28.3,39.7
65055501,54.38,53.87,54.93,61.5,59.44,44.4,59.8
65055601,51.24,52.64,49.93,59,63.1,53.4,35.67
65055701,43.53,40.93,46.13,49.81,44.1,49.4,37.1
65055801,24.97,24.27,25.67,26.19,9.5,30,35.4
65055901,33.13,29.2,37.07,36.26,26,36.1,37.3
65056101,41.37,46.67,36.07,37.27,20.6,52.1,51.4
65056201,45.37,45.2,45.53,53.63,49.9,42.4,43.8
65056301,30.27,31.47,29.07,32.42,22,31.6,37.2
65056401,42.77,40.53,45,47.47,50.4,45.5,32.4
65056501,45.13,40.6,49.67,52.94,47.1,42.2,46.1
65056601,43,41,45,49.41,38.6,50.2,40.2
65056701,29.6,30.33,28.87,28.5,14.8,40.9,33.1
65056801,36.77,35,38.53,40.79,40.2,31.6,38.5
65056901,29.57,30,29.13,30,28.2,30.7,29.8
65057101,32.17,30.87,33.47,35.48,25.3,33,38.2
65057301,19.53,19.33,19.73,20.37,21.1,17.5,20
65057401,43.93,43.87,44,46.88,48.4,40,43.4
65057501,48.4,51.6,45.2,56.73,62.4,44,38.8
65057601,52.6,56.07,49.13,62.92,51.4,56.6,49.8
65057801,49.73,47.8,51.67,60.14,55.9,50.3,43
65057901,51.8,48.33,55.27,60.3,43.1,62.3,50
65058001,33.07,32.6,33.53,33.33,23.9,39.1,36.2
65058201,30.47,29.8,31.13,33.27,32.8,22.4,36.2
65058401,44.43,47.07,41.8,52.78,39.6,47.8,45.9
65058501,28.33,27.2,29.47,29.92,26.5,24.9,33.6
65058601,39.7,37.47,41.93,43.76,28.1,43.6,47.4
65058701,49.53,47.27,51.8,61.29,61.5,47.5,39.6
65058901,32.27,33.27,31.27,35.18,26,36.4,34.4
65059001,30.9,32.93,28.71,30,35.11,36.2,21.8
65059101,43.53,45.6,41.47,48.16,35.1,49.5,46
65059201,35.63,35.73,35.53,39.87,28.6,48.5,29.8
65059301,34.8,35.6,34,37.08,22.9,42.9,38.6
65059401,33.67,32.4,34.93,33.47,42.6,36.6,21.8
65059501,49.7,45.2,54.2,59.07,56.2,45.5,47.4
65059601,23.8,23.47,24.13,25.08,20.1,22.9,28.4
65059801,32.17,31.64,32.67,31.84,47,28.1,22.9
65059901,46.47,48.2,44.73,54.62,42.5,54.4,42.5
65060001,29.37,28.87,29.87,30.15,25.2,34.4,28.5
65060101,50.9,49.13,52.67,56.43,59.1,47.3,46.3
65060201,45.23,43.27,47.2,50,48.8,57.9,29
65060301,60.53,58.8,62.27,89,60.2,58.7,62.7
65060401,41.48,42.87,40,45.11,37.44,48.2,38.4
65060501,56.37,52.93,59.8,72,69.9,59.8,39.4
65060601,36.17,35.2,37.13,39.84,32,33.4,43.1
65060701,40.3,38.53,42.07,44.44,46.5,29.1,45.3
65060801,27.33,28.13,26.53,28.38,14.6,28.9,38.5
65060901,21.27,20.33,22.2,22.24,18.5,21.5,23.8
65061001,33.6,31.4,35.8,35.5,29.6,32.6,38.6
65061101,36.37,37.07,35.67,40,39.2,28.5,41.4
65061201,44.97,45.13,44.8,50.79,39.5,52.5,42.9
65061301,29.7,30.53,28.87,31.5,24.9,23.2,41
65061401,25.83,25.33,26.33,25.39,26,23.4,28.1
65061501,35.13,32.53,37.73,37.11,36.2,40,29.2
65061601,39.57,40.33,38.8,44.74,34.2,43.5,41
65061701,39.57,35.33,43.8,45,46.6,37.8,34.3
65061801,34.73,36.4,33.07,35.95,44.4,27.3,32.5
65061901,39.53,38.47,40.6,44.89,40.3,42.1,36.2
65062001,34.87,32.87,36.87,38.64,28.5,38,38.1
65062101,40.7,43.47,37.93,42.86,26.3,56.9,38.9
65062201,42.2,42.33,42.07,47.06,26.4,51.7,48.5
65062301,47.67,51.33,44,53.53,57,52.7,33.3
65062401,39.43,38.07,40.8,41.06,31.1,34.2,53
65062501,34.73,34.8,34.67,36.28,40.6,32.5,31.1
65062601,25.1,23.53,26.67,25.92,32,23.6,19.7
65062701,32.47,31.87,33.07,33.14,28.1,31.8,37.5
65062801,45.33,44.67,46,50.19,59.2,45.9,30.9
65062901,43.43,43.67,43.2,50,43.6,46.9,39.8
65063001,49.63,45.93,53.33,60.69,48.8,50.8,49.3
65063101,37.8,35.6,40,42.5,36.3,40.1,37
65063201,35.27,36.6,33.93,31.76,13.9,34.4,57.5
65063301,34.9,35.13,34.67,38.86,34.3,33.1,37.3
65063401,39.47,40.2,38.73,44.47,38.1,36.2,44.1
65063501,48.27,39.33,57.2,55.93,47.7,45.8,51.3
65063601,44.27,44.33,44.2,44.12,30.5,56.7,45.6
65063701,46.33,45.27,47.4,53.33,50.6,40.9,47.5
65063801,39.73,41.6,37.87,44.53,38.4,38.3,42.5
65063901,31.27,30.2,32.33,34.36,26.3,34.7,32.8
65064001,43.13,43.87,42.4,47.75,54.1,42.4,32.9
65064101,32.57,31.2,33.93,31.81,43.9,23,30.8
65064201,45.17,44.73,45.6,53.71,50.6,44.7,40.2
65064301,49.9,48.73,51.07,58.8,40.4,55.9,53.4
65064401,54.5,46.2,62.8,68,66.4,57.3,39.8
65064501,41.2,43,39.4,44.71,49.7,35.6,38.3
65064601,43.97,42.4,45.53,50.12,52.2,39.4,40.3
65064701,47.97,46.13,49.8,57.56,51,46.6,46.3
65064801,43.87,43.6,44.13,46.75,43.8,29.4,58.4
65064901,44.97,42.33,47.6,50,56.3,43.9,34.7
65065001,50.77,44.53,57,60.38,45.8,57.4,49.1
65065101,42.73,37.27,48.2,48.06,45.1,31.7,51.4
65065201,51.83,51.47,52.2,62.75,51.7,60,43.8
65065301,37.47,35.6,39.33,40,42.5,37.2,32.7
65065401,46.72,39.5,53.47,53.35,53.67,50.8,36.4
65065501,55.47,61.73,49.2,70.6,57.3,57,52.1
65065601,35,33.4,36.6,36.67,45,27.6,32.4
65065701,25.23,23.67,26.8,26.67,22.7,24.6,28.4
65065801,33.33,35.8,30.87,34.67,39.9,30.8,29.3
65065901,55.77,60.07,51.47,71.27,63.5,51.2,52.6
65066001,30.73,32.67,28.8,31.82,37.2,32.3,22.7
65066101,28.33,29.07,27.6,29.83,26.8,31.3,26.9
65066201,35.33,36.13,34.53,37.52,37.3,45,23.7
65066301,31.57,31.87,31.27,32.36,39,30.8,24.9
65066401,22.47,21.33,23.6,23.85,27,24.2,16.2
65066501,50.27,55.13,45.4,57.62,54.2,44.1,52.5
65066601,45.33,48.2,42.47,49.88,39.1,52.3,44.6
65066701,26.13,24.67,27.6,27.78,21.4,25.9,31.1
65066801,43.21,43.73,42.64,47.44,42.5,47.67,39.9
65066901,37.77,33.33,42.2,38.65,58.2,28.1,27
65067001,40.8,35.6,46,46.74,43.7,36.9,41.8
65067101,40.9,39.27,42.53,44.37,35.6,42.6,44.5
65067201,29.73,30.93,28.53,32.48,25.1,34.4,29.7
65067301,38.33,36.67,40,42.11,29.7,41.3,44
65067401,42.17,43.33,41,44.93,48.4,37,41.1
65067501,38.77,39,38.53,43.1,37.1,31.7,47.5
65067601,41.43,38.53,44.33,48.16,41.9,41.6,40.8
65067701,40.55,41,40.13,33.47,25.89,29.5,64.8
65067801,34.67,32.2,37.13,37.62,36.6,34.5,32.9
65067901,42.43,43.8,41.07,46.25,45.4,39.2,42.7
65068001,42.73,46,39.47,47.37,49.8,37.5,40.9
65068101,20.6,21.07,20.13,21.46,16.1,22,23.7
65068201,23.23,23.33,23.13,24.17,31.2,19.8,18.7
65068301,47.93,45.4,50.47,53.93,43.9,55.1,44.8
65068401,45.8,43.47,48.13,53.53,49.4,38.5,49.5
65068501,38.97,41.8,36.13,41.84,52.9,23.9,40.1
65068601,41.83,39,44.67,46.5,44.7,42.4,38.4
65068701,44.13,41.07,47.2,48.89,39.9,50.4,42.1
65068801,47,44.8,49.2,54.93,53.7,43.6,43.7
65068901,48.41,44.07,53.07,52.78,46.89,59.7,38.5
65069001,37.63,42.67,32.6,40.62,39.3,39.2,34.4
65069101,54.7,45,64.4,63.38,67.2,57.9,39
65069201,43,46.27,39.73,45.53,48.2,44.3,36.5
65069301,28.37,32.93,23.8,30.68,26.2,33.8,25.1
65069401,50.4,55.27,45.53,59.71,46.1,35.9,69.2
65069501,52.83,52.27,53.4,67.17,49.7,57.8,51
65069601,38.63,39.33,37.93,39.84,54.1,35.5,26.3
65069701,22.31,23.71,21,23.08,33.33,14.7,20
65069801,35.57,38.13,33,34.71,38.9,31.9,35.9
65069901,46.7,47.73,45.67,53.12,54.3,44.9,40.9
65070001,34.69,33.47,36,32.86,19.4,32.78,51.7
65070101,27.17,28,26.33,29.17,25.7,23.9,31.9
65070201,42.93,41.2,44.67,50.53,41.8,41.3,45.7
65070301,37.9,42.47,33.33,41.24,31.4,47.7,34.6
65070401,44.72,41.79,47.47,48.24,46.67,45.8,41.9
65070501,33.77,32.33,35.2,35.52,15.2,34.6,51.5
65070601,30.9,32.8,29,31.75,21.4,34.5,36.8
65070701,23.52,23.53,23.5,23.91,27.78,20,23.2
65070801,26,26.67,25.33,27.83,25.4,28.5,24.1
65070901,34.03,37,31.07,37.5,29,29.8,43.3
65071001,45.6,47.6,43.6,51.32,48.1,39.6,49.1
65071101,43.6,43.67,43.53,50.53,47.4,41.1,42.3
65071201,41,43.93,38.07,45.11,37.7,43.6,41.7
65071301,50,50,50,60.12,45.1,44,60.9
65071401,25.93,26,25.87,26.83,28.2,22.9,26.7
65071501,51.07,49.4,52.73,56.54,53.6,41.9,57.7
65071601,39.1,41.73,36.47,43.36,45.9,34.8,36.6
65071701,46.3,49.67,42.93,53.81,57.4,46.3,35.2
65071801,44.27,39.93,48.6,50.69,52.3,38.4,42.1
65071901,48.5,46.93,50.07,52.08,53.6,38.3,53.6
65072001,27.4,27.2,27.6,28.33,27.5,28.1,26.6
65072101,47.4,45.53,49.27,57.5,48.3,49.4,44.5
65072201,21.53,20.93,22.13,22.2,25.6,25,14
65072301,45.37,44.67,46.07,52.61,52.4,49.2,34.5
65072401,30.73,30.4,31.07,32.87,33.3,25.5,33.4
65072501,30.33,30.2,30.47,31.68,29.2,29,32.8
65072601,37.53,35.73,39.33,40.25,29.4,45.7,37.5
65072701,47.37,36.2,58.53,40.77,53.2,49.9,39
65072801,42.23,42.93,41.53,44.56,43.8,48,34.9
65072901,36.7,35.27,38.13,40.48,28.9,43.2,38
65073001,45.6,35.87,55.33,49.12,33.2,58.7,44.9
65073101,28.9,28.47,29.33,30.17,15.8,30.8,40.1
65073201,44.07,43.2,44.93,51.29,49.6,49.1,33.5
65073301,33.43,30.93,35.93,35.5,21,42.2,37.1
65073401,14.6,14.8,14.4,15.14,10,11.2,22.6
65073501,28.4,29.2,27.6,30.83,31.7,25.4,28.1
65073601,44.53,40.53,48.53,52.63,41.5,45.1,47
65073701,38.97,35.2,42.73,42.86,47.3,31.6,38
65073801,38.83,35.53,42.13,43.15,35.2,38.8,42.5
65073901,49.87,51.33,48.4,61.43,60.8,47.2,41.6
65074001,33.07,31.6,34.53,35.1,37.8,26.1,35.3
65074101,25.3,26.13,24.47,25.56,38,15.1,22.8
65074201,55.4,52.8,58,69.88,51.6,69,45.6
65074301,34.7,35.73,33.67,38,29.1,39.1,35.9
65074401,36.27,39.27,33.27,39.17,38.4,40.6,29.8
65074501,51.33,49.53,53.13,57.5,67.6,41.4,45
65074601,33.33,32.13,34.53,35.25,49.3,22.7,28
65074701,37.63,39,36.27,38.27,41.7,31.8,39.4
65074801,47.27,42.33,52.2,54.38,45.9,50.6,45.3
65074901,40.5,40.5,40.5,45.31,48.78,36.2,37
65075001,33.17,31.4,34.93,36.1,34.7,31.6,33.2
65075101,45.53,50.87,40.2,53.78,52.9,38.8,44.9
65075201,47.57,48.13,47,57.94,56.5,42.5,43.7
65075301,34.4,30.93,37.87,38.64,44.7,27.5,31
65075401,13.7,13,14.4,14,13.2,17.4,10.5
65075501,42.7,43.2,42.2,44.12,39.9,37.3,50.9
65075601,47.43,49.73,45.13,57.72,47.8,41.1,53.4
65075701,37.83,38.93,36.73,42.11,36.1,36.3,41.1
65075801,46.9,48.87,44.93,53.69,46.4,50,44.3
65075901,43.23,41.8,44.67,49.05,35.2,48.4,46.1
65076001,39.97,42.73,37.2,42.37,39,55,25.9
65076101,28.7,30.07,27.33,30.26,30.6,27.2,28.3
65076201,54.97,51.6,58.33,70.36,57.1,50.4,57.4
65076301,37.57,38.27,36.87,40.19,54.7,33.7,24.3
65076401,39.67,43,36.33,44.45,37.7,44.2,37.1
65076501,49.23,49,49.47,57.38,51.4,46.7,49.6
65076601,40.73,42.13,39.33,46.16,36.9,45.3,40
65076701,40.67,42.8,38.53,46.58,26,48.1,47.9
65076801,40.9,41.13,40.67,44.37,48.8,37.2,36.7
65076901,54.97,54.93,55,72.73,53.7,53.8,57.4
65077001,50.2,50.73,49.67,58.64,63.7,47.8,39.1
65077101,25.7,23.4,28,25.77,33.7,22.8,20.6
65077201,40.66,43.14,38.33,43.24,33,41.56,47.5
65077301,41.7,44.27,39.13,47.06,50.3,34.9,39.9
65077401,25,24.2,25.8,26.77,11.3,24.3,39.4
65077501,36.33,36.53,36.13,38.81,42.9,30.3,35.8
65077601,43.7,45.73,41.67,51.39,45.3,43.4,42.4
65077701,40.6,41.73,39.47,44.32,21.1,52.3,48.4
65077801,39,41.33,36.67,44.25,43.7,36.9,36.4
65077901,27.13,25.67,28.6,29.04,31.2,24.3,25.9
65078001,50.9,57.53,44.27,55.62,45.3,39.2,68.2
65078101,51.9,48.87,54.93,56.57,55.1,54.9,45.7
65078201,39.13,33.73,44.53,43.32,39.8,40.1,37.5
65078301,40.83,44.93,36.73,43.68,36.3,40.7,45.5
65078401,21.8,18.93,24.67,20,11.9,20.7,32.8
65078501,32.93,33.53,32.33,35.71,29.8,25.2,43.8
65078601,40.53,37.8,43.27,43.67,19.2,48.1,54.3
65078701,36.8,36.8,36.8,40.8,29.7,44,36.7
65078801,47.5,49,46,54,38.8,59,44.7
65078901,33.4,32.07,34.73,36.5,31.3,34.7,34.2
65079001,34.27,37.73,30.8,37.05,32,40.6,30.2
65079101,41.4,40,42.8,47.37,44.2,35.5,44.5
65079201,46.5,49.27,43.73,51.44,38.4,55.2,45.9
65079301,38.13,39.13,37.13,42.65,36.7,36.3,41.4
65079401,39.03,35,43.07,44.15,36.6,33.2,47.3
65079501,36.13,36.47,35.8,37.5,24.1,42.3,42
65079601,46.3,47.67,44.93,53.53,42.6,35.1,61.2
68000201,46.87,50.2,43.53,55,51,43.1,46.5
68000301,27.93,25.67,30.2,26.65,8.1,31.3,44.4
68000401,49.87,48.33,51.4,53.5,57.7,43.7,48.2
68000601,28.7,31.2,26.2,30.83,32.5,28.7,24.9
68000801,22.37,21.8,22.93,23.73,22.7,24.2,20.2
68000901,19.53,19.47,19.6,20.46,24.1,17.9,16.6
68001001,34.23,34.8,33.67,34.4,43.8,28.6,30.3
68001101,45.23,46.07,44.4,44.44,44.9,47,43.8
68001201,15.73,16.73,14.73,15.59,15.5,17.5,14.2
68001301,38.6,45.73,31.47,39.78,47.7,30.1,38
68001401,15.93,15.67,16.2,16.57,11.9,18,17.9
68001501,38.53,36.93,40.13,43.45,39.4,39,37.2
68001601,39.77,38.27,41.27,45,40.2,39.8,39.3
68001701,21.73,20.93,22.53,21.74,21.5,23.2,20.5
68001901,29.07,28.07,30.07,30.48,32.1,24.8,30.3
68002001,40.33,37.53,43.13,45.24,38.8,39.2,43
68002101,34.3,34.87,33.73,31.9,46,28.8,28.1
68002201,12.64,12.43,12.86,12.52,18.75,9.2,11.2
68002301,36.83,31.93,41.73,37.53,26.5,52.6,31.4
68002401,23.1,22.93,23.29,24.17,19.6,23.44,26.3
68002501,39,39.27,38.73,41.68,34.8,33.9,48.3
68002601,26.1,24.33,27.87,24.77,28.7,21.8,27.8
68002701,35.8,34.8,36.8,37.91,46.4,26.2,34.8
68002801,53.57,53.2,53.93,61.92,70.2,41.6,48.9
68002901,26.17,26.93,25.4,26.55,20,30.7,27.8
68003101,49.27,42.93,55.6,60.38,51.9,52,43.9
68003301,14.4,15.07,13.73,14.93,9.1,20.2,13.9
68003401,36.47,39.33,33.6,40.91,31.5,36.1,41.8
68003501,31.2,31.67,30.73,33.33,35.9,21.4,36.3
68003701,10.17,10.67,9.67,10.39,7.1,12.4,11
68003801,33.37,32.73,34,35.14,18.5,40.9,40.7
68003901,43,44.4,41.6,45.76,44.6,41.1,43.3
68004001,33.17,33.93,32.4,36.96,37.7,30.9,30.9
68004101,44.2,38.33,50.07,46.69,50,38.3,44.3
68004201,41.83,46.07,37.6,46.68,43.8,38.3,43.4
68004301,43.9,43.64,44.13,50.18,45.5,47.1,38.56
68004401,30.63,32,29.27,32.41,27,27,37.9
68004501,37.63,38.27,37,41.37,38.8,35.5,38.6
68004601,41.53,39.67,43.4,44.88,38.4,48.6,37.6
68004701,38.13,38.07,38.2,39.17,42.7,39.2,32.5
68004801,38.03,42.27,33.8,40.9,30.6,45.4,38.1
68004901,50.17,48.2,52.13,57.53,36.5,62.1,51.9
68005001,48.9,50.27,47.53,56,35.9,67.1,43.7
68005201,32.9,35.13,30.67,34.09,30.2,28.9,39.6
68005301,26.47,24.47,28.47,27.27,38.2,17.2,24
68005401,22,20.33,23.79,20.28,8.5,14.89,41.9
68005501,31.07,30.93,31.2,32.82,25.7,30.8,36.7
68005601,34.5,36.33,32.67,37.55,25.4,44.5,33.6
68005701,30.07,32,28.13,31.38,20.8,28.4,41
68005801,25,26.27,23.73,26.72,25.3,23.5,26.2
68005901,40.9,37.93,43.87,46,28.2,51,43.5
68006001,49.4,40.33,58.47,58.82,58.6,44.4,45.2
68006101,42.07,42.33,41.8,48.33,41.1,36.6,48.5
68006201,42.17,40.87,43.47,48.58,44.2,39.9,42.4
68006301,19,20.29,17.8,19.64,11.22,21.8,23.2
68006401,34.33,37.33,31.33,35.71,39.2,34.4,29.4
68006501,5.97,5.73,6.2,6.14,3.6,6,8.3
68006601,11.6,13.2,10,10.04,15.6,9.2,10
68006901,22.37,23.33,21.4,22.29,24.3,25.2,17.6
68007001,37.9,34.53,41.27,41.48,31.2,47.3,35.2
68007101,30.5,30.07,30.93,31.48,30.7,31.2,29.6
68007201,29.83,33.07,26.6,32.61,23.8,27.3,38.4
68007301,33,35.87,30.13,33.1,18.9,45.9,34.2
68007401,42.5,41.33,43.67,46.24,46.4,32.9,48.2
68007501,47.33,43.8,50.87,56.47,61.9,37,43.1
68007701,56.03,55.67,56.4,73.25,71.4,50.8,45.9
68007801,25.37,25.53,25.2,26.25,25.9,21.3,28.9
68007901,25.73,28.2,23.27,26.3,37.4,19.4,20.4
68008001,22.47,22.2,22.73,23.27,24.4,22.4,20.6
68008201,34.47,33.4,35.53,37.33,29.9,32.5,41
68008401,38.23,42.53,33.93,41.78,47.6,31.7,35.4
68008601,42.33,43,41.67,47.44,56,38.5,32.5
68008701,17.27,16.47,18.07,18,19,17.4,15.4
68008801,25.23,23.67,26.8,26.67,19.5,24.6,31.6
68008901,38.03,38,38.07,41.62,20.1,38.8,55.2
68009001,27.43,27.2,27.67,28.46,23.3,30.7,28.3
68009101,41.1,43.87,38.33,47.63,37.7,45.6,40
68009201,35.27,35.53,35,37.73,40.1,35.5,30.2
68009401,40.33,39.33,41.33,45.84,38.4,44.3,38.3
68009501,25.43,24,26.87,25,8.9,28.7,38.7
68009601,39.23,38.6,39.87,42.11,31.6,44.7,41.4
68009701,18.83,18.2,19.47,19.59,16.6,17.7,22.2
68009801,32.83,34.07,31.6,34.29,31,33.8,33.7
68009901,40.37,42.93,37.8,43.68,38.8,32.2,50.1
68010001,39.03,36.67,41.4,43.81,34.7,42.8,39.6
68010101,33.87,36.73,31,33.38,45.8,28.8,27
68010201,47.43,46.87,48,57.44,47.1,45.4,49.8
68010301,40.5,42.8,38.2,46.85,30.9,49.5,41.1
68010401,33.63,32.87,34.4,36.64,24.1,28.7,48.1
68010501,28.17,29.07,27.27,30.43,27.2,31.2,26.1
68010601,45.93,48,43.87,53.41,41.7,51.2,44.9
68010701,10,9.73,10.27,10.31,9.2,9.1,11.7
68010801,22.4,24.27,20.53,23.77,12.7,23,31.5
68010901,41.07,34.33,47.8,46.29,46.7,44.6,31.9
68011001,44.63,44.33,44.93,47.41,50.4,45.5,38
68011101,26.8,28.67,24.93,28.83,16.4,27.2,36.8
68011201,47.83,48.6,47.07,57.73,53.5,45.3,44.7
68011301,21.6,20.6,22.6,20.37,11.7,12,41.1
68011401,24.17,22.27,26.07,25.52,26.6,24,21.9
68011501,30.83,30.93,30.73,32.61,32,28.4,32.1
68011601,21.27,21.4,21.13,22.04,13.3,24.5,26
68011701,44.73,46.2,43.27,51.88,51.4,39.5,43.3
68011801,10.8,11,10.6,10.89,13.3,10,9.1
68011901,52.2,54.87,49.53,65.23,51.2,54.3,51.1
68012101,51.63,59.13,44.13,59.23,51.6,51.9,51.4
68012201,37.7,37,38.4,39,55.1,22.7,35.3
68012301,35,34.07,35.93,37.85,33.8,39.9,31.3
68012401,46.17,46.73,45.6,52.94,44.9,37.5,56.1
68012501,27.83,29.07,26.6,29.21,22.3,25.3,35.9
68012601,36.7,35.73,37.67,40,32.5,37,40.6
68012701,40.1,40.53,39.67,43.75,26.7,55.9,37.7
68012901,35.73,34.93,36.53,40,29.3,39.5,38.4
68013001,27.43,29.73,25.13,28.46,21.9,23.8,36.6
68013101,33.27,32.2,34.33,36.36,32.5,32.6,34.7
68013201,38.1,34.6,41.6,39.75,46.4,38.4,29.5
68013501,45,47.73,42.27,51.16,52.1,35.5,47.4
68013601,47.17,44.87,49.47,53.5,53.4,41.7,46.4
68013801,37.48,41.4,33.29,39.6,36.8,37.44,38.2
68013901,24.3,23.27,25.33,25.22,28.4,21.1,23.4
68014101,50.4,56.8,44,60.87,61.2,49.8,40.2
68014201,37.13,33.73,40.53,39.44,37.7,42.5,31.2
68014301,43.4,42.07,44.73,47.05,45.1,51.3,33.8
68014401,41.03,43.07,39,46.14,29.5,48.4,45.2
68014501,38.66,42.64,34.93,41.67,34.7,39.2,42.44
68014601,33.1,30.73,35.47,33.6,26.8,38.8,33.7
68014701,40.93,35.53,46.33,42.22,22.2,60.8,39.8
68014801,47.77,48.53,47,56.8,55.1,53,35.2
68014901,45.73,47.2,44.27,53.24,57.6,44.4,35.2
68015001,50.53,54.93,46.13,61.56,57.3,44.4,49.9
68015101,35.57,37.6,33.53,36.9,27.4,46.1,33.2
68015201,43.7,48.8,38.6,49.41,49.1,39.9,42.1
68015301,49.41,48.07,50.86,56,61.89,37.7,49.9
68015401,48.43,45.6,51.27,55.38,45,40.7,59.6
68015501,52.63,53,52.27,63.46,60.4,53.9,43.6
68015601,42.07,38.47,45.67,47.56,44,44.8,37.4
68015701,27.53,26.93,28.13,29.12,26,25.5,31.1
68015801,30.17,31.47,28.87,32.39,33.1,28.8,28.6
68015901,39.93,37.27,42.6,44.78,24.7,43.4,51.7
68016001,48.5,48.13,48.87,59.12,49.3,40.9,55.3
68016101,31.17,31.13,31.2,33.48,36.6,30.1,26.8
68016201,51.47,57.33,45.6,59.73,63.2,48.5,42.7
68016301,22.54,21.5,23.57,22.73,18.4,24.33,25.33
68016401,45.9,47.4,44.4,55,45.8,46.7,45.2
68016501,47.2,47.87,46.53,54.2,56,43.7,41.9
68016601,47.67,38.73,56.6,50,52.3,47.6,43.1
68016701,42.43,41.6,43.27,45.78,40.5,42.7,44.1
68016801,35.7,33.4,38,33.33,35.7,32,39.4
68016901,40.6,40.53,40.67,43.83,32.1,41.5,48.2
68017001,26.9,27.2,26.6,27.71,32.8,26.5,21.4
68017101,32.2,34.67,29.73,32.73,30.9,26,39.7
68017201,44.8,45.47,44.13,50.44,34.9,54.8,44.7
68017301,45.8,44.2,47.4,50,54.9,43.1,39.4
68017601,34.9,36.33,33.47,38.77,45.3,40.3,19.1
68017701,32.1,31,33.2,31.3,31,35.1,30.2
68017801,32.63,33.67,31.6,34.09,48.5,18.9,30.5
68017901,45.7,38.73,52.67,52.94,41.9,47.3,47.9
68018001,42.33,47.13,37.53,47.39,38.8,49.7,38.5
68018101,36.43,34.53,38.33,39.29,50.9,29.8,28.6
68018201,43.3,47.07,39.53,51,46.1,41,42.8
68018401,46.17,47.87,44.47,50.81,54,41.2,43.3
68018501,40.2,34.53,45.87,44.19,48.4,35.4,36.8
68018601,41.03,42.33,39.73,46.5,53.8,37.3,32
68018701,47.24,47.64,46.87,56.22,37.67,49,54.1
68018801,32.23,31.67,32.8,34.73,24.8,37,34.9
68018901,26.5,25.8,27.2,28.17,14.6,33.2,31.7
68019001,32.73,35.2,30.27,32.68,27.3,34.8,36.1
68019201,35.8,33.8,37.8,36.77,39.8,45.1,22.5
68019301,46.6,45,48.2,49.86,46.2,50.6,43
68019401,49.13,45.33,52.93,52,55.3,52.1,40
68019501,32.27,31.53,33,33.38,27.8,28.9,40.1
68019601,44.27,47.6,40.93,52.63,34.2,44.3,54.3
68019701,22.77,21.13,24.4,23.5,21.2,22.9,24.2
68019901,44.33,40.6,48.07,48.53,43.9,46.7,42.4
68020101,30.4,32.13,28.67,32.52,30.9,31.5,28.8
68020201,31.03,31.87,30.2,29.52,45.5,29.9,17.7
68020301,39.2,37.27,41.13,42.06,24.4,50.9,42.3
68020401,47.07,56.73,37.4,50.67,52.7,45.3,43.2
68020601,44.07,42.93,45.2,50.5,41.8,46.9,43.5
68020801,51.48,55.87,46.79,60.47,52.78,57.8,44
68020901,38.17,36.33,40,40.28,43.2,36.2,35.1
68021001,45.8,41.6,50,50.62,37.2,55.3,44.9
68021101,16.6,16.53,16.67,16.93,10.1,17.5,22.2
68021201,8.4,8.6,8.2,8.66,6.6,8.8,9.8
68021301,32.43,32.14,32.71,33.95,36.62,27.4,34.1
68021401,22.34,23.5,21.27,22.48,6.89,19.4,39.2
68021501,27.4,28.47,26.33,27.55,27.4,28,26.8
68021601,19.23,19.6,18.87,20.11,13.2,19.5,25
68021701,34.47,33.67,35.27,37.33,37,28,38.4
68021801,28.43,29.73,27.13,27.74,50.7,14.6,20
68021901,36.83,37.93,35.73,39.52,25.7,33.5,51.3
68022001,51.8,55.33,48.27,61.6,33.5,64.8,57.1
68022101,16.47,16.87,16.07,17.11,14.4,17.3,17.7
68022201,32.27,32.07,32.47,34.17,21.1,32.1,43.6
68022301,18.73,17.27,20.2,18.75,15,18.1,23.1
68022401,45.13,46.8,43.47,53.53,46.2,42.8,46.4
68022501,46.37,48.6,44.13,53.82,57.3,45,36.8
68022601,41.23,43.8,38.67,47.37,43.2,40.7,39.8
68022701,51.53,55.33,47.73,62.38,60,49.6,45
68022801,40.8,39,42.6,44.79,40.6,45.9,35.9
68022901,34.77,34.33,35.2,37.19,29.1,38.9,36.3
68023001,20.63,20.2,21.07,21,20.8,18.9,22.2
68023101,45.36,44.57,46.14,45.54,56.44,47.22,33.7
68023201,38.1,38,38.2,41.89,35.2,29.1,50
68023301,27.33,29.13,25.53,29.35,29.2,27.3,25.5
68023401,37.87,36.33,39.4,41.05,29.6,41,43
68023501,50,46.73,53.27,60.94,50,44.8,55.2
68023801,23.13,23.93,22.33,24.62,25.9,17.8,25.7
68023901,29.1,26.8,31.4,27.27,29.1,26.3,31.9
68024001,38.28,43.47,32.71,41.18,47.44,34.4,33.9
68024101,37.9,37.73,38.07,38.86,24.6,45.9,43.2
68024201,13.9,14.33,13.47,14.39,12.8,16.3,12.6
68024401,42.4,43,41.8,48.39,47.3,51.8,28.1
68024501,39.07,40.2,37.93,38.24,27.8,48.9,40.5
68024601,32.53,29.8,35.27,34.29,38.9,33.4,25.3
68024701,46.73,49.13,44.33,49.17,22.1,59.7,58.4
68024801,37.13,34.53,39.73,41.5,35,35.1,41.3
68025001,40.5,40,41,42.2,23.4,48.9,49.2
68025101,41.77,42.6,40.93,43.24,48.7,36.7,39.9
68025201,37.6,39.93,35.27,39.78,36.7,43.3,32.8
68025301,27.57,28.13,27,27.35,30.8,24.4,27.5
68025401,28.17,29.33,27,30.14,21.8,32.3,30.4
68025501,41.5,37.86,45.14,47.94,37,49,39
68025701,45.86,41.86,49.6,48.89,28,55.5,52.3
68025801,44.17,39.8,48.53,51.41,46.8,40.7,45
68025901,32.87,34.47,31.27,34.1,27.1,26.5,45
68026001,31.4,34.27,28.53,34.35,28.4,23.9,41.9
68026101,16.7,16,17.4,17.37,16.4,14.5,19.2
68026201,21.3,22.47,20.13,22.28,21.3,20.8,21.8
68026301,50.3,46.8,53.8,60.83,52.3,51.1,47.5
68026401,45.23,43.07,47.4,51.93,47.1,54.8,33.8
68026501,37.4,33.53,41.27,37.95,43.4,30.4,38.4
68026601,22,24.2,19.8,22.16,9.2,24.3,32.5
68026801,28.7,28.2,29.2,31.13,32.1,31.8,22.2
68026901,47.73,52.2,43.27,54.67,66,38.3,38.9
68027001,42.72,45.87,39.36,38.89,45.7,36,45.8
68027101,34.07,30.2,37.93,35.95,30.4,40.8,31
68027201,28.63,28.8,28.47,31.04,27.7,26.9,31.3
68027301,21.23,20,22.47,22.42,22.8,17.4,23.5
68027401,36.6,37.87,35.33,40.95,32,35.6,42.2
68027601,45,42.6,47.4,48.07,60.4,32.2,42.4
68027701,27.97,31.4,24.53,27.62,20.6,20.8,42.5
68027901,40.2,39.4,41,45.26,34.5,56.5,29.6
68028001,35.33,38.67,32,37.7,32.1,39.6,34.3
68028101,64.03,57.47,70.6,NA,61.6,66.3,64.2
68028201,42.03,41.13,42.93,44.95,40.5,39.9,45.7
68028301,31.93,34.33,29.53,34.75,28.2,29.5,38.1
68028701,35.77,37.13,34.4,37,34.1,28,45.2
68028901,32.07,31.73,32.4,33.81,43.9,26.3,26
68029001,34.63,33.73,35.53,37.27,39.1,34.6,30.2
68029101,51.1,57.4,44.8,52.27,48.6,52.5,52.2
68029201,50.03,50.73,49.33,60.33,48.4,39.6,62.1
68029401,46.23,48.93,43.53,51.94,38.2,47.2,53.3
68029501,30.17,27.4,32.93,31.24,33,25.2,32.3
68029601,44.87,42.27,47.47,47.37,54.3,55.2,25.1
68029701,48.83,44.6,53.07,53.08,26.3,56.3,63.9
68029801,34.63,31.93,37.33,37.27,36.8,40,27.1
68029901,41.2,39.6,42.8,45.05,27.1,49.8,46.7
68030001,44.93,44.73,45.13,49.29,46.1,47.6,41.1
68030101,38.73,36.27,41.2,40.57,35.8,36.6,43.8
68030201,31.5,27.87,35.13,32.64,32.7,24.5,37.3
68030301,50.53,58.73,42.33,61.87,50.7,52.1,48.8
68030401,35.93,34.53,37.33,38.64,38,36.4,33.4
68030501,38.67,36.13,41.2,43.5,49.4,33.2,33.4
68030601,29.93,30.27,29.6,32.57,32.3,25.2,32.3
68030701,49.97,51.73,48.2,58.62,49.8,63.7,36.4
68030801,45.43,43.8,47.07,51.19,42.6,50.5,43.2
68030901,36.63,36.73,36.53,41.33,31,34.5,44.4
68031001,39.8,38.53,41.07,45.35,35.2,53.1,31.1
68031101,34.03,33.67,34.4,37.57,36.3,34.4,31.4
68031201,27.77,27.53,28,28.48,25.5,28.5,29.3
68031301,43.87,42.93,44.8,50.59,43.2,39.3,49.1
68031401,39.2,36.13,42.27,39.06,47.6,29.1,40.9
68031501,38.48,35.21,41.53,43,33.89,35.9,45.2
68031601,23.37,24.6,22.13,24.44,23.3,26,20.8
68031701,40.87,38.93,42.8,43.44,53.1,38.3,31.2
68031801,9.97,9.93,10,10,4,9,16.9
68031901,40.4,45.07,35.73,43.65,40,35.6,45.6
68032001,39.57,38.67,40.47,42.63,36.2,40,42.5
68032101,36.4,36.47,36.33,40.91,41.5,34.1,33.6
68032201,48.13,45.67,50.6,56.69,33.7,55.3,55.4
68032301,40.27,44.2,36.33,43.68,43.2,40.3,37.3
68032401,34.3,35.67,32.93,37.55,34.4,27.3,41.2
68032501,35.1,37.13,33.07,38.18,23.5,39.7,42.1
68032601,39.13,37.13,41.13,42.86,42.6,29,45.8
68032701,21.57,22.27,20.87,22.17,17.5,22.5,24.7
68032801,52.23,55.13,49.33,62.08,58.9,55.3,42.5
68032901,33.9,35.67,32.13,36.95,30.2,28.8,42.7
68033001,42.03,42.2,41.87,47.06,44.6,45.3,36.2
68033101,46.9,43,50.8,55.75,58,44.2,38.5
68033201,18.5,19.47,17.53,18.46,16.4,16.3,22.8
68033301,41.9,44.6,39.2,47.94,44.6,38.9,42.2
68033401,60.24,60.87,59.57,66.86,60.33,51.8,68.6
68033501,22.4,24.53,20.27,23.54,12.3,29.7,25.2
68033601,45.23,45.73,44.73,51.67,49.1,49,37.6
68033701,51.07,46,56.13,56,60.2,46.1,46.9
68033801,46.33,45.73,46.93,51.94,46.8,54.1,38.1
68033901,35.2,36.93,33.47,38.85,34.5,35.3,35.8
68034001,23.27,24.07,22.47,21.04,15.7,22.7,31.4
68034101,15.9,15,16.8,16.36,11.9,16.3,19.5
68034201,27.13,26.27,28,27.96,15.9,34.4,31.1
68034301,31.63,32.67,30.6,33.91,23.3,38.8,32.8
68034401,42.23,38.07,46.4,43.16,32.1,56.3,38.3
68034801,36.27,37.07,35.47,37.48,29.3,30.1,49.4
68034901,35.4,36.2,34.6,37.32,30.3,46.9,29
68035001,42.77,44.27,41.27,47.24,36.7,54.5,37.1
68035101,23.53,23.47,23.6,24.52,15.1,23.8,31.7
68035301,39.14,42.29,36.2,41.95,41.56,28.6,47.5
68035501,31.23,28.47,34,28.7,37.1,32.7,23.9
68035601,10.97,10.93,11,11.25,9.8,9.6,13.5
68035701,26.13,25.07,27.2,27.39,25.3,21.7,31.4
68035801,41.33,41.4,41.27,44.44,52.1,44.4,27.5
68035901,36.03,33.93,38.13,39.86,28.9,39.3,39.9
68036101,47.77,50.53,45,48.31,66,43,34.3
68036201,47.07,50.73,43.4,49,54.4,49,37.8
68036301,29,28.53,29.47,30,12.2,26,48.8
68036501,39.63,36.87,42.4,42.47,42,29.3,47.6
68036601,34.7,33.6,35.8,35.76,45,27.9,31.2
68036701,40.33,41.07,39.6,43,28.7,42.9,49.4
68036801,35.83,39.87,31.8,39.76,39.5,32.4,35.6
68036901,19.67,19.67,19.67,20.62,19,19.8,20.2
68037001,41.33,39.87,42.8,46.76,47.7,40.2,36.1
68037101,46.9,50.93,42.87,52.93,44.5,56.2,40
68037301,29.8,31.27,28.33,28.92,42.4,25.3,21.7
68037401,30.9,33.87,27.93,30.57,30.6,30.3,31.8
68037501,42.17,43.2,41.13,49,43.4,42.8,40.3
68037601,34.43,37.33,31.53,35.14,33,33.3,37
68037701,21.27,23.33,19.2,22.16,25.5,23.2,15.1
68037801,27.27,26.53,28,28.25,31,26,24.8
68037901,32.53,31.4,33.67,35.21,33,29.3,35.3
68038001,41.27,44.87,37.67,46,47.2,39.4,37.2
68038101,35.63,33.13,38.13,39.86,42.3,31.5,33.1
68038201,25.5,25.07,25.93,25.29,17.2,21,38.3
68038301,37.4,40,34.8,41.25,38.4,39,34.8
68038401,24.6,22.4,26.8,26.04,24.9,22.6,26.3
68038501,64.03,54.33,73.73,NA,55.6,72.1,64.4
68038601,53.6,47.2,60,66.36,54.5,59,47.3
68038701,47.13,49.87,44.4,56.88,44.9,47.1,49.4
68038801,54.5,53.07,55.93,66.2,66.5,57.5,39.5
68038901,35.67,35.87,35.47,39.64,40.9,36.6,29.5
68039001,39.73,39.73,39.73,43.81,39.2,41.2,38.8
68039101,47.97,48.2,47.73,58.82,47.7,49.7,46.5
68039201,28.07,29.27,26.87,29.43,27.2,31.1,25.9
68039301,23.76,24.13,23.36,24.41,17.89,21.7,31.1
68039401,25.53,26.87,24.2,26.6,30,22.6,24
68039501,48.87,48.93,48.8,55.47,42.6,57.1,46.9
68039601,32.62,33.57,31.73,33.89,34.1,29.9,34
68039701,38.83,39.27,38.4,40,30.6,36.6,49.3
68039801,29.67,29.47,29.87,31.71,25.6,25.4,38
68039901,47.27,45.87,48.67,50.59,51.1,36.9,53.8
68040001,25.67,26.8,24.53,27.42,26,25.5,25.5
68040301,48.47,49.87,47.07,55.14,54.7,44.8,45.9
68040501,38.48,42,34.71,38.62,50.78,32.8,33.1
68040601,41.23,38,44.47,47.37,40.7,40.5,42.5
68040701,34.3,32.93,35.67,35.71,20.7,38.5,43.7
68040801,34.4,36.67,32.13,38.64,33,40.2,30
68040901,33.93,35.67,32.2,33.26,33.7,25.5,42.6
68041001,36.7,35.07,38.33,39.47,35.9,40.2,34
68041301,31.97,30.53,33.4,34.09,37.4,30.2,28.3
68041501,28.53,28.53,28.53,30.91,25.7,28.8,31.1
68041601,43.57,45.8,41.33,50.33,38.9,47.9,43.9
68041701,39.47,43.67,35.27,43,45.7,35,37.7
68041801,36.83,35.27,38.4,33.24,42.9,29.3,38.3
68041901,42.93,45.6,40.27,47.95,44.5,52,32.3
68042001,46.33,41.67,51,54.06,55.7,37.4,45.9
68042101,31.77,31.53,32,33.67,26.6,33.2,35.5
68042201,43.47,43.93,43,48.33,37,42.3,51.1
68042301,37.07,37.6,36.53,38.1,41.7,33.6,35.9
68042401,46.83,39.33,54.33,50.33,49.6,46.5,44.4
68042601,34.9,32.27,37.53,39.32,37.7,33.3,33.7
68042801,26.67,27.47,25.87,27.14,30,32.5,17.5
68042901,32.97,33,32.93,34.4,18.3,42.3,38.3
68043001,44.9,43.4,46.4,50.5,47.2,39.3,48.2
68043101,48.57,42.27,54.87,56.25,48.9,51.5,45.3
68043201,21.03,20.87,21.2,21.76,10.8,17.5,34.8
68043401,35.4,33.8,37,37.68,28.8,33.3,44.1
68043601,23.33,23.33,23.33,24.38,17.4,27.1,25.5
68043701,22.77,24.27,21.27,24.04,23.5,23.2,21.6
68043901,22.13,23.4,20.87,23.46,20.1,21.3,25
68044001,36,35.4,36.6,38.5,30.1,24.1,53.8
68044101,46.17,50.53,41.8,55,52,47,39.5
68044201,36.33,38.07,34.6,38.1,31.8,39.3,37.9
68044301,25.53,25.47,25.6,27.04,24.8,22,29.8
68044401,48.3,53.27,43.33,58.44,50.8,51.8,42.3
68044501,47.8,46.73,48.87,58.33,49.6,47.7,46.1
68044601,28.4,28.47,28.33,29.57,33.7,24,27.5
68044801,40.9,43.47,38.33,46.5,24.9,45,52.8
68044901,26.7,27.13,26.27,27.62,38.2,20.6,21.3
68045001,41.83,42,41.67,43.78,47.2,40.2,38.1
68045101,25.47,25.6,25.33,27.08,24.5,27.1,24.8
68045201,47.9,44.87,50.93,57.53,48.2,49.8,45.7
68045301,28.53,28.2,28.87,30.88,27.1,25.6,32.9
68045401,34.37,34.6,34.13,38.1,39.3,27.5,36.3
68045501,26.37,25.27,27.47,27.54,22.7,25.4,31
68045701,35.27,38.2,32.33,37,30.4,33.1,42.3
68045801,38.2,36.27,40.13,42.86,40.5,38.1,36
68045901,45.03,48.4,41.67,53.05,42.3,37.4,55.4
68046001,49.7,52.47,46.93,50.24,18.6,63.3,67.2
68046101,40.7,43.2,38.2,42,45.2,39.2,37.7
68046201,48.93,53.27,44.6,58.41,49.8,54.8,42.2
68046301,41.9,44.6,39.2,39.93,55.2,27.7,42.8
68046401,18.97,17.87,20.07,17.92,6.7,11.9,38.3
68046501,52.93,49.73,56.13,62.31,47.5,54.3,57
68046601,41.9,41.87,41.93,47.11,52,39.3,34.4
68046701,35.47,34.93,36,36.84,47.3,32.2,26.9
68046901,10.47,10.67,10.27,10.71,10.6,11.8,9
68047001,41.1,40.87,41.33,45.88,44.8,43.8,34.7
68047101,43.87,44.2,43.53,46.76,47.5,48.3,35.8
68047201,50.17,49.4,50.93,60,56,45.4,49.1
68047301,24.63,24.87,24.4,25.5,24.3,34.5,15.1
68047401,48.83,41.87,55.8,57.47,57.7,42.8,46
68047501,52.93,56.53,49.33,59.08,61,52.6,45.2
68047601,40.6,40.8,40.4,45.72,52.8,32.2,36.8
68047701,32.27,32.4,32.13,33.59,15.8,40.2,40.8
68047901,47.77,45.2,50.33,56.88,46.3,50.4,46.6
68048001,31.1,32.07,30.13,32.61,22.8,33.8,36.7
68048101,43.53,42.93,44.13,47.22,47.1,44.1,39.4
68048201,33.13,32.47,33.8,35.45,30.3,28.4,40.7
68048301,27.7,27.47,27.93,29.88,23.6,26.1,33.4
68048401,41.6,41.33,41.87,44.12,53.5,36.7,34.6
68048501,23.37,23.8,22.93,24.44,16.1,26.9,27.1
68048601,46.47,50.13,42.8,56,41.5,49.7,48.2
68048701,45.9,51.07,40.73,54.72,52.9,45.2,39.6
68048801,41.77,40.47,43.07,45.88,55.5,38.9,30.9
68049001,32.93,31.93,33.93,34.09,21.8,35,42
68049101,35.66,36.71,34.67,37.71,36.3,31.33,38.9
68049201,44.93,44,45.87,50,63.2,39.3,32.3
68049301,47.63,53.53,41.73,51.47,48.2,40.8,53.9
68049401,42.2,42.2,42.2,48.39,51.2,42.3,33.1
68049501,28.67,28.93,28.4,29.95,30.6,27.3,28.1
68049701,25.67,25.13,26.2,26.09,15.5,31.3,30.2
68049801,42.33,39.8,44.87,46.78,42.3,36.1,48.6
68049901,32.47,30.27,34.67,35.43,41,34.7,21.7
68050001,32.37,33.13,31.6,34.5,24.2,35.7,37.2
68050101,53.1,60.6,45.6,66.67,60.1,57.4,41.8
68050201,25.67,26.13,25.2,26.35,11.9,31.6,33.5
68050301,33.7,34.53,32.87,37.68,33.7,33.5,33.9
68050401,29.8,27.47,32.13,31.57,32.5,26,30.9
68050501,47.83,41.87,53.8,52.94,34.9,41.9,66.7
68050601,40.03,40.8,39.27,45.05,38.1,39.1,42.9
68050701,22.5,22.47,22.53,23.17,18.1,19.4,30
68050801,35.5,37,34,40.14,37.5,37.4,31.6
68050901,38.59,37.2,40.07,41.29,50.5,32.8,31.78
68051101,27.13,26.2,28.07,29.04,20.8,29.6,31
68051301,25.23,26.8,23.67,26,33.6,20,22.1
68051401,53,57.6,48.4,66.15,61.2,50.6,47.2
