"partid","location","rt_decision","H","R","R_sh1","R_sh2"
64000401,"Basel",9780.875,0.25,0.75,0.75,0.75
64004701,"Basel",17189.125,0.625,0.625,0.5,0.75
64006401,"Basel",7961.25,0.25,0.5,0.5,0.5
64006901,"Basel",10625.625,0.5,0.25,0,0.5
64007901,"Basel",12778.875,0.25,0.75,0.75,0.75
64008701,"Basel",16847.625,0.5,0.75,0.75,0.75
64011501,"Basel",12801.125,0.5,0.25,0.5,0
64015601,"Basel",7981.875,0.375,0.625,0.5,0.75
64016901,"Basel",8731.5,0.25,0.75,0.75,0.75
64018301,"Basel",10335.875,0.375,0.125,0,0.25
64020401,"Basel",13398.625,0.125,0.375,0.5,0.25
64020501,"Basel",11982.25,0.5,0.25,0.25,0.25
64021901,"Basel",7991.125,0.125,0.625,0.25,1
64022901,"Basel",4858.375,0.375,0.625,1,0.25
64025601,"Basel",8360.25,0.25,0.5,0.5,0.5
64026901,"Basel",5853.5,0.625,0.625,0.5,0.75
64027801,"Basel",9260,0.25,0.5,0.25,0.75
64029901,"Basel",7058.125,0.25,0.5,0.5,0.5
64031301,"Basel",13536.25,0.25,0.25,0.5,0
64034901,"Basel",8118.125,0.25,0.5,0.25,0.75
64036201,"Basel",6155,0.625,0.625,0.75,0.5
64036701,"Basel",4083.125,0,0.5,0.5,0.5
64037701,"Basel",13088.125,0.25,0.5,0.75,0.25
64039601,"Basel",16217.625,0.75,0.5,0.5,0.5
64042701,"Basel",6809.75,0.5,0.5,0.5,0.5
64046301,"Basel",9111,0.375,0.375,0.5,0.25
64047801,"Basel",9508.75,0.375,0.375,0.25,0.5
64049601,"Basel",14458.625,0.875,0.375,0.25,0.5
64049701,"Basel",7460.5,0.125,0.375,0.75,0
64051301,"Basel",6163.625,0.5,0.5,0.5,0.5
64051501,"Basel",7838.75,0.125,0.375,0.5,0.25
64052901,"Basel",8206.75,0.375,0.375,0.5,0.25
64053701,"Basel",12748.375,0.5,0.5,0.25,0.75
64055001,"Basel",6712.375,0.25,0.25,0.5,0
64056701,"Basel",10072.125,0.125,0.625,0.25,1
64057101,"Basel",8408,0.375,0.375,0.25,0.5
64057201,"Basel",22513.75,0.75,0.5,0.5,0.5
64057901,"Basel",11611.25,0.25,0.25,0.5,0
64058101,"Basel",6936.75,0.375,0.125,0.25,0
64058701,"Basel",10570.75,0.125,0.375,0,0.75
64059001,"Basel",9640.125,0.5,0.5,0.25,0.75
64060701,"Basel",7781.75,0.625,0.625,1,0.25
64061701,"Basel",11451.25,0.125,0.375,0.25,0.5
64061901,"Basel",12312.375,0.5,0,0,0
64063501,"Basel",10111.375,0.375,0.625,1,0.25
64063601,"Basel",5302.375,0.25,0.25,0.5,0
64066601,"Basel",7977.5,0.375,0.125,0.25,0
64067701,"Basel",10832.75,0.625,0.125,0,0.25
64068201,"Basel",5577.125,0.375,0.125,0.25,0
64069001,"Basel",11901.875,0.375,0.375,0.5,0.25
64069401,"Basel",12643,0.5,0.75,0.5,1
64069501,"Basel",7600.625,0.75,0.5,0.75,0.25
64069601,"Basel",14988.875,0.5,0.25,0.25,0.25
64070201,"Basel",14160,0.5,0.25,0,0.5
64070601,"Basel",9006.75,0.625,0.375,0.5,0.25
64071401,"Basel",13916.75,0.5,0.5,0.5,0.5
64072601,"Basel",11049.5,0.75,0.75,0.5,1
64072701,"Basel",7184.125,0.5,0.75,0.5,1
64072901,"Basel",6829.75,0.375,0.625,0.75,0.5
64073001,"Basel",7056.25,0.125,0.625,0.5,0.75
64073201,"Basel",11587.75,0.25,0.5,0.25,0.75
64073501,"Basel",7928.125,0.375,0.125,0,0.25
64075601,"Basel",5589.25,0.5,0.5,0.5,0.5
64075801,"Basel",16072.625,0.75,0.25,0,0.5
64076301,"Basel",5706.375,0.5,0.75,0.75,0.75
64079401,"Basel",25604.75,0.5,0.25,0.25,0.25
64079601,"Basel",12580.625,0.25,0.25,0.25,0.25
64079801,"Basel",4902.75,0.5,0.5,0.5,0.5
64080101,"Basel",8222.75,0.375,0.625,0.5,0.75
64081701,"Basel",17380.125,1,0.5,0.75,0.25
64082001,"Basel",7442.875,0.5,0.5,0.5,0.5
64082301,"Basel",13789.75,0.5,0.5,0.5,0.5
64083001,"Basel",9112.125,0.125,0.625,0.5,0.75
64083901,"Basel",5826.875,0.375,0.625,0.75,0.5
64084601,"Basel",21351.75,1,0.5,0.25,0.75
64085501,"Basel",5269.25,0.625,0.125,0.25,0
64086301,"Basel",14510.125,0.25,0.25,0,0.5
64088601,"Basel",5685.375,0.5,0.25,0,0.5
64089401,"Basel",6290.5,0.25,0.75,0.5,1
64089701,"Basel",5590.375,0.25,0.25,0.25,0.25
64090101,"Basel",8507.75,0.25,0.5,0.25,0.75
64090301,"Basel",12886.75,0.625,0.625,0.5,0.75
64090901,"Basel",8475.25,0.625,0.375,0.25,0.5
64092901,"Basel",6024.625,0.625,0.375,0.25,0.5
64093501,"Basel",5377.875,0.375,0.625,0.75,0.5
64094201,"Basel",12567.5,0.25,0.75,0.5,1
64096601,"Basel",5557.75,0,0.5,0.25,0.75
64098201,"Basel",7279.75,0.375,0.375,0.5,0.25
64099201,"Basel",8440.5,0.5,0.25,0.25,0.25
64100101,"Basel",10351.25,0.625,0.375,0.25,0.5
64100701,"Basel",7553.25,0.25,0.25,0,0.5
64100901,"Basel",8369.75,0.25,0.25,0,0.5
64101101,"Basel",6412.25,0.5,0.75,0.75,0.75
64102101,"Basel",10841.625,0.5,0.5,0.5,0.5
64102401,"Basel",6744,0.625,0.125,0.25,0
64102801,"Basel",12475.25,0.25,0.25,0.25,0.25
64103301,"Basel",6654.5,0.625,0.375,0.5,0.25
64103801,"Basel",9296.75,0.125,0.375,0.5,0.25
64104501,"Basel",14411.625,0.25,0.75,0.75,0.75
64104601,"Basel",9294,0.375,0.375,0.5,0.25
64105101,"Basel",6419.25,0.25,0.75,0.75,0.75
64109601,"Basel",9008.375,0.375,0.125,0.25,0
64110701,"Basel",10344,0.5,0.5,0.5,0.5
64111001,"Basel",5775.5,0.75,0.25,0,0.5
64111201,"Basel",6893.625,0.25,0.5,0.5,0.5
64112901,"Basel",9264.625,0.875,0.625,0.75,0.5
64113001,"Basel",13512.375,0.5,1,1,1
64114801,"Basel",10333,0.5,0.5,0.25,0.75
64115101,"Basel",8710.125,0.625,0.625,0.5,0.75
64115601,"Basel",5987,0.375,0.375,0.5,0.25
64116101,"Basel",5114.25,0.125,0.375,0.5,0.25
64116201,"Basel",12890.875,0.75,0.5,0.25,0.75
64116301,"Basel",8067,0.5,0.5,0.5,0.5
64116901,"Basel",9689.625,0.5,0.5,0.25,0.75
64117601,"Basel",15814.75,0.25,0.25,0,0.5
64118001,"Basel",12063.75,0.75,0.5,0.5,0.5
64118401,"Basel",9516.625,0.625,0.625,0.75,0.5
64118601,"Basel",8658.375,0.625,0.125,0,0.25
64120001,"Basel",2706,0.5,0.5,0.25,0.75
64120201,"Basel",6629.25,0.5,0.5,0.75,0.25
64120701,"Basel",11988.25,0.125,0.375,0.5,0.25
64121001,"Basel",29646.375,1,0.5,0.5,0.5
64121601,"Basel",8105,0.125,0.375,0.25,0.5
64122901,"Basel",7641.375,0.25,0.5,0.5,0.5
64124501,"Basel",8120.75,0.625,0.375,0.25,0.5
64125001,"Basel",4775.75,0.25,0.5,0.5,0.5
64125601,"Basel",12991.75,0.25,0.5,0.5,0.5
64126601,"Basel",11497.375,0.625,0.375,0.5,0.25
64126701,"Basel",6857.75,0.125,0.625,0.25,1
64127001,"Basel",7151.75,0.5,0.25,0.25,0.25
64127201,"Basel",9637.125,0.875,0.625,0.5,0.75
64127301,"Basel",8738.375,0.625,0.625,0.75,0.5
64129001,"Basel",10328.5,0.375,0.625,0.5,0.75
64129201,"Basel",11506.375,0.25,0.75,0.75,0.75
64129701,"Basel",10385.25,0.625,0.375,0.5,0.25
64130101,"Basel",8043.125,0.5,0.75,0.75,0.75
64130201,"Basel",9049,0.625,0.375,0,0.75
64130901,"Basel",6598,0.75,0.5,0.25,0.75
64131001,"Basel",6698.25,0.5,0.25,0.5,0
64131501,"Basel",8832.5,0.25,0.5,0.5,0.5
64134301,"Basel",29412.625,0.25,0.75,0.75,0.75
64134801,"Basel",5471.625,0.5,0.5,0.5,0.5
64135001,"Basel",9351.25,1,0.5,0.75,0.25
64136701,"Basel",10462.625,0.625,0.625,0.5,0.75
64136801,"Basel",8055.125,0.5,0.25,0.25,0.25
64137401,"Basel",6426.875,0.75,0.5,0.25,0.75
64138101,"Basel",11431.875,0.5,0.5,0.25,0.75
64138301,"Basel",17851.875,0.375,0.375,0.25,0.5
64139201,"Basel",8801.5,0.375,0.375,0.5,0.25
64139301,"Basel",9154.75,0.875,0.375,0.25,0.5
64139401,"Basel",6927.5,0.125,0.375,0.5,0.25
64141301,"Basel",10417.125,0.375,0.125,0.25,0
64141701,"Basel",7104,0.375,0.375,0.25,0.5
64142601,"Basel",12216.25,0.125,0.375,0.25,0.5
64143401,"Basel",7397.75,0.125,0.625,0.5,0.75
64144101,"Basel",11569.125,0.375,0.625,0.5,0.75
64144501,"Basel",6386.5,0.25,0.5,0.5,0.5
64144601,"Basel",10582.25,0,0.5,0.5,0.5
64146301,"Basel",7473.375,0.75,0.25,0.5,0
64146901,"Basel",10969.5,0.625,0.375,0.25,0.5
64148301,"Basel",7837.125,0.375,0.625,0.75,0.5
64148601,"Basel",9365.625,0.375,0.375,0.25,0.5
64148801,"Basel",9862.875,0.375,0.625,0.5,0.75
64149401,"Basel",6232.375,0.25,0.5,0.25,0.75
64149901,"Basel",7699.375,0.375,0.375,0.5,0.25
64150101,"Basel",13037.875,0.125,0.625,0.75,0.5
64150401,"Basel",21841.125,0.5,0.75,0.75,0.75
64151401,"Basel",10448.25,0.625,0.375,0.5,0.25
64152701,"Basel",10758.75,0.375,0.375,0.5,0.25
64153601,"Basel",11294.5,0,0.5,0.75,0.25
64153801,"Basel",8559,0.25,0.5,1,0
64154201,"Basel",15585.25,0.125,0.375,0.5,0.25
64154401,"Basel",6018.25,0.5,0.25,0,0.5
64154501,"Basel",3077.375,0.375,0.625,0.5,0.75
64154901,"Basel",7194.5,0.875,0.375,0.25,0.5
64155101,"Basel",5452.125,0.75,0.5,0.25,0.75
64155301,"Basel",11444.875,0.5,0.5,0.5,0.5
64156501,"Basel",4055.75,0.25,0.75,1,0.5
64156901,"Basel",5843,0,0.5,0.5,0.5
64157801,"Basel",8091.125,0,0.5,0.25,0.75
64158001,"Basel",3990.625,0.875,0.375,0.25,0.5
64158201,"Basel",7835.75,0.625,0.375,0.25,0.5
64159301,"Basel",5111.375,0.5,0.75,1,0.5
64160101,"Basel",11794.875,0.375,0.125,0.25,0
64161401,"Basel",17690.5,0.5,0.75,0.75,0.75
64161601,"Basel",4649.25,0.5,0.25,0.25,0.25
64162001,"Basel",6211.375,0.25,0.75,1,0.5
64162701,"Basel",7401.125,0.5,0.5,0.25,0.75
64163801,"Basel",9491.875,0.5,0.5,0.75,0.25
64164801,"Basel",13448.75,0.625,0.625,0.5,0.75
64165001,"Basel",7494.75,0.25,0.5,0.25,0.75
64165601,"Basel",8934.5,0.25,0.5,0.5,0.5
64165701,"Basel",9092.125,0.5,0.5,0.5,0.5
64166501,"Basel",9235.125,0.5,0.5,0.5,0.5
64166701,"Basel",11653.75,0.5,0.5,0.25,0.75
64167601,"Basel",9482,1,0.5,0.5,0.5
64167801,"Basel",6295.5,0.125,0.625,0.25,1
64167901,"Basel",6950.125,0.5,1,1,1
64168101,"Basel",13124.25,0.75,0.5,0.5,0.5
64169101,"Basel",7086.625,0.375,0.375,0.5,0.25
64170001,"Basel",12813.375,0.5,0.25,0.25,0.25
64170601,"Basel",9429.125,0.25,0.5,0.5,0.5
64171101,"Basel",3314.25,0.75,0.75,0.5,1
64171601,"Basel",9616.5,0.625,0.375,0.25,0.5
64171801,"Basel",7098.25,0.375,0.125,0.25,0
64172901,"Basel",6305.875,0.25,0.5,0.75,0.25
64173401,"Basel",12956.875,0.875,0.625,0.75,0.5
64173601,"Basel",10289,0.25,0.5,0.25,0.75
64174501,"Basel",8824.75,0.25,0.5,0.5,0.5
64174801,"Basel",9121,0.5,0.5,0.5,0.5
64174901,"Basel",11944.25,0.125,0.375,0.25,0.5
64175001,"Basel",9070.375,0.375,0.875,0.75,1
64175101,"Basel",10361.375,0.375,0.625,1,0.25
64176001,"Basel",11600.75,0.625,0.625,0.5,0.75
64176201,"Basel",11533.875,0.25,0.5,0.75,0.25
64176401,"Basel",16470,0,0.5,0.75,0.25
64176501,"Basel",12592.5,0.25,0.25,0,0.5
64176601,"Basel",12418.375,0.375,0.625,0.5,0.75
64176801,"Basel",11682.375,0.125,0.625,1,0.25
64177901,"Basel",7583.875,0.125,0.625,0.75,0.5
64178801,"Basel",8055,0.25,0.75,0.75,0.75
64179101,"Basel",8852.125,0.25,0.75,0.75,0.75
64179301,"Basel",8510.25,0.375,0.375,0.5,0.25
64179701,"Basel",10123.75,1,0.5,0.5,0.5
64180001,"Basel",8352.875,0.25,0.5,0.75,0.25
64180601,"Basel",7076.875,0.125,0.625,0.5,0.75
64181101,"Basel",10401.875,0.625,0.625,0.75,0.5
64181301,"Basel",10276.625,0.625,0.375,0.25,0.5
64181801,"Basel",9706.5,0.625,0.125,0.25,0
64181901,"Basel",9504.5,0.25,0.75,0.75,0.75
64182001,"Basel",17374.375,0.875,0.375,0.5,0.25
64182201,"Basel",9063,0.25,0.5,0.75,0.25
64182301,"Basel",29543.5,0.875,0.375,0,0.75
64182501,"Basel",15131,0.375,0.375,0,0.75
64182701,"Basel",6903.375,0.625,0.375,0.25,0.5
64182801,"Basel",5344.75,0,0.5,1,0
64183001,"Basel",7665.125,0.5,0.5,0.5,0.5
64183101,"Basel",4552.375,0.375,0.375,0.5,0.25
64183201,"Basel",12611.375,0.125,0.625,0.75,0.5
64183301,"Basel",10215.75,0.5,0.5,0.5,0.5
64183501,"Basel",8938.375,0.375,0.375,0.25,0.5
64184101,"Basel",11678.25,0.5,0.25,0.25,0.25
64184701,"Basel",6085.625,0.75,0.25,0.25,0.25
64184901,"Basel",6915,0.625,0.875,0.75,1
64185101,"Basel",6680.125,0,0.5,0.75,0.25
64186001,"Basel",11438.25,0.75,0.5,0.75,0.25
64186401,"Basel",10391.75,0.625,0.125,0,0.25
64186801,"Basel",4074.5,0.25,0.25,0.25,0.25
64187001,"Basel",5513.5,0.375,0.875,0.75,1
64187101,"Basel",8818.625,0.25,0.5,0.25,0.75
64187301,"Basel",7767.125,0.5,0.75,0.75,0.75
64188401,"Basel",9069.125,0.375,0.625,0.5,0.75
64188901,"Basel",7045.125,0.25,0.5,0.75,0.25
64189101,"Basel",7685.875,0.5,0.5,0.5,0.5
64189201,"Basel",2868.625,0.5,0.5,0.75,0.25
64190101,"Basel",3817.375,0,0.5,0.25,0.75
64190201,"Basel",12832.5,0.25,0.25,0,0.5
64190401,"Basel",9111.75,0.25,0.5,0.5,0.5
64190501,"Basel",8445.25,0.375,0.375,0.25,0.5
64191901,"Basel",7331.75,0.25,0.5,0.75,0.25
64192101,"Basel",28599.25,0.375,0.625,0.5,0.75
64192801,"Basel",10667,0.125,0.625,0.5,0.75
64193501,"Basel",13030,0.375,0.375,0.25,0.5
64193601,"Basel",5943.75,0.375,0.125,0,0.25
64194201,"Basel",19376.75,0.125,0.625,0.5,0.75
64194501,"Basel",7965.625,0.375,0.625,0.5,0.75
64194701,"Basel",8756,0.625,0.375,0.5,0.25
64195101,"Basel",10511.75,0.5,0.75,0.75,0.75
64195201,"Basel",8142,0.5,0.25,0.5,0
64195501,"Basel",9203.25,0.5,0.75,1,0.5
64195601,"Basel",14952.875,0.375,0.625,0.25,1
64196601,"Basel",10261.625,0.625,0.375,0.5,0.25
64196701,"Basel",7107.5,0.75,0.5,0.5,0.5
64197801,"Basel",12532,0.875,0.625,0.5,0.75
64198101,"Basel",18699.625,0.625,0.375,0.25,0.5
64198701,"Basel",7938.625,0.25,0.5,0.75,0.25
64199201,"Basel",12430.625,0.375,0.375,0.5,0.25
64199301,"Basel",11102.375,0.375,0.625,0.75,0.5
64199601,"Basel",7386.125,0.375,0.625,0.75,0.5
64200501,"Basel",2014.875,0.375,0.625,0.75,0.5
64200601,"Basel",14094.625,0.25,0.25,0.5,0
64200901,"Basel",11307.625,0.375,0.625,0.75,0.5
64202001,"Basel",12456.5,0.375,0.375,0.25,0.5
64202201,"Basel",11694,0,0.5,0.25,0.75
64202501,"Basel",8415,0.25,0.5,0.5,0.5
64202601,"Basel",12083.75,0.375,0.125,0,0.25
64202701,"Basel",12232.875,0.25,0.5,0.5,0.5
64202901,"Basel",10202.875,0.5,0.75,0.75,0.75
64204201,"Basel",11931,0.5,0.75,0.75,0.75
64204501,"Basel",7271.875,0.25,0.5,0.75,0.25
64204601,"Basel",9214,0.625,0.375,0.25,0.5
64204701,"Basel",10950.875,0.25,0.75,0.5,1
64205801,"Basel",10723.25,0.125,0.375,0.5,0.25
64205901,"Basel",6039.375,0.125,0.625,0.5,0.75
64206701,"Basel",8611.125,0.375,0.625,0.75,0.5
64207301,"Basel",9105.625,0.125,0.375,0.25,0.5
64207801,"Basel",8133,0.375,0.625,0.75,0.5
64207901,"Basel",13163.625,0.375,0.625,0.5,0.75
64209301,"Basel",18510.75,0.875,0.625,0.5,0.75
64211001,"Basel",9252,0.375,0.375,0.75,0
64212701,"Basel",9246.125,0.625,0.375,0.25,0.5
65000201,"Berlin",9738.625,0.625,0.375,0.25,0.5
65000301,"Berlin",10543.125,0.5,0.75,0.75,0.75
65000501,"Berlin",7294.875,0.375,0.625,0.75,0.5
65000601,"Berlin",14080,0.75,0.5,0.5,0.5
65000701,"Berlin",10935.75,0.375,0.625,0.75,0.5
65000801,"Berlin",12238.5,0.875,0.625,0.75,0.5
65000901,"Berlin",14026.5,0.375,0.625,0.75,0.5
65001001,"Berlin",5172.25,0.5,0.25,0,0.5
65001101,"Berlin",7966.125,0.25,0.75,0.75,0.75
65001201,"Berlin",10445,0.375,0.375,0.5,0.25
65001301,"Berlin",13515.875,0.125,0.375,0.5,0.25
65001401,"Berlin",3960.125,0.375,0.375,0.5,0.25
65001501,"Berlin",29212,0.625,0.125,0.25,0
65001601,"Berlin",5465.75,0,0.5,0.75,0.25
65001701,"Berlin",9009.375,0.5,0.75,0.5,1
65001801,"Berlin",6457.875,0.125,0.375,0.25,0.5
65001901,"Berlin",8624.75,0.625,0.125,0.25,0
65002001,"Berlin",11977.25,0.375,0.625,0.25,1
65002101,"Berlin",5966.25,0.5,0.75,0.75,0.75
65002201,"Berlin",5834.75,0.125,0.625,0.5,0.75
65002301,"Berlin",5389.875,0.125,0.625,0.5,0.75
65002401,"Berlin",8342,0.375,0.875,1,0.75
65002501,"Berlin",10571.125,0.25,0.5,0.75,0.25
65002601,"Berlin",4205,0.75,0.75,0.75,0.75
65002701,"Berlin",6114.25,0.375,0.125,0.25,0
65002801,"Berlin",8253.75,0.125,0.375,0.5,0.25
65002901,"Berlin",11891.375,0.625,0.625,0.5,0.75
65003001,"Berlin",9872.5,0.375,0.125,0.25,0
65003101,"Berlin",10193,0.375,0.625,1,0.25
65003201,"Berlin",8096.25,0.375,0.375,0.5,0.25
65003301,"Berlin",10594.75,0.5,0.5,0.5,0.5
65003401,"Berlin",5638.5,0.25,0.5,0.5,0.5
65003501,"Berlin",9699.5,0.5,0.25,0.25,0.25
65003601,"Berlin",12066.75,0.25,0.5,0.75,0.25
65003701,"Berlin",9110.75,0.25,0.25,0.25,0.25
65003801,"Berlin",10896.5,0.375,0.625,0.5,0.75
65003901,"Berlin",11128.875,0.625,0.375,0,0.75
65004001,"Berlin",6734,0.625,0.375,0.5,0.25
65004101,"Berlin",5487.25,0.5,1,1,1
65004201,"Berlin",7837.75,0.125,0.375,0.25,0.5
65004301,"Berlin",5615,0.125,0.375,0.5,0.25
65004401,"Berlin",8410.125,0.25,0.25,0.5,0
65004501,"Berlin",5371.25,0.75,0.5,0.25,0.75
65004601,"Berlin",5270,0.25,0.25,0.5,0
65004701,"Berlin",18581.75,0.5,0.25,0.5,0
65004801,"Berlin",22743.875,0.5,0.75,1,0.5
65004901,"Berlin",8319.75,0.5,0.75,0.5,1
65005001,"Berlin",6450.5,0.25,0.25,0.25,0.25
65005101,"Berlin",11083.5,0.25,0.25,0.25,0.25
65005201,"Berlin",13202.5,0.125,0.375,0.5,0.25
65005301,"Berlin",6460.125,0.625,0.625,1,0.25
65005401,"Berlin",8504.25,0.5,0.5,0.5,0.5
65005501,"Berlin",15477.25,0.25,0.75,0.5,1
65005601,"Berlin",26792.75,0.625,0.375,0.25,0.5
65005701,"Berlin",7049.375,0.375,0.625,0.5,0.75
65005801,"Berlin",6458.375,0.125,0.375,0,0.75
65005901,"Berlin",9522.25,0.625,0.375,0.25,0.5
65006001,"Berlin",5004.125,0.375,0.375,0.5,0.25
65006101,"Berlin",8928.625,0.5,0.5,0.75,0.25
65006201,"Berlin",8462.75,0.375,0.375,0.25,0.5
65006301,"Berlin",8841.25,0.625,0.625,0.5,0.75
65006401,"Berlin",11592.5,0.625,0.375,0.5,0.25
65006501,"Berlin",11306.375,0.5,0.25,0.25,0.25
65006601,"Berlin",4693.25,0.375,0.125,0,0.25
65006701,"Berlin",6430.25,0.375,0.625,0.5,0.75
65006801,"Berlin",6986,0.375,0.625,0.75,0.5
65006901,"Berlin",8986.125,0.375,0.375,0.5,0.25
65007001,"Berlin",9754.875,0.375,0.375,0.25,0.5
65007101,"Berlin",16201.875,0.375,0.125,0.25,0
65007201,"Berlin",8653.375,0.75,0.5,0.25,0.75
65007301,"Berlin",8755.75,0.625,0.625,0.75,0.5
65007401,"Berlin",7132,0.375,0.625,0.75,0.5
65007501,"Berlin",7228.875,0.5,0.25,0,0.5
65007601,"Berlin",10665.25,0.625,0.375,0.25,0.5
65007701,"Berlin",4572.375,0.625,0.375,0.25,0.5
65007801,"Berlin",11098.125,0.25,0.5,0.75,0.25
65007901,"Berlin",9406.25,0.25,0.5,0.25,0.75
65008001,"Berlin",9580.125,0.375,0.625,0.75,0.5
65008101,"Berlin",12407.25,0.5,0.5,0.75,0.25
65008201,"Berlin",15796.875,0.5,0,0,0
65008301,"Berlin",7665.875,0.625,0.875,0.75,1
65008401,"Berlin",6320.125,0.25,0.5,0.75,0.25
65008501,"Berlin",6985.375,0.125,0.625,0.5,0.75
65008601,"Berlin",9677.5,0.625,0.875,0.75,1
65008701,"Berlin",5956,0.125,0.625,0.5,0.75
65008901,"Berlin",7872,0.625,0.375,0.5,0.25
65009001,"Berlin",7976.75,0.375,0.625,0.75,0.5
65009101,"Berlin",11877.125,0.25,0.5,0.25,0.75
65009201,"Berlin",5534.375,0.5,0.5,0.75,0.25
65009301,"Berlin",6505,0.75,0.5,0.25,0.75
65009401,"Berlin",7679.625,0.125,0.375,0.5,0.25
65009501,"Berlin",13050.125,0.375,0.375,0.5,0.25
65009601,"Berlin",7806,0.375,0.625,0.75,0.5
65009701,"Berlin",15146.625,0.875,0.625,0.5,0.75
65009801,"Berlin",7850.75,0.5,0.75,1,0.5
65009901,"Berlin",10979.5,0.875,0.375,0.5,0.25
65010001,"Berlin",3466.375,0.125,0.625,0.5,0.75
65010101,"Berlin",7657.125,0.375,0.625,0.75,0.5
65010201,"Berlin",9649.875,0.5,0.25,0,0.5
65010301,"Berlin",10294.375,0.5,0.25,0.5,0
65010401,"Berlin",21182.125,0.375,0.625,0.75,0.5
65010601,"Berlin",9966.875,0.25,0.5,0.75,0.25
65011001,"Berlin",11773.125,0.75,0.5,0.5,0.5
65011101,"Berlin",18481,0.625,0.625,0.75,0.5
65011201,"Berlin",5690,0.5,0.75,0.75,0.75
65011301,"Berlin",19929.75,0.75,0.75,1,0.5
65011401,"Berlin",9402.375,0.25,0.25,0.25,0.25
65011501,"Berlin",21918.375,0.875,0.375,0.75,0
65011601,"Berlin",6808.5,0.25,0.25,0.5,0
65011701,"Berlin",8752.625,0.25,0.5,0.25,0.75
65011801,"Berlin",9652.75,0.625,0.625,0.75,0.5
65011901,"Berlin",5509.125,0.875,0.375,0.25,0.5
65012001,"Berlin",6565.375,0.25,0.5,0.5,0.5
65012101,"Berlin",8597.25,0.375,0.375,0.5,0.25
65012201,"Berlin",10211,0.375,0.625,0.5,0.75
65012301,"Berlin",18394.25,0.5,0.25,0.25,0.25
65012401,"Berlin",4537.875,0.25,0.5,0.5,0.5
65012501,"Berlin",6984.75,0.375,0.625,0.5,0.75
65012601,"Berlin",9142.375,0.25,0.5,0.5,0.5
65012701,"Berlin",7576.25,0.375,0.375,0.75,0
65012801,"Berlin",10950,0.5,0.25,0,0.5
65012901,"Berlin",8853.25,0.375,0.875,0.75,1
65013001,"Berlin",6273,0.5,0.25,0,0.5
65013101,"Berlin",9227.875,0.5,1,1,1
65013201,"Berlin",5663.625,0.25,0.5,0,1
65013301,"Berlin",8053.875,0,0.5,0.5,0.5
65013401,"Berlin",9440.875,0,0.5,0.5,0.5
65013501,"Berlin",7020.25,0,0.5,0.25,0.75
65013601,"Berlin",13203,0.75,0.5,0.75,0.25
65013701,"Berlin",6353,0.5,0.75,0.75,0.75
65013801,"Berlin",9565.125,0.25,0.25,0.5,0
65013901,"Berlin",10917.125,0.25,0.25,0.5,0
65014001,"Berlin",7818.875,0.5,0.25,0.25,0.25
65014101,"Berlin",6284.125,0.375,0.625,0.5,0.75
65014201,"Berlin",8377.625,0.375,0.625,0.5,0.75
65014401,"Berlin",7973.625,0.25,0.5,0.75,0.25
65014501,"Berlin",4281.75,0.625,0.375,0.5,0.25
65014601,"Berlin",10300.875,0.375,0.625,0.75,0.5
65014701,"Berlin",14021.875,0.75,0.75,0.75,0.75
65014801,"Berlin",10434.375,0.125,0.625,0.5,0.75
65014901,"Berlin",7289.375,0.375,0.375,0.5,0.25
65015401,"Berlin",9756,0.25,0.5,0.5,0.5
65015501,"Berlin",5455.625,0.125,0.375,0.25,0.5
65015601,"Berlin",11277.625,0.25,0.5,0.5,0.5
65015801,"Berlin",7524.5,0.5,0.5,0.5,0.5
65015901,"Berlin",9873.75,0.25,0.5,0.5,0.5
65016001,"Berlin",6217.25,0.375,0.375,0.25,0.5
65016101,"Berlin",7329.75,0.125,0.375,0.75,0
65016201,"Berlin",13678.625,0.375,0.875,0.75,1
65016301,"Berlin",8272,0.625,0.375,0.25,0.5
65016401,"Berlin",5308.25,0.625,0.375,0.5,0.25
65016501,"Berlin",9485.75,0.375,0.875,0.75,1
65016601,"Berlin",11364.625,0.75,0.25,0.25,0.25
65016701,"Berlin",20251.75,1,0.5,0.25,0.75
65016801,"Berlin",11170,0.75,0.5,0.75,0.25
65016901,"Berlin",14269.625,0,0.5,0.5,0.5
65017001,"Berlin",13614.5,1,0.5,0.25,0.75
65017101,"Berlin",9216.875,0.875,0.375,0.25,0.5
65017201,"Berlin",16204.375,0.375,0.125,0.25,0
65017301,"Berlin",8991,0.75,0.75,0.5,1
65017401,"Berlin",6216.25,0.5,0.25,0.25,0.25
65017501,"Berlin",11257,0.625,0.625,0.5,0.75
65017601,"Berlin",16297.5,0,0.5,0.25,0.75
65017701,"Berlin",9669.5,0.5,0.75,0.75,0.75
65017801,"Berlin",9060.875,0.625,0.375,0.5,0.25
65017901,"Berlin",8889.875,0.25,0.5,0.25,0.75
65018001,"Berlin",6741.125,0.25,0.5,0.25,0.75
65018101,"Berlin",11843.875,0.375,0.375,0.5,0.25
65018201,"Berlin",11308.875,0.625,0.375,0.25,0.5
65018301,"Berlin",6536.375,0.25,0.5,0,1
65018401,"Berlin",4780.5,0.5,0.5,0.5,0.5
65018501,"Berlin",7860,0.5,0.75,1,0.5
65018601,"Berlin",4492.875,1,0.5,1,0
65018701,"Berlin",6504.375,0.5,0.5,0.5,0.5
65018801,"Berlin",11295.875,0.25,0.75,1,0.5
65018901,"Berlin",13576.125,1,0.5,0.5,0.5
65019001,"Berlin",6421.25,0.375,0.375,0.5,0.25
65019101,"Berlin",11443.25,0.5,1,1,1
65019201,"Berlin",6534,0.25,0.75,1,0.5
65019301,"Berlin",16992.5,0.75,0.5,0.25,0.75
65019401,"Berlin",18218,0.5,0.5,0.5,0.5
65019501,"Berlin",17059.375,1,0.5,0.5,0.5
65019601,"Berlin",6747.25,0.75,0.25,0.25,0.25
65019701,"Berlin",10812.25,0.375,0.375,0.25,0.5
65019801,"Berlin",12567.25,0.625,0.625,0.75,0.5
65019901,"Berlin",7011.125,0.375,0.625,0.75,0.5
65020001,"Berlin",5386.75,0.125,0.375,0.5,0.25
65020101,"Berlin",10187.25,0.625,0.375,0.75,0
65020201,"Berlin",12179.875,0.25,0.5,0.25,0.75
65020301,"Berlin",34368.875,0.25,0.25,0.25,0.25
65020401,"Berlin",10920.375,0.375,0.375,0,0.75
65020501,"Berlin",14139.25,0.5,0.5,0.75,0.25
65020601,"Berlin",9877.625,0.5,0.5,0.5,0.5
65020701,"Berlin",9435.25,0.25,0.25,0.5,0
65020801,"Berlin",12859.25,0.125,0.625,0.5,0.75
65020901,"Berlin",6610.25,0.375,0.625,0.5,0.75
65021001,"Berlin",9738.25,0.75,0.75,0.5,1
65021101,"Berlin",5515.75,0.25,0.5,0.5,0.5
65021201,"Berlin",10089.75,0.625,0.375,0.25,0.5
65021301,"Berlin",10167.375,0.625,0.375,0.5,0.25
65021401,"Berlin",12420.125,0,0.5,0.75,0.25
65021501,"Berlin",4226.25,0.375,0.375,0.25,0.5
65021601,"Berlin",6669,0.375,0.375,0.25,0.5
65021701,"Berlin",7423.125,0.375,0.375,0.5,0.25
65021801,"Berlin",6725.25,0.25,0.5,0.75,0.25
65022001,"Berlin",6788.625,0.5,0.5,0.75,0.25
65022101,"Berlin",6962.625,0.125,0.625,0.5,0.75
65022201,"Berlin",8647.875,0.375,0.375,0.5,0.25
65022301,"Berlin",10702.5,0.625,0.625,0.75,0.5
65022401,"Berlin",8845.25,0.875,0.375,0.5,0.25
65022501,"Berlin",10470.625,0.25,0.75,1,0.5
65022601,"Berlin",5006.25,0.375,0.625,0.75,0.5
65022701,"Berlin",18137.375,0.625,0.375,0.25,0.5
65022801,"Berlin",23138.625,0.875,0.375,0.25,0.5
65022901,"Berlin",9924,0.375,0.375,0.25,0.5
65023001,"Berlin",10207.625,0.125,0.625,0.75,0.5
65023101,"Berlin",7705.25,0.125,0.375,0.5,0.25
65023201,"Berlin",10834.5,0.25,0.5,0.25,0.75
65023301,"Berlin",7552,0,0.5,1,0
65023401,"Berlin",5823.625,0.625,0.375,0.25,0.5
65023501,"Berlin",8375.75,0.25,0.25,0.5,0
65023601,"Berlin",31365,0.5,0.75,0.75,0.75
65023701,"Berlin",8264.75,0.125,0.625,0.5,0.75
65023801,"Berlin",17014.375,0.25,0.75,0.75,0.75
65023901,"Berlin",9728.625,0.125,0.375,0.25,0.5
65024001,"Berlin",10449.75,0.25,0.75,0.75,0.75
65024101,"Berlin",18572.5,0.375,0.375,0.25,0.5
65024201,"Berlin",8579.5,0,0.5,0.5,0.5
65024301,"Berlin",10623.375,0.375,0.375,0,0.75
65024401,"Berlin",9462,0.125,0.625,0.5,0.75
65024501,"Berlin",12715.5,0.625,0.625,0.5,0.75
65024601,"Berlin",11662.375,0.625,0.625,0.5,0.75
65024701,"Berlin",7440.5,0.5,0.5,0.5,0.5
65024801,"Berlin",9156.125,0.5,0.75,0.75,0.75
65024901,"Berlin",17932.25,0.375,0.375,0.5,0.25
65025001,"Berlin",8788.75,0.875,0.375,0.5,0.25
65025101,"Berlin",7126.875,0.5,0.5,0.5,0.5
65025201,"Berlin",9401.5,0.75,0.5,0.25,0.75
65025301,"Berlin",9840.75,0.375,0.625,0.5,0.75
65025401,"Berlin",8209.875,0.5,0.25,0.25,0.25
65025601,"Berlin",7191,0.25,0.5,0.5,0.5
65025701,"Berlin",11153.75,0.375,0.375,0.25,0.5
65025801,"Berlin",6351.5,0.625,0.625,0.5,0.75
65025901,"Berlin",6920.125,0.5,0.5,0.5,0.5
65026001,"Berlin",12238.5,0.25,0.5,0.5,0.5
65026101,"Berlin",21984.25,0.25,0.75,0.75,0.75
65026201,"Berlin",8062.125,0.5,0.25,0.5,0
65026301,"Berlin",19254.375,0.375,0.375,0.25,0.5
65026401,"Berlin",9021.75,0.625,0.625,0.5,0.75
65026501,"Berlin",6404.75,0.625,0.625,0.25,1
65026601,"Berlin",10069.25,0.5,0.5,0.5,0.5
65026701,"Berlin",14854.875,0.375,0.375,0.5,0.25
65026801,"Berlin",14183.25,0.375,0.375,0.5,0.25
65026901,"Berlin",11300.25,0.625,0.375,0.75,0
65027001,"Berlin",6395.875,0.125,0.625,0.5,0.75
65027101,"Berlin",5813,0.625,0.375,0.25,0.5
65027201,"Berlin",9064.875,0.375,0.625,0.5,0.75
65027301,"Berlin",12878.875,0.5,0.5,0.5,0.5
65027401,"Berlin",9278.5,0.375,0.375,0.25,0.5
65027501,"Berlin",8930.375,0.875,0.375,0,0.75
65027601,"Berlin",20398.375,0.25,0.5,0.25,0.75
65027701,"Berlin",15639.625,0.5,0.25,0.25,0.25
65027801,"Berlin",12829,0.625,0.625,0.5,0.75
65027901,"Berlin",7546.875,0.125,0.375,0.5,0.25
65028001,"Berlin",8827,0.875,0.625,0.5,0.75
65028101,"Berlin",9994.875,0.5,0.25,0.25,0.25
65028201,"Berlin",12700.5,0.5,0.5,0.75,0.25
65028301,"Berlin",20868.125,0.5,0.25,0.25,0.25
65028401,"Berlin",28238.375,0.75,0.5,0.5,0.5
65028501,"Berlin",12794.75,0.25,0.25,0.25,0.25
65028601,"Berlin",9827.375,0.375,0.375,0.5,0.25
65028701,"Berlin",7425.25,0.625,0.375,0.25,0.5
65028801,"Berlin",10817.75,0.375,0.375,0.25,0.5
65028901,"Berlin",9065.625,0.125,0.375,0.5,0.25
65029001,"Berlin",11477.875,0.75,0.75,0.75,0.75
65029101,"Berlin",11145.25,0.25,0.5,0.5,0.5
65029201,"Berlin",8273.375,0.5,0.5,0.75,0.25
65029301,"Berlin",13461.5,0,0.5,0.5,0.5
65029401,"Berlin",13127.25,0.625,0.625,0.75,0.5
65029501,"Berlin",10345.625,0.25,0.75,0.5,1
65029601,"Berlin",11307.125,0.375,0.375,0.5,0.25
65029701,"Berlin",7500.125,0.75,0.5,0.5,0.5
65029801,"Berlin",5314.625,0.375,0.375,0.5,0.25
65029901,"Berlin",6606.875,0.5,0.25,0.25,0.25
65030001,"Berlin",9760.875,0.25,0.5,0.5,0.5
65030101,"Berlin",9917.5,0.625,0.625,0.5,0.75
65030201,"Berlin",19474.625,0.625,0.375,0,0.75
65030301,"Berlin",6883.625,0.75,0.5,0.5,0.5
65030401,"Berlin",15190.125,0.5,0.75,0.75,0.75
65030501,"Berlin",9651.875,0.25,0.5,0.5,0.5
65030601,"Berlin",10138,0.5,0.5,0.25,0.75
65030701,"Berlin",9210,0.5,0.75,0.75,0.75
65030801,"Berlin",8437.75,0.625,0.375,0.5,0.25
65030901,"Berlin",8987,0.375,0.625,0.5,0.75
65031001,"Berlin",5100.5,0.25,0.75,0.5,1
65031101,"Berlin",7975.875,0.75,0.5,0.75,0.25
65031201,"Berlin",11654.25,0.375,0.625,0.75,0.5
65031301,"Berlin",9607,0.5,0.5,0.75,0.25
65031401,"Berlin",11395.125,0.25,0.25,0.25,0.25
65031501,"Berlin",12320,0.375,0.875,0.75,1
65031601,"Berlin",9438.25,0.375,0.625,0.75,0.5
65031701,"Berlin",7773,0.375,0.875,1,0.75
65031801,"Berlin",7800.875,0.375,0.375,0.25,0.5
65031901,"Berlin",12717.75,0.25,0.5,0.25,0.75
65032001,"Berlin",14054.75,0.75,0.5,0.5,0.5
65032101,"Berlin",17104.5,0.625,0.375,0.5,0.25
65032201,"Berlin",10054.75,0.75,0.5,0.5,0.5
65032301,"Berlin",10720.5,0.125,0.375,0.5,0.25
65032401,"Berlin",8629.625,0.75,0.5,0.75,0.25
65032501,"Berlin",18011.75,0.375,0.625,0.5,0.75
65032601,"Berlin",10921.5,0.375,0.625,0.75,0.5
65032701,"Berlin",10049.875,0.5,0.75,0.5,1
65032801,"Berlin",14520.375,0.5,0.5,0.25,0.75
65032901,"Berlin",6852.125,0.625,0.375,0.25,0.5
65033001,"Berlin",6262.75,0.25,0.25,0.5,0
65033101,"Berlin",8984.75,0.125,0.625,0.75,0.5
65033201,"Berlin",9145.75,0.75,0.5,0.5,0.5
65033301,"Berlin",8123,0.625,0.625,0.5,0.75
65033401,"Berlin",9126.25,0.625,0.375,0.75,0
65033501,"Berlin",12260.75,0.25,0.5,0.75,0.25
65033601,"Berlin",14822.5,0.25,0.5,0.5,0.5
65033701,"Berlin",13889.375,0.25,0.5,1,0
65033801,"Berlin",16393,0.875,0.625,0.75,0.5
65033901,"Berlin",9173.75,0.375,0.125,0.25,0
65034001,"Berlin",9830,0.625,0.375,0.25,0.5
65034101,"Berlin",14973.375,0.375,0.625,0.75,0.5
65034201,"Berlin",16176.125,0.375,0.625,0.75,0.5
65034301,"Berlin",13495.5,0.125,0.625,0.75,0.5
65034401,"Berlin",11921.125,0.625,0.375,0.75,0
65034501,"Berlin",7992,0.25,0.25,0.25,0.25
65034601,"Berlin",8612.125,0.375,0.375,0.25,0.5
65034701,"Berlin",8812,0.125,0.625,0.5,0.75
65034801,"Berlin",18221.625,0.5,0.75,0.75,0.75
65034901,"Berlin",6335.375,0.375,0.875,0.75,1
65035001,"Berlin",10757.5,0.375,0.625,0.75,0.5
65035101,"Berlin",17905.375,0.375,0.375,0.25,0.5
65035201,"Berlin",11269.875,0.375,0.625,0.75,0.5
65035301,"Berlin",9786.25,0.125,0.625,1,0.25
65035401,"Berlin",13389.625,0.625,0.375,0.25,0.5
65035501,"Berlin",7689,0.75,0.5,0.5,0.5
65035601,"Berlin",5332.375,0.5,0.5,0,1
65035701,"Berlin",9616.625,0.125,0.625,0.75,0.5
65035801,"Berlin",7005.75,0.375,0.375,0.25,0.5
65035901,"Berlin",10141.875,0.25,0.5,0.75,0.25
65036001,"Berlin",13305,0.125,0.625,0.5,0.75
65036101,"Berlin",11522,0.5,0.25,0.25,0.25
65036201,"Berlin",7867.125,0.25,0.25,0.25,0.25
65036301,"Berlin",16185.5,0.625,0.375,0.25,0.5
65036401,"Berlin",16063.375,0.375,0.375,0.25,0.5
65036501,"Berlin",9278.375,0.375,0.375,0.5,0.25
65036601,"Berlin",11936.125,0.625,0.625,0.5,0.75
65036701,"Berlin",5643.5,0.5,0.25,0.5,0
65036801,"Berlin",7461.875,0.375,0.375,0.5,0.25
65036901,"Berlin",17055.625,0.25,0.25,0.25,0.25
65037001,"Berlin",19967.625,0.75,0.25,0.25,0.25
65037101,"Berlin",5360.375,0.25,0.5,0.5,0.5
65037201,"Berlin",4039.5,0.375,0.375,0.25,0.5
65037301,"Berlin",5840.125,0.5,0.25,0.25,0.25
65037401,"Berlin",9457.875,0.25,0.75,0.75,0.75
65037501,"Berlin",6351.125,0.625,0.375,0.25,0.5
65037601,"Berlin",11155,0.25,0.5,0.5,0.5
65037701,"Berlin",10318,0.5,0.5,0.5,0.5
65037801,"Berlin",15638.75,0.125,0.625,1,0.25
65037901,"Berlin",5591.375,0.375,0.375,0,0.75
65038001,"Berlin",8532.5,0.875,0.625,0.75,0.5
65038101,"Berlin",9550.125,0.5,0.75,0.75,0.75
65038201,"Berlin",13967.625,0.625,0.625,0.75,0.5
65038301,"Berlin",12103.75,0.625,0.125,0.25,0
65038401,"Berlin",8500,0.5,0.5,0.75,0.25
65038501,"Berlin",11773.5,0.625,0.375,0.5,0.25
65038601,"Berlin",26514.875,0.5,0,0,0
65038701,"Berlin",12392.75,0.375,0.875,1,0.75
65038801,"Berlin",20494.5,0.625,0.375,0.5,0.25
65038901,"Berlin",9494.25,0.5,0.5,0.75,0.25
65039001,"Berlin",10663.625,0,0.5,0.5,0.5
65039101,"Berlin",9137.125,0.375,0.375,0.25,0.5
65039201,"Berlin",19942.625,0.25,0.5,0.25,0.75
65039301,"Berlin",12811.75,0.25,0.25,0.25,0.25
65039401,"Berlin",8104.875,0.5,0.75,1,0.5
65039501,"Berlin",8621.375,0.75,0.5,0.5,0.5
65039601,"Berlin",12299.25,0.125,0.625,0.75,0.5
65039701,"Berlin",15938.375,0.875,0.625,0.75,0.5
65039801,"Berlin",13700,0.5,0.5,0.5,0.5
65039901,"Berlin",11292.5,0.625,0.375,0.25,0.5
65040001,"Berlin",20296.875,0.375,0.375,0.25,0.5
65040201,"Berlin",9804.125,0.5,0.5,0.25,0.75
65040301,"Berlin",10610,0.375,0.375,0.25,0.5
65040401,"Berlin",8360.875,0.75,0.5,0.25,0.75
65040501,"Berlin",6660.375,0.125,0.625,0.5,0.75
65040601,"Berlin",12488.5,0.375,0.375,0.5,0.25
65040701,"Berlin",13003.625,0.25,0.5,0.5,0.5
65040801,"Berlin",7744.75,0.5,0.75,0.5,1
65040901,"Berlin",7656.5,0.25,0.75,0.75,0.75
65041001,"Berlin",10465.5,0.25,0.25,0.25,0.25
65041101,"Berlin",12912.125,0.5,0.5,0.75,0.25
65041201,"Berlin",6743.25,0.5,0.25,0,0.5
65041301,"Berlin",10673.375,0.5,0.25,0.5,0
65041401,"Berlin",4653.125,0.5,0.75,0.5,1
65041501,"Berlin",15626.125,0.375,0.375,0.5,0.25
65041601,"Berlin",8811,0.5,0.5,0.75,0.25
65041801,"Berlin",15339.125,0.375,0.375,0.5,0.25
65041901,"Berlin",5616.625,0.25,0.25,0.25,0.25
65042001,"Berlin",12167.625,0.625,0.625,0.5,0.75
65042101,"Berlin",14051.625,0.5,0.5,0.25,0.75
65042201,"Berlin",15063.875,0.625,0.625,1,0.25
65042301,"Berlin",4467.625,0.375,0.375,0.5,0.25
65042401,"Berlin",11205.75,0.75,0.25,0.25,0.25
65042501,"Berlin",8288.625,0.375,0.875,0.75,1
65042601,"Berlin",5917.25,0.125,0.375,0.25,0.5
65042701,"Berlin",9839,0.5,0.75,0.5,1
65042801,"Berlin",8679.125,0.5,0.25,0,0.5
65042901,"Berlin",7696.75,0.625,0.375,0.5,0.25
65043101,"Berlin",7859.125,0.75,0.75,0.75,0.75
65043401,"Berlin",10534.875,0.375,0.375,0.25,0.5
65043501,"Berlin",3224.125,0.625,0.625,0.25,1
65043601,"Berlin",9564.875,0.25,0.5,0.5,0.5
65043801,"Berlin",6869.5,0.25,0.5,0.5,0.5
65043901,"Berlin",8989.875,0.25,0.25,0.5,0
65044001,"Berlin",11541,0.5,0.25,0.25,0.25
65044101,"Berlin",11385.625,0.375,0.375,0.5,0.25
65044201,"Berlin",7226.375,0.625,0.375,0,0.75
65044301,"Berlin",7101.625,0.625,0.375,0.25,0.5
65044401,"Berlin",6692,0.25,0.75,0.75,0.75
65044501,"Berlin",7904.625,0.25,0.5,0.5,0.5
65044601,"Berlin",5789,0.75,0.5,0.5,0.5
65044701,"Berlin",8013,0.125,0.375,0.5,0.25
65044801,"Berlin",5508.75,0.25,0.25,0.25,0.25
65044901,"Berlin",6867.5,0,0.5,0.5,0.5
65045001,"Berlin",8520.25,0.25,0.75,1,0.5
65045101,"Berlin",7062.125,0.625,0.625,0.75,0.5
65045201,"Berlin",10422.25,0.625,0.375,0.25,0.5
65045301,"Berlin",13117.125,0.75,0.5,0.25,0.75
65045401,"Berlin",11417.5,0.5,0.75,0.75,0.75
65045501,"Berlin",15997.625,0.125,0.625,0.5,0.75
65045601,"Berlin",7525.125,0.125,0.375,0,0.75
65045701,"Berlin",10653.25,0.375,0.625,0.5,0.75
65045801,"Berlin",12837.875,0.75,0.5,0.75,0.25
65045901,"Berlin",9441.125,0.375,0.875,0.75,1
65046001,"Berlin",8957.125,0.375,0.375,0.25,0.5
65046101,"Berlin",10690.375,0.25,0.75,0.5,1
65046201,"Berlin",7079.875,0.5,0.25,0,0.5
65046301,"Berlin",17009,0.375,0.375,0.5,0.25
65046401,"Berlin",16485.375,0.25,0.25,0.5,0
65046601,"Berlin",21497.75,1,0.5,0.5,0.5
65046701,"Berlin",11472.5,0.75,0.25,0.25,0.25
65046801,"Berlin",5355.375,0.625,0.625,0.5,0.75
65046901,"Berlin",11732.375,0.375,0.375,0.5,0.25
65047001,"Berlin",8439.25,0.125,0.375,0.25,0.5
65047101,"Berlin",11946.25,0.5,0.5,0.5,0.5
65047201,"Berlin",11162.25,0.625,0.375,0.75,0
65047301,"Berlin",6975.375,0.5,0.75,0.5,1
65047401,"Berlin",6243.125,0.375,0.625,0.25,1
65047501,"Berlin",8212.25,0,0.5,0.5,0.5
65047601,"Berlin",12044.125,0.25,0.5,0.5,0.5
65047701,"Berlin",13041.5,0.125,0.375,0,0.75
65047901,"Berlin",8987,0,0.5,0.25,0.75
65048001,"Berlin",11534.125,1,0.5,0.5,0.5
65048101,"Berlin",4568,0.375,0.875,0.75,1
65048201,"Berlin",11628.125,0.5,0.5,0.75,0.25
65048301,"Berlin",10347,0.375,0.875,1,0.75
65048401,"Berlin",9876.625,0.375,0.375,0.5,0.25
65048501,"Berlin",10362.375,0.125,0.625,0.25,1
65048601,"Berlin",5871.875,0.125,0.375,0.25,0.5
65048701,"Berlin",11048.25,0.5,0.5,0.25,0.75
65048801,"Berlin",8419,0.375,0.375,0.5,0.25
65048901,"Berlin",8096.625,0.75,0.5,0.25,0.75
65049001,"Berlin",11477.25,0.75,0.25,0.5,0
65049101,"Berlin",19180,0.375,0.375,0.25,0.5
65049301,"Berlin",13073.5,0.375,0.875,0.75,1
65049401,"Berlin",9350,0.625,0.375,0,0.75
65049501,"Berlin",14848.125,0.375,0.375,0.5,0.25
65049601,"Berlin",11517.625,0.25,0.5,0.5,0.5
65049701,"Berlin",7273.875,0.125,0.625,0.5,0.75
65049801,"Berlin",10655.75,0.5,0.75,1,0.5
65049901,"Berlin",11703.875,0.25,0.5,0.25,0.75
65050001,"Berlin",8468.75,0.5,0.25,0.25,0.25
65050101,"Berlin",7567.375,0.25,0.25,0,0.5
65050301,"Berlin",9616.75,0.125,0.375,0.5,0.25
65050401,"Berlin",12792.5,0.5,0.25,0.25,0.25
65050501,"Berlin",11287.75,0.5,0.25,0.25,0.25
65050601,"Berlin",11535.25,0.375,0.625,0.5,0.75
65050701,"Berlin",12875.5,0.625,0.375,0.25,0.5
65050801,"Berlin",9837,0.875,0.375,0.5,0.25
65050901,"Berlin",12594.125,0.25,0.5,0.25,0.75
65051001,"Berlin",7850.75,0.125,0.625,0.5,0.75
65051101,"Berlin",7981.25,0.875,0.375,0.5,0.25
65051201,"Berlin",7865,0.375,0.375,0.5,0.25
65051301,"Berlin",11761.5,0.375,0.375,0,0.75
65051401,"Berlin",11064.75,0.375,0.875,0.75,1
65051501,"Berlin",11027.5,0.125,0.375,0.5,0.25
65051601,"Berlin",18962.375,0.625,0.125,0.25,0
65051701,"Berlin",25280.375,0.375,0.625,0.25,1
65051901,"Berlin",10024.25,0.875,0.625,0.75,0.5
65052001,"Berlin",9165.375,0.375,0.875,0.75,1
65052101,"Berlin",8963.75,0.125,0.375,0.25,0.5
65052201,"Berlin",12074.375,0.5,0.5,0.5,0.5
65052301,"Berlin",8390.25,0.125,0.625,0.5,0.75
65052401,"Berlin",10769.375,0.875,0.375,0,0.75
65052501,"Berlin",20628,0.375,0.375,0.25,0.5
65052601,"Berlin",9992.5,0.5,0.5,0.5,0.5
65052701,"Berlin",23223.5,0.5,0.25,0,0.5
65052801,"Berlin",13177.75,0.625,0.125,0,0.25
65052901,"Berlin",13660.5,0.625,0.375,0.5,0.25
65053001,"Berlin",6805.125,0,0.5,0.5,0.5
65053101,"Berlin",10461.125,0.5,0.5,0.25,0.75
65053201,"Berlin",8594.25,0,0.5,0.75,0.25
65053301,"Berlin",7848.875,0.125,0.375,0.5,0.25
65053401,"Berlin",15889.875,0,0.5,0.5,0.5
65053501,"Berlin",18625.125,0.25,0.5,0.5,0.5
65053601,"Berlin",8450.125,0.375,0.375,0.25,0.5
65053701,"Berlin",14831.125,0.375,0.625,0.75,0.5
65053801,"Berlin",12585.25,0.25,0.25,0.5,0
65053901,"Berlin",7589.5,0.375,0.875,1,0.75
65054001,"Berlin",9183,0.5,0.25,0,0.5
65054101,"Berlin",6200.75,0.375,0.625,0.5,0.75
65054201,"Berlin",9408.875,0.5,0.5,0.5,0.5
65054301,"Berlin",16321.625,0.5,0.25,0.5,0
65054401,"Berlin",13391.875,0.5,0.75,0.75,0.75
65054501,"Berlin",14434.75,0.625,0.625,0.75,0.5
65054601,"Berlin",10501.625,0.375,0.125,0,0.25
65054701,"Berlin",10249.375,0,0.5,0.75,0.25
65054801,"Berlin",10508.75,0.375,0.375,0.5,0.25
65054901,"Berlin",6508.5,0,0.5,0.5,0.5
65055001,"Berlin",11689,0.125,0.375,0.25,0.5
65055101,"Berlin",7510.5,0.5,0.25,0.5,0
65055201,"Berlin",12262.25,0.5,0.5,0.5,0.5
65055401,"Berlin",12169.75,0.5,0.75,0.5,1
65055501,"Berlin",8659.25,0.625,0.625,0.5,0.75
65055601,"Berlin",8119.25,0.375,0.375,0.25,0.5
65055701,"Berlin",50590.75,0.5,0.5,0.5,0.5
65055801,"Berlin",18689.5,0.625,0.375,0,0.75
65055901,"Berlin",11361.5,0.625,0.375,0,0.75
65056101,"Berlin",28677.875,0.375,0.375,0,0.75
65056201,"Berlin",22532,0.375,0.375,0.25,0.5
65056301,"Berlin",8242.25,0.375,0.625,0.5,0.75
65056401,"Berlin",11756.125,0.375,0.125,0.25,0
65056501,"Berlin",6457,0.125,0.375,0.5,0.25
65056601,"Berlin",11700.125,0.375,0.875,0.75,1
65056701,"Berlin",13056.875,0.625,0.625,0.75,0.5
65056801,"Berlin",8277,0.125,0.625,0.5,0.75
65056901,"Berlin",8812.125,0.5,0.5,0.75,0.25
65057101,"Berlin",8732.875,0.625,0.625,0.75,0.5
65057301,"Berlin",4287.125,0.5,0.5,0.25,0.75
65057401,"Berlin",24451,0.625,0.375,0.5,0.25
65057501,"Berlin",6653.625,0.625,0.125,0,0.25
65057601,"Berlin",14590.625,0.125,0.375,0.5,0.25
65057801,"Berlin",43044.75,0.375,0.625,0.75,0.5
65057901,"Berlin",8559.75,0.5,1,1,1
65058001,"Berlin",10517,0.25,0.5,0.5,0.5
65058201,"Berlin",9239,0.25,0.75,0.5,1
65058401,"Berlin",7007.5,0.375,0.375,0.25,0.5
65058501,"Berlin",8175.375,0.25,0.5,0.5,0.5
65058601,"Berlin",12627.625,0.125,0.625,0.75,0.5
65058701,"Berlin",10636.875,1,0.5,0.5,0.5
65058901,"Berlin",8388.625,0.25,0.25,0.5,0
65059001,"Berlin",6973,0.375,0.875,0.75,1
65059101,"Berlin",9402.25,0.625,0.375,0.5,0.25
65059201,"Berlin",9991,0.75,0.5,0.75,0.25
65059301,"Berlin",8462.375,0.25,0.5,0.25,0.75
65059401,"Berlin",6282.625,0.375,0.375,0.75,0
65059501,"Berlin",14789,0.25,0.5,0.5,0.5
65059601,"Berlin",9388.5,0.875,0.625,0.5,0.75
65059801,"Berlin",11430.375,0.75,0.5,0.5,0.5
65059901,"Berlin",9852.125,0.25,0.75,1,0.5
65060001,"Berlin",10954.375,0.25,0.5,0.5,0.5
65060101,"Berlin",12329,0.5,0.5,0.5,0.5
65060201,"Berlin",16317.125,0.5,0.25,0.5,0
65060301,"Berlin",10461.875,0.375,0.625,0.75,0.5
65060401,"Berlin",5932.5,0.375,0.625,0.75,0.5
65060501,"Berlin",11766.75,0.5,0.75,1,0.5
65060601,"Berlin",11544.625,0.125,0.375,0.5,0.25
65060701,"Berlin",7483.625,0.625,0.625,0.5,0.75
65060801,"Berlin",8956.5,0.375,0.375,0.25,0.5
65060901,"Berlin",10514.375,0.125,0.625,0.5,0.75
65061001,"Berlin",10131,0.5,0.75,0.75,0.75
65061101,"Berlin",8098.75,0.5,0.25,0.25,0.25
65061201,"Berlin",14033.75,0.375,0.125,0,0.25
65061301,"Berlin",11109.375,0.25,0.5,0.75,0.25
65061401,"Berlin",17177.75,0.5,0.5,0.75,0.25
65061501,"Berlin",8856.125,0.25,0.75,0.75,0.75
65061601,"Berlin",10572,0.75,0.5,0.75,0.25
65061701,"Berlin",17813.5,0.25,0.25,0.5,0
65061801,"Berlin",11428.625,0.125,0.375,0.25,0.5
65061901,"Berlin",10976.25,0.375,0.375,0.5,0.25
65062001,"Berlin",12765.625,0.625,0.625,1,0.25
65062101,"Berlin",12521.5,0.25,0.25,0.5,0
65062201,"Berlin",9756.5,0.125,0.375,0.5,0.25
65062301,"Berlin",10528.375,0.625,0.625,0.5,0.75
65062401,"Berlin",11906.875,0.25,0.5,0.5,0.5
65062501,"Berlin",6615.875,0.375,0.625,0.5,0.75
65062601,"Berlin",10881,0.375,0.125,0,0.25
65062701,"Berlin",14433.75,0.375,0.625,0.5,0.75
65062801,"Berlin",21620.625,0.625,0.875,0.75,1
65062901,"Berlin",10261.125,0.375,0.625,0.75,0.5
65063001,"Berlin",13915,0.25,0.5,0.5,0.5
65063101,"Berlin",5680.625,0.25,0.5,0.75,0.25
65063201,"Berlin",9447.25,0.5,0.75,0.5,1
65063301,"Berlin",11821.375,0.25,0.25,0.25,0.25
65063401,"Berlin",7287,0.375,0.375,0.5,0.25
65063501,"Berlin",12864.25,0.625,0.375,0.5,0.25
65063601,"Berlin",14595.375,0.125,0.375,0.25,0.5
65063701,"Berlin",5923.125,0.375,0.375,0.25,0.5
65063801,"Berlin",10619.5,0.625,0.625,0.25,1
65063901,"Berlin",10693.25,0.125,0.375,0.5,0.25
65064001,"Berlin",6708.5,0.25,0.5,0.5,0.5
65064101,"Berlin",10781.5,0.25,0.5,0.5,0.5
65064201,"Berlin",8534.125,0.25,0.75,0.75,0.75
65064301,"Berlin",8443.125,0.5,0.5,0.25,0.75
65064401,"Berlin",8108.5,0.625,0.375,0.5,0.25
65064501,"Berlin",7799.5,0.25,0.5,0.5,0.5
65064601,"Berlin",12202.125,0.625,0.625,0.75,0.5
65064701,"Berlin",21813.25,0.625,0.625,0.5,0.75
65064801,"Berlin",13745.625,0.5,0.5,0.25,0.75
65064901,"Berlin",11072.125,0.25,0.75,0.5,1
65065001,"Berlin",7594,0.5,0.5,0.75,0.25
65065101,"Berlin",26965.375,0.125,0.625,0.5,0.75
65065201,"Berlin",9552.25,0.375,0.375,0.5,0.25
65065301,"Berlin",8307.75,0.625,0.625,0.75,0.5
65065401,"Berlin",9219,0.125,0.375,0.25,0.5
65065501,"Berlin",9264.75,0.375,0.625,0.5,0.75
65065601,"Berlin",11987.75,0.125,0.375,0.25,0.5
65065701,"Berlin",16374.125,0.375,0.375,0.25,0.5
65065801,"Berlin",10480,0.375,0.375,0.75,0
65065901,"Berlin",12372.5,0.25,0.5,0.25,0.75
65066001,"Berlin",19763,0.625,0.375,0.5,0.25
65066101,"Berlin",9185.5,0.625,0.625,0.5,0.75
65066201,"Berlin",8845.125,0.5,0.25,0.5,0
65066301,"Berlin",14136.25,0.625,0.375,0.5,0.25
65066401,"Berlin",10170.75,0.75,0.5,0.5,0.5
65066501,"Berlin",8499.125,0.375,0.375,0.5,0.25
65066601,"Berlin",13688.75,0.625,0.375,0.5,0.25
65066701,"Berlin",10380.75,0.25,0.5,0.75,0.25
65066801,"Berlin",11822.875,0.625,0.375,0.25,0.5
65066901,"Berlin",11789.75,0.375,0.625,0.75,0.5
65067001,"Berlin",15013.75,0.5,0.5,0.25,0.75
65067101,"Berlin",13515.25,0.75,0.25,0.25,0.25
65067201,"Berlin",8011.75,0.375,0.625,0.5,0.75
65067301,"Berlin",6404.25,0.375,0.375,0.5,0.25
65067401,"Berlin",14724.25,0.75,0.75,1,0.5
65067501,"Berlin",6482.5,0,0.5,0.5,0.5
65067601,"Berlin",9729.5,0.125,0.625,0.5,0.75
65067701,"Berlin",13741.125,0.25,0.75,0.75,0.75
65067801,"Berlin",18415.875,0.5,0.5,0.25,0.75
65067901,"Berlin",6997.875,0.25,0.5,0,1
65068001,"Berlin",9554.625,0.375,0.375,0.5,0.25
65068101,"Berlin",9211.5,0.375,0.375,0.25,0.5
65068201,"Berlin",11348.125,0.125,0.625,0.5,0.75
65068301,"Berlin",8434.5,0.75,0.25,0,0.5
65068401,"Berlin",5385.125,0.375,0.625,0.5,0.75
65068501,"Berlin",939.125,0.375,0.375,0.5,0.25
65068601,"Berlin",11173.625,0.25,0.5,0.75,0.25
65068701,"Berlin",9623.75,0.125,0.625,0.5,0.75
65068801,"Berlin",28003.25,0.75,0.25,0,0.5
65068901,"Berlin",9685.625,0.5,0.25,0.25,0.25
65069001,"Berlin",13193.5,0.375,0.875,1,0.75
65069101,"Berlin",6358.375,0.25,0.25,0.5,0
65069201,"Berlin",9097.875,0.375,0.625,0.5,0.75
65069301,"Berlin",14245.875,0.75,0.25,0.25,0.25
65069401,"Berlin",8286.375,0.5,0.25,0.5,0
65069501,"Berlin",16737.75,0.25,0.5,0.75,0.25
65069601,"Berlin",15237.125,0.25,0.75,0.75,0.75
65069701,"Berlin",5214,0.625,0.125,0.25,0
65069801,"Berlin",6008.875,0.5,0.25,0.25,0.25
65069901,"Berlin",7979.25,0.625,0.375,0.5,0.25
65070001,"Berlin",16993.625,0.25,0.5,0.5,0.5
65070101,"Berlin",9505.875,0.375,0.375,0.75,0
65070201,"Berlin",15548.5,0.875,0.625,0.75,0.5
65070301,"Berlin",7952.875,0.75,0.5,0.75,0.25
65070401,"Berlin",7533.25,0.625,0.625,1,0.25
65070501,"Berlin",16569.125,0.375,0.625,0.5,0.75
65070601,"Berlin",7891.5,0.125,0.375,0.75,0
65070701,"Berlin",12136.5,0.375,0.375,0.5,0.25
65070801,"Berlin",9286.375,0.5,0.75,0.5,1
65070901,"Berlin",26266.5,0.875,0.375,0.75,0
65071001,"Berlin",12609.625,0.25,0.75,0.75,0.75
65071101,"Berlin",10051.5,0.375,0.625,0.5,0.75
65071201,"Berlin",11492.75,0.75,0.25,0.25,0.25
65071301,"Berlin",17112.625,0.25,0.5,0.25,0.75
65071401,"Berlin",8387.625,0.625,0.625,0.75,0.5
65071501,"Berlin",15219.75,0.625,0.625,0.25,1
65071601,"Berlin",9223.375,0.625,0.375,0.25,0.5
65071701,"Berlin",4088.125,0.25,0.75,0.75,0.75
65071801,"Berlin",10745.375,0.375,0.625,0.75,0.5
65071901,"Berlin",6885.5,0.125,0.625,0.5,0.75
65072001,"Berlin",8173.125,0.375,0.625,0.75,0.5
65072101,"Berlin",7560.375,0.75,0.5,0.5,0.5
65072201,"Berlin",9396.75,0.375,0.125,0,0.25
65072301,"Berlin",11358.125,0.25,0.5,0.5,0.5
65072401,"Berlin",11119.125,0.25,0.25,0.5,0
65072501,"Berlin",6159.125,0.75,0.25,0.25,0.25
65072601,"Berlin",12754.25,0.125,0.625,0.75,0.5
65072701,"Berlin",13476.75,0,0.5,0.75,0.25
65072801,"Berlin",11797.375,0.125,0.375,0.5,0.25
65072901,"Berlin",11215,0.75,0.5,0.25,0.75
65073001,"Berlin",7238.125,0.625,0.625,0.75,0.5
65073101,"Berlin",6964.375,0.5,0.25,0.5,0
65073201,"Berlin",7174.625,0.625,0.125,0.25,0
65073301,"Berlin",8500.875,0.25,0.5,0.5,0.5
65073401,"Berlin",9219.5,0.375,0.375,0.5,0.25
65073501,"Berlin",13878.625,0.25,0.75,0.75,0.75
65073601,"Berlin",8401.625,0.625,0.375,0.25,0.5
65073701,"Berlin",10238.25,0.25,0.25,0.5,0
65073801,"Berlin",10423.375,0.125,0.375,0.25,0.5
65073901,"Berlin",8945.25,0.5,0.5,0.75,0.25
65074001,"Berlin",12621.625,0.625,0.375,0,0.75
65074101,"Berlin",11561.875,0.25,0.25,0.25,0.25
65074201,"Berlin",9474.875,0.375,0.375,0.5,0.25
65074301,"Berlin",14193.625,0.5,0.75,0.5,1
65074401,"Berlin",8103.125,0.5,0.5,0.25,0.75
65074501,"Berlin",5903.125,0.375,0.875,0.75,1
65074601,"Berlin",5053.25,0.25,0.5,0.5,0.5
65074701,"Berlin",20676.375,1,0.5,0.75,0.25
65074801,"Berlin",7690,0.875,0.625,0.5,0.75
65074901,"Berlin",6020.875,0.5,0,0,0
65075001,"Berlin",8892.625,0.125,0.625,1,0.25
65075101,"Berlin",16086.375,0.25,0.25,0.25,0.25
65075201,"Berlin",5980.75,0.625,0.375,0.25,0.5
65075301,"Berlin",8836.625,0.875,0.375,0.5,0.25
65075401,"Berlin",12972,0.5,0.75,1,0.5
65075501,"Berlin",9263,0.375,0.375,0.5,0.25
65075601,"Berlin",15710.375,0.125,0.625,0.75,0.5
65075701,"Berlin",11700.5,0.5,0.5,0.25,0.75
65075801,"Berlin",12613,0.5,0.5,0.75,0.25
65075901,"Berlin",6788.375,0.625,0.625,0.25,1
65076001,"Berlin",13879.5,0.5,0.25,0.5,0
65076101,"Berlin",15701.125,0.5,0.5,0.5,0.5
65076201,"Berlin",19145.75,0.375,0.375,0.5,0.25
65076301,"Berlin",13914.625,0.5,0.25,0.5,0
65076401,"Berlin",19106,0.25,0.5,0.5,0.5
65076501,"Berlin",19715.375,0.375,0.875,0.75,1
65076601,"Berlin",16400.25,0.5,0.25,0.25,0.25
65076701,"Berlin",15630.375,0.375,0.625,0.75,0.5
65076801,"Berlin",16271.25,0.5,0.5,0.25,0.75
65076901,"Berlin",8261,0.125,0.625,1,0.25
65077001,"Berlin",21395.125,0.25,0.5,0.5,0.5
65077101,"Berlin",20852.125,0.5,0.5,0.75,0.25
65077201,"Berlin",10363.125,0.375,0.375,0,0.75
65077301,"Berlin",14814.125,0,0.5,0.5,0.5
65077401,"Berlin",6521.375,0.25,0.25,0.5,0
65077501,"Berlin",17618.375,0.625,0.625,0.5,0.75
65077601,"Berlin",6532.5,0.25,0.75,0.5,1
65077701,"Berlin",15312.625,0.5,0.25,0,0.5
65077801,"Berlin",17395.875,0.5,0,0,0
65077901,"Berlin",9803.25,0.25,0.25,0.5,0
65078001,"Berlin",7269.625,0.375,0.375,0,0.75
65078101,"Berlin",12135.875,0.625,0.375,0.25,0.5
65078201,"Berlin",12764.125,0.25,0.25,0.25,0.25
65078301,"Berlin",10006.75,0.375,0.375,0.25,0.5
65078401,"Berlin",13351.625,0.375,0.125,0,0.25
65078501,"Berlin",5477,0.5,0.5,0.5,0.5
65078601,"Berlin",7692,0.375,0.625,0.75,0.5
65078701,"Berlin",9774.75,0.25,0.25,0.5,0
65078801,"Berlin",16012.375,0.375,0.625,0.5,0.75
65078901,"Berlin",9023.875,0.25,0.75,0.75,0.75
65079001,"Berlin",8311,0.75,0.5,0.5,0.5
65079101,"Berlin",13617,0.5,0.75,1,0.5
65079201,"Berlin",8727.5,1,0.5,0.5,0.5
65079301,"Berlin",7805.5,0.25,0.5,0.5,0.5
65079401,"Berlin",23853.875,0.25,0.5,0.75,0.25
65079501,"Berlin",10150.25,0.125,0.625,0.5,0.75
65079601,"Berlin",13728,0.25,0.5,0.75,0.25
68000201,"Basel",6679.625,0.375,0.625,0.5,0.75
68000301,"Basel",11678.25,0.5,0.25,0.5,0
68000401,"Basel",8256.625,0.25,0.75,1,0.5
68000601,"Basel",5698.125,0.625,0.625,0.5,0.75
68000801,"Basel",21920.25,1,0.5,0.5,0.5
68000901,"Basel",5142.625,0.25,0.5,0.5,0.5
68001001,"Basel",8722.875,0.5,0.25,0.25,0.25
68001101,"Basel",14188.375,0.625,0.125,0,0.25
68001201,"Basel",5986.625,0.25,0.5,0.25,0.75
68001301,"Basel",4410.5,0.5,0.25,0.25,0.25
68001401,"Basel",9240.125,0.125,0.375,0.5,0.25
68001501,"Basel",10433.625,0.125,0.375,0.5,0.25
68001601,"Basel",9560.875,0.125,0.375,0.5,0.25
68001701,"Basel",12715.25,0.5,0.25,0.25,0.25
68001901,"Basel",7931,0.125,0.375,0.25,0.5
68002001,"Basel",10755.25,0.5,0.25,0.5,0
68002101,"Basel",24321.875,0.5,0,0,0
68002201,"Basel",9665.875,0.625,0.125,0.25,0
68002301,"Basel",7430,0.375,0.375,0.5,0.25
68002401,"Basel",11377.125,0.375,0.375,0.25,0.5
68002501,"Basel",10250.25,0.5,0.25,0,0.5
68002601,"Basel",13093.875,0.625,0.625,0.5,0.75
68002701,"Basel",6183.5,0.375,0.375,0.5,0.25
68002801,"Basel",5913,0.375,0.875,0.75,1
68002901,"Basel",8854,0.375,0.625,0.5,0.75
68003101,"Basel",11774.375,0.5,0.5,0.25,0.75
68003301,"Basel",7917.5,0.5,0.25,0.25,0.25
68003401,"Basel",8754.875,0.25,0.5,0.25,0.75
68003501,"Basel",7822.5,0.5,0.25,0.5,0
68003701,"Basel",10788.25,0.125,0.625,0.75,0.5
68003801,"Basel",7167.375,0.5,0.5,0,1
68003901,"Basel",11238.5,0.625,0.625,0.75,0.5
68004001,"Basel",8866.125,0.25,0.5,0.25,0.75
68004101,"Basel",9819.875,0.25,0.25,0,0.5
68004201,"Basel",10929.25,0.5,0.75,0.75,0.75
68004301,"Basel",20882,0.375,0.375,0.25,0.5
68004401,"Basel",13376.125,0.5,0.5,0.75,0.25
68004501,"Basel",8936.25,0.875,0.375,0.25,0.5
68004601,"Basel",8036,0.625,0.375,0.25,0.5
68004701,"Basel",15075.75,0.75,0.5,0.5,0.5
68004801,"Basel",9660.875,0.375,0.375,0.5,0.25
68004901,"Basel",8489.25,0.25,0.5,0.5,0.5
68005001,"Basel",15704.5,0.125,0.625,0.75,0.5
68005201,"Basel",6244.875,0.5,0.25,0.25,0.25
68005301,"Basel",11663,0.5,0.5,0.25,0.75
68005401,"Basel",8646.5,0.375,0.625,0.5,0.75
68005501,"Basel",9720.875,0.25,0.5,0.5,0.5
68005601,"Basel",8684.625,0.625,0.375,0.25,0.5
68005701,"Basel",7022.375,0.25,0.25,0.5,0
68005801,"Basel",23971.125,0.375,0.375,0.25,0.5
68005901,"Basel",8216.25,0.5,0.5,0.5,0.5
68006001,"Basel",21517.125,0.25,0.75,0.75,0.75
68006101,"Basel",7139.875,0.5,0.25,0.25,0.25
68006201,"Basel",13307.625,0.375,0.875,0.75,1
68006301,"Basel",4360.625,0.5,0.25,0.25,0.25
68006401,"Basel",11185.125,0.875,0.375,0.25,0.5
68006501,"Basel",14337.375,0.125,0.625,0.5,0.75
68006601,"Basel",6678.625,0.25,0.75,0.75,0.75
68006901,"Basel",16744.125,0.5,0.25,0.25,0.25
68007001,"Basel",8120,0.5,0.25,0.5,0
68007101,"Basel",11165.375,0.375,0.625,0.75,0.5
68007201,"Basel",11692.875,0.375,0.625,0.5,0.75
68007301,"Basel",8113.375,0.375,0.375,0.5,0.25
68007401,"Basel",13005.625,0.375,0.375,0.5,0.25
68007501,"Basel",22904.25,0.375,0.375,0.5,0.25
68007701,"Basel",7320,0.25,0.5,0.5,0.5
68007801,"Basel",3291.875,0.875,0.375,0.25,0.5
68007901,"Basel",22091.875,0.5,0.5,0.5,0.5
68008001,"Basel",7415,0.625,0.375,0.25,0.5
68008201,"Basel",24083.375,0.375,0.375,0.25,0.5
68008401,"Basel",6742.5,0.375,0.625,0.5,0.75
68008601,"Basel",9226.75,0.25,0.25,0.25,0.25
68008701,"Basel",14729,0.5,0.75,0.75,0.75
68008801,"Basel",7740.5,0.625,0.625,0.5,0.75
68008901,"Basel",7939.5,0.625,0.375,0.25,0.5
68009001,"Basel",12744.125,0.5,0.5,0.5,0.5
68009101,"Basel",20581,0.5,0.5,0.5,0.5
68009201,"Basel",9587.875,0.625,0.375,0.25,0.5
68009401,"Basel",4939.875,0.5,0.5,0.75,0.25
68009501,"Basel",13189.75,0.25,0.5,0.25,0.75
68009601,"Basel",8870.875,0.5,0.5,0.5,0.5
68009701,"Basel",11198.125,0.375,0.375,0.5,0.25
68009801,"Basel",15733.125,0.25,0.5,0.5,0.5
68009901,"Basel",7960.5,0.875,0.625,0.5,0.75
68010001,"Basel",9058.125,0.625,0.625,0.5,0.75
68010101,"Basel",8135.25,0.5,0.25,0.25,0.25
68010201,"Basel",25715.5,0.75,0.5,0.25,0.75
68010301,"Basel",10287.875,0.375,0.375,0.5,0.25
68010401,"Basel",13037.625,0.375,0.625,0.75,0.5
68010501,"Basel",19765.25,0.375,0.125,0.25,0
68010601,"Basel",14615.25,0.75,0.75,1,0.5
68010701,"Basel",10366,0.25,0.5,0.25,0.75
68010801,"Basel",8988.5,0.75,0.5,0.75,0.25
68010901,"Basel",13501.25,0.125,0.375,0.25,0.5
68011001,"Basel",14331.75,0,0.5,0.5,0.5
68011101,"Basel",17178.125,0.75,0.5,0.25,0.75
68011201,"Basel",8035.875,0.5,0.5,0.25,0.75
68011301,"Basel",8987.75,0.75,0.5,0.75,0.25
68011401,"Basel",7952.875,0.5,0.5,0.75,0.25
68011501,"Basel",7847,0.5,0.5,0.5,0.5
68011601,"Basel",11572.25,0.375,0.375,0.5,0.25
68011701,"Basel",7323,0.625,0.375,0.25,0.5
68011801,"Basel",8382.5,0.25,0.25,0.25,0.25
68011901,"Basel",10456.75,0.75,0.5,0.25,0.75
68012101,"Basel",6947.75,0.75,0.5,0.25,0.75
68012201,"Basel",14043.75,0.75,0.5,0.75,0.25
68012301,"Basel",46988.125,0.625,0.625,0.75,0.5
68012401,"Basel",7122.875,0.75,0.5,0.5,0.5
68012501,"Basel",8114.25,0.625,0.625,0.75,0.5
68012601,"Basel",8579.25,0.5,0.25,0.25,0.25
68012701,"Basel",15845.25,0.5,0.5,0.75,0.25
68012901,"Basel",10536,0.375,0.375,0.25,0.5
68013001,"Basel",9921.875,0.375,0.375,0.25,0.5
68013101,"Basel",16801.375,0.375,0.125,0.25,0
68013201,"Basel",7656.625,0.125,0.375,0.5,0.25
68013501,"Basel",11044.75,0.375,0.625,0.5,0.75
68013601,"Basel",14780.25,0.375,0.375,0.25,0.5
68013801,"Basel",12295.875,0.375,0.125,0,0.25
68013901,"Basel",18679.25,0.375,0.625,0.75,0.5
68014101,"Basel",10745.875,0.125,0.625,0.25,1
68014201,"Basel",8629.375,0.75,0.5,0.5,0.5
68014301,"Basel",7118.75,0.125,0.625,0.75,0.5
68014401,"Basel",8806.625,0.75,0.25,0.5,0
68014501,"Basel",4556.625,0.25,0.5,0.75,0.25
68014601,"Basel",15051.5,0.375,0.625,0.5,0.75
68014701,"Basel",22701.875,1,0.5,0.25,0.75
68014801,"Basel",18504.375,0.5,0.5,0.25,0.75
68014901,"Basel",8759.25,0.625,0.625,0.5,0.75
68015001,"Basel",6350.375,0.125,0.625,1,0.25
68015101,"Basel",11618.125,0.5,0.5,0.5,0.5
68015201,"Basel",6431.625,0.375,0.375,0.25,0.5
68015301,"Basel",3659.625,0.375,0.125,0,0.25
68015401,"Basel",11148.25,0.25,0.5,0.5,0.5
68015501,"Basel",8904,0.5,0.5,0.75,0.25
68015601,"Basel",10782.25,0.5,0.5,0.5,0.5
68015701,"Basel",7572.875,0.25,0.25,0,0.5
68015801,"Basel",8209.125,0.25,0.5,0.75,0.25
68015901,"Basel",13351.125,0.625,0.375,0.75,0
68016001,"Basel",8797.875,0.375,0.625,0.75,0.5
68016101,"Basel",11164,0.5,0.5,0.25,0.75
68016201,"Basel",22396.375,1,0.5,0.75,0.25
68016301,"Basel",14572.5,0.5,0.5,0.5,0.5
68016401,"Basel",9952.375,0.5,0.5,0.75,0.25
68016501,"Basel",9324.375,0.5,0.5,0.75,0.25
68016601,"Basel",8198.875,0.5,0.5,0.5,0.5
68016701,"Basel",8914.875,0.375,0.625,0.75,0.5
68016801,"Basel",5516.125,0.5,0.5,0.75,0.25
68016901,"Basel",6051.125,0.75,0.5,0.5,0.5
68017001,"Basel",10954,0.25,0.5,0.75,0.25
68017101,"Basel",10733.375,0.375,0.625,0.75,0.5
68017201,"Basel",11297.125,0.75,0.25,0.25,0.25
68017301,"Basel",7037.5,0.75,0.25,0.25,0.25
68017601,"Basel",12835.5,0.25,0.5,0.5,0.5
68017701,"Basel",13942.375,0.5,0.25,0.25,0.25
68017801,"Basel",17472,0.375,0.375,0,0.75
68017901,"Basel",12190.125,0.375,0.375,0.5,0.25
68018001,"Basel",11183.25,0.5,0.5,0.75,0.25
68018101,"Basel",8617.125,0.375,0.375,0.5,0.25
68018201,"Basel",30248.125,0.25,0.5,0.75,0.25
68018401,"Basel",17979.25,0.5,0.25,0,0.5
68018501,"Basel",28289.875,0.5,0.5,0.5,0.5
68018601,"Basel",8221.375,0.5,0,0,0
68018701,"Basel",8187.125,0.375,0.625,0.5,0.75
68018801,"Basel",6547.125,0.375,0.375,0.5,0.25
68018901,"Basel",11545.75,0.75,0.5,0.5,0.5
68019001,"Basel",12735.125,0.375,0.875,0.75,1
68019201,"Basel",14918.375,0.375,0.125,0,0.25
68019301,"Basel",13433.25,0.625,0.625,0.5,0.75
68019401,"Basel",13028.75,0,0.5,0.5,0.5
68019501,"Basel",16391.5,0.375,0.375,0.5,0.25
68019601,"Basel",6190.625,0.75,0.5,0.5,0.5
68019701,"Basel",11311.25,0.875,0.375,0.5,0.25
68019901,"Basel",8306,0.375,0.375,0.75,0
68020101,"Basel",12758.25,0.5,0.25,0.25,0.25
68020201,"Basel",9574.875,0.125,0.625,0.5,0.75
68020301,"Basel",7992.875,0.625,0.625,0.5,0.75
68020401,"Basel",5951.625,0.5,0.5,0.25,0.75
68020601,"Basel",24001.625,0.625,0.375,0.5,0.25
68020801,"Basel",9607.875,0.375,0.125,0.25,0
68020901,"Basel",15405,0.375,0.625,0.75,0.5
68021001,"Basel",7652.375,0.375,0.625,1,0.25
68021101,"Basel",7968.375,0.375,0.375,0.5,0.25
68021201,"Basel",8634.875,0.25,0.5,0.5,0.5
68021301,"Basel",12627.375,0.5,0.5,0.75,0.25
68021401,"Basel",6719,0.375,0.875,1,0.75
68021501,"Basel",16465.125,0.25,0.75,0.5,1
68021601,"Basel",6675.875,0.625,0.375,0.5,0.25
68021701,"Basel",19322,0.5,0.5,0.75,0.25
68021801,"Basel",10222.75,0.25,0.25,0.25,0.25
68021901,"Basel",9459.875,0.375,0.625,0.5,0.75
68022001,"Basel",9016.5,0.625,0.625,0.5,0.75
68022101,"Basel",14476.375,0.5,0.5,0.25,0.75
68022201,"Basel",5609,0.125,0.625,0.75,0.5
68022301,"Basel",10176.625,0.25,0.5,0.5,0.5
68022401,"Basel",28230.875,0.375,0.875,1,0.75
68022501,"Basel",8573,0.5,0.5,0.5,0.5
68022601,"Basel",8118.625,0.5,0.5,0.5,0.5
68022701,"Basel",13215,0.625,0.375,0.5,0.25
68022801,"Basel",13771,0.375,0.125,0,0.25
68022901,"Basel",6522.75,0.5,0.5,0.5,0.5
68023001,"Basel",6641.625,0.5,1,1,1
68023101,"Basel",4679.25,0.625,0.625,0.75,0.5
68023201,"Basel",13050.75,0.125,0.375,0.75,0
68023301,"Basel",7807.125,0.375,0.875,0.75,1
68023401,"Basel",11221.375,0.375,0.625,0.75,0.5
68023501,"Basel",9885.75,0.5,0.5,0.75,0.25
68023801,"Basel",10388.25,0.5,0,0,0
68023901,"Basel",15241.375,0.5,0.25,0,0.5
68024001,"Basel",13954.375,0,0.5,0.75,0.25
68024101,"Basel",28855.5,0.75,0.5,0.5,0.5
68024201,"Basel",7484.625,0.5,0.5,0.25,0.75
68024401,"Basel",9036.875,0.5,0.5,0,1
68024501,"Basel",14257,0.625,0.375,0,0.75
68024601,"Basel",14752.75,0.25,0.75,0.75,0.75
68024701,"Basel",10430,0.25,0.5,0.75,0.25
68024801,"Basel",10512.25,0.125,0.625,0.25,1
68025001,"Basel",10457.125,0.125,0.375,0.5,0.25
68025101,"Basel",10482.375,0.375,0.625,0.75,0.5
68025201,"Basel",11862.375,0.125,0.625,0.75,0.5
68025301,"Basel",10335.75,0.625,0.375,0.25,0.5
68025401,"Basel",11174.125,0.25,0.75,0.75,0.75
68025501,"Basel",7583.75,0.375,0.375,0.25,0.5
68025701,"Basel",9554.875,0.375,0.625,0.5,0.75
68025801,"Basel",10465.75,0.75,0.25,0,0.5
68025901,"Basel",11632,0.25,0.5,0.5,0.5
68026001,"Basel",7406,0.25,0.25,0.25,0.25
68026101,"Basel",7446.5,0.5,0.5,0.5,0.5
68026201,"Basel",7246,0.25,0.25,0.25,0.25
68026301,"Basel",18223.375,0.5,0.25,0,0.5
68026401,"Basel",12060.25,0.75,0.5,0.75,0.25
68026501,"Basel",12147.125,0.25,0.5,0.75,0.25
68026601,"Basel",2176.5,0.75,0.5,0.25,0.75
68026801,"Basel",8806.625,0.5,0.5,0.5,0.5
68026901,"Basel",5780,0.5,1,1,1
68027001,"Basel",4953.375,0.375,0.125,0,0.25
68027101,"Basel",7840.125,0.75,0.25,0.25,0.25
68027201,"Basel",12615.25,0.375,0.375,0.25,0.5
68027301,"Basel",8386.625,0.375,0.375,0.25,0.5
68027401,"Basel",13701.5,0.375,0.375,0.25,0.5
68027601,"Basel",11049.25,0.625,0.375,0.5,0.25
68027701,"Basel",7424.25,0.125,0.375,0.5,0.25
68027901,"Basel",36013.125,0.375,0.625,0.75,0.5
68028001,"Basel",7558.5,0.625,0.375,0.25,0.5
68028101,"Basel",5237.375,0.5,0.75,1,0.5
68028201,"Basel",13621.875,0.25,0.75,0.75,0.75
68028301,"Basel",13154.875,0.125,0.375,0.5,0.25
68028701,"Basel",9023.125,0.375,0.625,0.75,0.5
68028901,"Basel",8277.75,0.125,0.375,0.5,0.25
68029001,"Basel",10728.5,0.625,0.375,0.5,0.25
68029101,"Basel",4494.625,0.375,0.375,0.5,0.25
68029201,"Basel",10752.375,0.5,0.75,0.75,0.75
68029401,"Basel",11618.625,0.625,0.625,0.75,0.5
68029501,"Basel",13443.25,0.375,0.375,0.5,0.25
68029601,"Basel",13166,0.25,0.5,0.25,0.75
68029701,"Basel",12348.375,0,0.5,0,1
68029801,"Basel",8131.25,0.125,0.375,0.5,0.25
68029901,"Basel",7166.625,0.5,0.5,0.5,0.5
68030001,"Basel",7612.125,0.125,0.375,0.25,0.5
68030101,"Basel",8239.25,0.25,0.5,0.75,0.25
68030201,"Basel",10545.875,0.25,0.5,0.5,0.5
68030301,"Basel",9117.75,0.25,0.5,0.5,0.5
68030401,"Basel",8989.875,0.25,0.75,0.5,1
68030501,"Basel",6394.5,0.375,0.375,0.5,0.25
68030601,"Basel",8637.75,0.625,0.125,0.25,0
68030701,"Basel",4592.375,0.625,0.375,0.25,0.5
68030801,"Basel",11134.625,0.375,0.625,0.5,0.75
68030901,"Basel",6721.875,0.5,0.5,0.25,0.75
68031001,"Basel",11100.625,0.25,0.75,0.5,1
68031101,"Basel",8563.25,0.375,0.375,0.25,0.5
68031201,"Basel",6681.125,0,0.5,0.5,0.5
68031301,"Basel",12476.25,0.125,0.625,0.75,0.5
68031401,"Basel",26136.625,0.5,0.5,0.25,0.75
68031501,"Basel",5789.75,0.375,0.625,0.25,1
68031601,"Basel",6280.5,0.5,0.25,0.5,0
68031701,"Basel",10592.625,0.5,0.75,0.75,0.75
68031801,"Basel",5970.75,0.5,0.25,0.5,0
68031901,"Basel",14660.625,0.375,0.625,0.75,0.5
68032001,"Basel",6595.375,0.25,0.5,0.5,0.5
68032101,"Basel",13242.875,0.375,0.375,0,0.75
68032201,"Basel",23752.375,1,0.5,0.25,0.75
68032301,"Basel",9627.25,0.5,0.25,0.5,0
68032401,"Basel",10369.375,0.25,0.5,0.25,0.75
68032501,"Basel",24008,0.625,0.375,0.25,0.5
68032601,"Basel",13393.25,0.375,0.375,0.25,0.5
68032701,"Basel",7845.625,0.5,0.25,0.25,0.25
68032801,"Basel",9376.375,0.75,0.5,0.5,0.5
68032901,"Basel",26688.625,0.375,0.625,0.75,0.5
68033001,"Basel",7685.25,0.375,0.375,0.25,0.5
68033101,"Basel",8863.125,0.25,0.5,0.5,0.5
68033201,"Basel",13267.25,0.5,0.5,0.5,0.5
68033301,"Basel",11249.75,0.125,0.375,0.5,0.25
68033401,"Basel",11296.375,0.25,0.5,0.25,0.75
68033501,"Basel",10092.125,0.375,0.125,0.25,0
68033601,"Basel",6752,0.25,0.25,0.5,0
68033701,"Basel",8696.875,0.5,0.25,0.25,0.25
68033801,"Basel",6739.25,0.375,0.375,0.5,0.25
68033901,"Basel",9855.75,0.625,0.375,0.5,0.25
68034001,"Basel",7434.625,0.125,0.375,0.5,0.25
68034101,"Basel",7536,0.125,0.375,0.25,0.5
68034201,"Basel",26833.125,0.5,0.5,0.25,0.75
68034301,"Basel",12554.75,0.375,0.875,1,0.75
68034401,"Basel",8936.375,0.375,0.625,0.25,1
68034801,"Basel",13031.5,0.25,0.75,0.75,0.75
68034901,"Basel",8771.5,0.5,0.5,0.5,0.5
68035001,"Basel",10991.25,0.25,0.25,0.25,0.25
68035101,"Basel",13370.75,0.25,0.75,0.75,0.75
68035301,"Basel",11160.125,0.625,0.625,0.75,0.5
68035501,"Basel",8596.125,0.125,0.375,0.5,0.25
68035601,"Basel",9371.375,0.625,0.625,0.5,0.75
68035701,"Basel",10369,0,0.5,0.75,0.25
68035801,"Basel",10096.625,0.25,0.5,0.75,0.25
68035901,"Basel",7261.125,0.5,0.5,0,1
68036101,"Basel",12292.5,0.5,0.5,0.5,0.5
68036201,"Basel",7391.375,0.5,0.5,0.5,0.5
68036301,"Basel",11221.125,0.375,0.375,0.25,0.5
68036501,"Basel",7555.75,0.25,0.5,0.75,0.25
68036601,"Basel",7899.875,0.5,0.5,0.5,0.5
68036701,"Basel",7610.375,0.375,0.375,0.75,0
68036801,"Basel",10446,0.375,0.375,0.5,0.25
68036901,"Basel",5164.625,0.5,0.5,0.5,0.5
68037001,"Basel",18234.25,0.625,0.125,0,0.25
68037101,"Basel",26300.25,0.375,0.625,0.75,0.5
68037301,"Basel",11570.875,0.5,0.25,0.25,0.25
68037401,"Basel",8086,0.625,0.375,0.5,0.25
68037501,"Basel",9687.875,0.5,0.75,0.75,0.75
68037601,"Basel",7250.875,0.5,0.25,0.25,0.25
68037701,"Basel",6661.625,0.375,0.625,0.75,0.5
68037801,"Basel",7241.25,0.25,0.5,0.5,0.5
68037901,"Basel",29136,0.75,0.5,0.5,0.5
68038001,"Basel",8307.125,0.375,0.625,0.75,0.5
68038101,"Basel",21735,1,0.5,0.5,0.5
68038201,"Basel",13081.5,0.625,0.625,0.25,1
68038301,"Basel",7869,0.125,0.625,0.75,0.5
68038401,"Basel",6068.25,0.375,0.375,0.25,0.5
68038501,"Basel",1921.625,0.5,0.25,0.5,0
68038601,"Basel",13313.875,0.375,0.625,0.5,0.75
68038701,"Basel",7751.75,0.75,0.5,0.5,0.5
68038801,"Basel",6906.375,0.625,0.625,0.75,0.5
68038901,"Basel",9699.125,0.375,0.625,0.5,0.75
68039001,"Basel",22434,0.625,0.375,0.5,0.25
68039101,"Basel",7134.75,0.375,0.625,0.5,0.75
68039201,"Basel",13081.5,0.375,0.625,0.75,0.5
68039301,"Basel",5636.875,0.875,0.375,0.25,0.5
68039401,"Basel",9925.875,0.625,0.125,0.25,0
68039501,"Basel",10209.625,0.125,0.625,0.5,0.75
68039601,"Basel",21098.75,0.5,0.5,0.5,0.5
68039701,"Basel",6175.875,0.25,0.5,0.25,0.75
68039801,"Basel",37358.25,1,0.5,0.5,0.5
68039901,"Basel",7236.5,0.5,0.5,0.75,0.25
68040001,"Basel",17188.875,0.5,0.5,0.75,0.25
68040301,"Basel",12904.25,0.375,0.125,0.25,0
68040501,"Basel",6882.25,0.5,1,1,1
68040601,"Basel",11616.125,0.625,0.375,0.25,0.5
68040701,"Basel",8963.125,0.125,0.625,0.75,0.5
68040801,"Basel",9715.625,0.5,0.5,0.5,0.5
68040901,"Basel",11367.5,0.5,0.75,0.75,0.75
68041001,"Basel",5407.75,0.375,0.625,0.75,0.5
68041301,"Basel",8794.375,0.25,0.5,0.75,0.25
68041501,"Basel",4889.625,0.625,0.625,0.75,0.5
68041601,"Basel",9040,0.375,0.625,0.75,0.5
68041701,"Basel",11070.375,0,0.5,0.5,0.5
68041801,"Basel",9043.75,0.25,0.25,0.25,0.25
68041901,"Basel",11260.125,0.25,0.75,0.5,1
68042001,"Basel",13902.125,0.75,0.25,0.25,0.25
68042101,"Basel",9835.625,0.5,0.25,0.5,0
68042201,"Basel",10352.375,0.5,0.75,0.75,0.75
68042301,"Basel",8706,0.75,0.5,0.5,0.5
68042401,"Basel",8306.375,0.5,0.5,0.25,0.75
68042601,"Basel",18073.25,0.5,0.5,0.75,0.25
68042801,"Basel",7920.75,0,0.5,0.75,0.25
68042901,"Basel",6987.5,0.5,0,0,0
68043001,"Basel",11507.875,0.25,0.5,0.5,0.5
68043101,"Basel",8694.25,0.5,0.5,0.5,0.5
68043201,"Basel",8365.75,0.375,0.625,0.5,0.75
68043401,"Basel",9158.625,0.625,0.375,0.25,0.5
68043601,"Basel",10090.25,0.25,0.25,0,0.5
68043701,"Basel",15390.75,0.5,0.5,0.5,0.5
68043901,"Basel",4638.25,0.125,0.375,0.25,0.5
68044001,"Basel",9613.375,0.375,0.125,0,0.25
68044101,"Basel",5441.625,0.75,0.5,0.5,0.5
68044201,"Basel",14900.25,0.625,0.625,0.5,0.75
68044301,"Basel",10069.125,0.5,0.75,0.75,0.75
68044401,"Basel",8845.125,0.75,0.5,0.5,0.5
68044501,"Basel",6507.875,0.375,0.375,0.5,0.25
68044601,"Basel",6689.875,0.375,0.375,0.25,0.5
68044801,"Basel",13804.25,0.75,0.5,0.25,0.75
68044901,"Basel",19953.75,0.875,0.625,0.75,0.5
68045001,"Basel",12855.25,0.625,0.375,0.5,0.25
68045101,"Basel",13404.125,0.375,0.375,0.75,0
68045201,"Basel",17572.125,0.375,0.625,0.5,0.75
68045301,"Basel",7249.875,0.5,0.5,0.5,0.5
68045401,"Basel",6347.625,0.625,0.375,0.25,0.5
68045501,"Basel",9396.125,0.375,0.625,0.75,0.5
68045701,"Basel",17707.25,0.75,0.5,0.75,0.25
68045801,"Basel",17492.875,0.25,0.75,0.5,1
68045901,"Basel",7833.375,0.375,0.625,0.5,0.75
68046001,"Basel",12762.875,0.375,0.375,0.5,0.25
68046101,"Basel",10175.75,0.25,0.5,0.25,0.75
68046201,"Basel",10922.125,0.5,0.75,0.75,0.75
68046301,"Basel",12046,0.375,0.375,0.5,0.25
68046401,"Basel",11392.625,0.125,0.625,0.5,0.75
68046501,"Basel",11695.875,0,0.5,0.5,0.5
68046601,"Basel",12004.5,0.625,0.125,0,0.25
68046701,"Basel",9462.625,0.5,0.25,0,0.5
68046901,"Basel",7954.5,0.625,0.625,0.5,0.75
68047001,"Basel",10657.5,0.25,0.5,0.5,0.5
68047101,"Basel",6359.125,0.625,0.125,0,0.25
68047201,"Basel",10316.25,0.75,0.5,1,0
68047301,"Basel",12068.625,0.25,0.5,0,1
68047401,"Basel",6161.125,0.125,0.375,0.25,0.5
68047501,"Basel",10892,0.375,0.375,0.5,0.25
68047601,"Basel",7911.125,0.625,0.375,0.25,0.5
68047701,"Basel",7040.5,0.125,0.625,0.75,0.5
68047901,"Basel",9662.5,0.25,0.25,0.25,0.25
68048001,"Basel",7323.625,0.375,0.375,0,0.75
68048101,"Basel",5286.625,0.25,0.75,1,0.5
68048201,"Basel",8536.5,0.25,0.5,0.75,0.25
68048301,"Basel",5789.5,0.125,0.375,0.25,0.5
68048401,"Basel",7281.625,0.25,0.25,0.25,0.25
68048501,"Basel",8233.75,0.5,0.25,0.25,0.25
68048601,"Basel",10098.625,0.75,0.5,0.25,0.75
68048701,"Basel",14699.875,0.375,0.625,0.75,0.5
68048801,"Basel",7768,0.5,0.5,0.5,0.5
68049001,"Basel",8691.125,0.375,0.125,0,0.25
68049101,"Basel",10176.375,0.125,0.625,0.75,0.5
68049201,"Basel",9406.625,0.625,0.375,0,0.75
68049301,"Basel",6796.25,0.375,0.375,0.25,0.5
68049401,"Basel",9500.125,0.5,0.25,0.25,0.25
68049501,"Basel",9847.25,0,0.5,0.5,0.5
68049701,"Basel",8025.75,0.625,0.375,0.5,0.25
68049801,"Basel",10269.625,0.25,0.5,0.75,0.25
68049901,"Basel",7439.625,0.125,0.375,0.25,0.5
68050001,"Basel",16213.375,0.375,0.375,0.75,0
68050101,"Basel",7664.5,0.25,0.75,0.5,1
68050201,"Basel",4496.5,0.75,0.25,0.25,0.25
68050301,"Basel",11105.25,0.375,0.375,0.25,0.5
68050401,"Basel",6868.875,0.5,0.75,0.75,0.75
68050501,"Basel",10591.625,0.5,0.75,0.5,1
68050601,"Basel",10720.875,0.625,0.375,0,0.75
68050701,"Basel",7410.875,0.5,0.25,0.5,0
68050801,"Basel",9047.375,0.5,0.75,0.75,0.75
68050901,"Basel",6079.75,0.25,0.5,0.5,0.5
68051101,"Basel",8590.25,0.625,0.375,0.5,0.25
68051301,"Basel",13177.875,0.25,0.5,0.5,0.5
68051401,"Basel",23352.125,0.75,0.75,0.75,0.75
